,system:index,azimuth,cloud_cover,elev,esd,l_exceltime,landsat_time,pct_lake,pixel_count,surface_temp_count,surface_temp_kurtosis,surface_temp_max,surface_temp_mean,surface_temp_median,surface_temp_min,surface_temp_p25,surface_temp_p75,surface_temp_skew,surface_temp_stdDev,sza,.geo,landsat_time_utc,scene,is_temp_avg,is_temp_stdev,is_depth_avg,is_depth_stdev,is_temp_med,insitu_count,HerrickCoveSouth_median,HerrickCoveSouth_mean,HerrickCoveSouth_std,HerrickCoveSouth_count,Newbury_median,Newbury_mean,Newbury_std,Newbury_count,NorthSunapeeHarbor_median,NorthSunapeeHarbor_mean,NorthSunapeeHarbor_std,NorthSunapeeHarbor_count,SouthOfTheFells_median,SouthOfTheFells_mean,SouthOfTheFells_std,SouthOfTheFells_count,loon_median,loon_mean,loon_std,loon_count,harbor_median,harbor_mean,harbor_std,harbor_count,GeorgesMills_median,GeorgesMills_mean,GeorgesMills_std,GeorgesMills_count,HerrickCove_median,HerrickCove_mean,HerrickCove_std,HerrickCove_count,StateBeach_median,StateBeach_mean,StateBeach_std,StateBeach_count
0,1_2_1_LE07_013030_20060717,131.03422466,8.0,60.56458205,1.0163383,38915.640739375,1153149759882.0,0.8723565394698515,14974,15873,9.923402129625169,35.47153400000003,26.482320263488468,26.193674671204942,24.674008820000036,26.193674671204942,26.691406195010146,2.632414667927684,0.9958482717752704,29.43541795,"{""type"":""MultiPoint"",""coordinates"":[]}",2006-07-17 15:22:39.882000+00:00,LE07_013030_20060717,24.41,,1.5,,24.41,1.0,24.41,24.41,,1.0,,,,,,,,,,,,,,,,,,,,,,,,,,,,,,,,
1,1_1_2_1_LT05_013030_20060725,134.22257343,15.0,59.77714192,1.0157178,38923.64310987268,1153841164693.0,1.0,17165,18205,7.210608346135786,33.926588960000004,24.010419107915748,24.09592731123116,22.56850850000001,23.2900449556952,24.134849462276808,2.1219096324384648,0.9829561571090786,30.22285808,"{""type"":""MultiPoint"",""coordinates"":[]}",2006-07-25 15:26:04.693000+00:00,LT05_013030_20060725,23.89,,1.5,,23.89,1.0,23.89,23.89,,1.0,,,,,,,,,,,,,,,,,,,,,,,,,,,,,,,,
2,1_2_1_LE07_013030_20060802,134.79728016,22.0,57.68323206,1.0148085999999998,38931.640683344915,1154532155041.0,0.8519079522283717,14623,15463,6.085830281261903,36.14146592000003,25.54763164721142,25.306547176484266,22.674467120000035,24.660792694598776,25.951931430091093,1.9139329400637688,1.2872102683800517,32.31676794,"{""type"":""MultiPoint"",""coordinates"":[]}",2006-08-02 15:22:35.041000+00:00,LE07_013030_20060802,26.49,,1.5,,26.49,1.0,26.49,26.49,,1.0,,,,,,,,,,,,,,,,,,,,,,,,,,,,,,,,
3,1_1_2_1_LT05_013030_20060911,149.88598224,3.0,47.44752268,1.0066447,38971.64349789352,1157988398218.0,0.9793183804252841,16810,17780,0.3909164851397367,21.778945880000038,15.712376627662596,15.839453917469342,11.924794220000026,15.15447662147018,16.36728074906245,-0.11990722854838218,0.8846413656014952,42.55247732,"{""type"":""MultiPoint"",""coordinates"":[]}",2006-09-11 15:26:38.218000+00:00,LT05_013030_20060911,18.77,,1.5,,18.77,1.0,18.77,18.77,,1.0,,,,,,,,,,,,,,,,,,,,,,,,,,,,,,,,
16,1_1_2_1_LT05_013030_20070712,131.99929322,15.0,61.91173813,1.0165832000000001,39275.643468784714,1184253995703.0,0.5701718613457617,9787,10386,5.400792730374416,31.855268840000008,21.365699628858508,21.33654740812504,19.00351364000005,20.766493676407407,21.94159282472047,1.503473416733021,1.055723508354602,28.08826187,"{""type"":""MultiPoint"",""coordinates"":[]}",2007-07-12 15:26:35.703000+00:00,LT05_013030_20070712,21.11,0.50616202939375,1.5,0.0,20.965,4.0,21.84,21.84,,1.0,20.67,20.67,,1.0,20.97,20.97,,1.0,20.96,20.96,,1.0,,,,,,,,,,,,,,,,,,,,
17,1_2_1_LE07_013030_20070805,135.72512738,0.0,57.13146774,1.0144331,39299.640967314815,1186327379576.0,0.8543547917273522,14665,15571,16.936674853316646,30.177021019999987,24.60912596099383,24.654618169877505,21.919084699999985,24.311157130387482,24.654618169877505,2.784548364635578,0.4994098135800802,32.86853226,"{""type"":""MultiPoint"",""coordinates"":[]}",2007-08-05 15:22:59.576000+00:00,LE07_013030_20070805,24.880000000000003,0.5266877632905476,1.5,0.0,24.965,4.0,25.07,25.07,,1.0,25.42,25.42,,1.0,24.17,24.17,,1.0,24.86,24.86,,1.0,,,,,,,,,,,,,,,,,,,,
18,1_1_2_1_LT05_013030_20070813,139.75161244,49.0,55.7917812,1.0131619,39307.64324513889,1187018776380.0,0.7962714826682202,13668,14477,8.014292090221879,32.121874400000024,24.00679726320321,24.017133367038483,21.720839540000046,23.394682780073534,24.156288796856717,2.079626801441831,0.8606521005750745,34.2082188,"{""type"":""MultiPoint"",""coordinates"":[]}",2007-08-13 15:26:16.380000+00:00,LT05_013030_20070813,23.752500000000005,0.37739236876227467,1.5,0.0,23.745,4.0,24.21,24.21,,1.0,23.85,23.85,,1.0,23.31,23.31,,1.0,23.64,23.64,,1.0,,,,,,,,,,,,,,,,,,,,
19,1_1_2_1_LT05_013030_20070829,145.20798098,1.0,51.47234426,1.0099129999999998,39323.64311425926,1188401165072.0,1.0,17165,18205,8.815487156445428,32.070604100000025,23.537177505857603,23.21866649182849,22.36342730000001,23.098962963292408,23.803993425628477,2.3876195467781782,0.8838535681219046,38.52765574,"{""type"":""MultiPoint"",""coordinates"":[]}",2007-08-29 15:26:05.072000+00:00,LT05_013030_20070829,22.825000000000003,0.5456545508734346,0.9,0.5163977794943222,23.080000000000005,10.0,22.34,22.34,,1.0,21.83,21.83,,1.0,22.3,22.3,,1.0,22.46,22.46,,1.0,23.21,23.220000000000002,0.14791889669680214,6.0,,,,,,,,,,,,,,,,
20,1_2_1_LE07_013030_20070906,146.59894761,39.0,48.63549834,1.0079926,39331.64080681713,1189092165709.0,0.8115933585785028,13931,14712,4.811851486688785,23.563152320000032,18.85209894031412,18.65493339435401,16.361384180000016,18.65493339435401,19.17793464916068,0.89864309934002,0.5509341348858684,41.36450166,"{""type"":""MultiPoint"",""coordinates"":[]}",2007-09-06 15:22:45.709000+00:00,LE07_013030_20070906,20.607,0.17068814968955695,0.9,0.5163977794943222,20.675,10.0,20.68,20.68,,1.0,20.67,20.67,,1.0,20.16,20.16,,1.0,20.47,20.47,,1.0,20.69,20.68166666666667,0.013291601358250929,6.0,,,,,,,,,,,,,,,,
21,1_1_2_1_LT05_013030_20070914,150.54677068,30.0,46.49819316,1.0059195,39339.64304741898,1189783559297.0,0.999883483833382,17163,18203,11.918920225578265,25.49433362000002,19.333918471645845,19.132593411385084,18.38485202000004,18.989581241467608,19.734869191876804,2.5385681142376955,0.5362255611617656,43.50180684,"{""type"":""MultiPoint"",""coordinates"":[]}",2007-09-14 15:25:59.297000+00:00,LT05_013030_20070914,19.508000000000003,0.19469634476966116,0.9,0.5163977794943222,19.59,10.0,19.71,19.71,,1.0,19.37,19.37,,1.0,19.18,19.18,,1.0,19.18,19.18,,1.0,19.62,19.606666666666666,0.03932768321000832,6.0,,,,,,,,,,,,,,,,
22,1_2_1_LE07_013030_20070922,151.75149340000002,59.0,43.46302614,1.0037313,39347.640747858786,1190474560615.0,0.3864258665889892,6633,6846,-0.3417723238961177,17.742264260000013,8.716658285780486,8.570494938528324,3.5711533400000235,7.1824708314456105,10.061548247771718,0.4507272065321537,2.260495850403452,46.53697386,"{""type"":""MultiPoint"",""coordinates"":[]}",2007-09-22 15:22:40.615000+00:00,LE07_013030_20070922,19.56666666666667,0.08477420991473061,0.5,0.0,19.585,6.0,,,,,,,,,,,,,,,,,19.585,19.56666666666667,0.08477420991472961,6.0,,,,,,,,,,,,,,,,
23,1_2_1_LE07_013030_20071125,161.08497004,37.0,23.81064777,0.9871101000000001,39411.64103902778,1196004185772.0,0.8711913778036703,14954,15836,7.492208362479878,6.223536860000024,4.184112855871545,4.450320001877472,-1.1867304999999533,4.083082819570824,4.450320001877472,-1.9261730628804816,0.6079020327070065,66.18935223,"{""type"":""MultiPoint"",""coordinates"":[]}",2007-11-25 15:23:05.772000+00:00,LE07_013030_20071125,5.8,0.024494897427831626,0.5,0.0,5.81,6.0,,,,,,,,,,,,,,,,,5.81,5.8,0.02449489742783205,6.0,,,,,,,,,,,,,,,,
24,1_1_2_1_LT05_013030_20080511,137.91458057,0.0,59.17399627,1.0101572,39579.639940277775,1210519290840.0,1.0,17165,18205,5.45012782662174,23.631512720000053,11.290967234059956,10.80346661140701,9.005805140000009,10.253542754645345,11.738954842685555,2.1282378449088517,1.7436398685760497,30.82600373,"{""type"":""MultiPoint"",""coordinates"":[]}",2008-05-11 15:21:30.840000+00:00,LT05_013030_20080511,10.456666666666667,0.3565202191554734,0.5,0.0,10.475,6.0,,,,,,,,,,,,,,,,,10.475,10.456666666666667,0.3565202191554736,6.0,,,,,,,,,,,,,,,,
25,1_1_2_1_LT05_013030_20080612,130.20899042,1.0,62.82824199,1.015551,39611.6393478125,1213284039651.0,1.0,17165,18205,0.6884962938357262,28.515863299999975,20.526426290993246,20.321200374229964,16.757874500000018,19.799751051935274,21.44725080833195,0.04202385218383412,1.3117107142891873,27.17175801,"{""type"":""MultiPoint"",""coordinates"":[]}",2008-06-12 15:20:39.651000+00:00,LT05_013030_20080612,20.23,0.03847076812334242,0.5,0.0,20.225,6.0,,,,,,,,,,,,,,,,,20.225,20.23,0.038470768123341714,6.0,,,,,,,,,,,,,,,,
26,1_2_1_LE07_013030_20080706,129.5362263,27.0,61.85412354,1.0166966999999998,39635.640555590275,1215357744003.0,0.8210894261578794,14094,14919,8.507733366564361,33.22247684000001,25.103243213239764,25.172706279224997,21.888322520000035,24.737248186326948,25.58391056315528,2.064790388616589,1.0283249925919018,28.14587646,"{""type"":""MultiPoint"",""coordinates"":[]}",2008-07-06 15:22:24.003000+00:00,LE07_013030_20080706,22.767000000000003,0.573605555528652,0.9,0.5163977794943222,22.89,10.0,22.84,22.84,,1.0,21.66,21.66,,1.0,22.47,22.47,,1.0,21.96,21.96,,1.0,23.165,23.123333333333335,0.21407163909931365,6.0,,,,,,,,,,,,,,,,
27,1_2_1_LE07_013030_20080807,136.24668969,64.0,56.40158459,1.0140263,39667.640350092595,1218122526248.0,0.5226332653655694,8971,9372,6.1782595439757415,29.86939921999999,22.10669773728169,22.362687102373442,18.107992400000054,21.931178445607976,22.403921297450232,0.6751079959040113,0.8174030211863469,33.59841541,"{""type"":""MultiPoint"",""coordinates"":[]}",2008-08-07 15:22:06.248000+00:00,LE07_013030_20080807,22.124000000000002,0.682710285064854,0.9,0.5163977794943222,22.33,10.0,22.17,22.17,,1.0,20.5,20.5,,1.0,21.97,21.97,,1.0,21.46,21.46,,1.0,22.58,22.523333333333337,0.16366632722300156,6.0,,,,,,,,,,,,,,,,
28,1_1_2_1_LT05_013030_20080815,137.85106299,70.0,54.17313488,1.0126687,39675.63805591435,1218813528031.0,0.27334692688610546,4692,5002,0.19816874441485988,24.253592360000034,18.393919333683808,18.365213590189388,14.936069840000016,17.692877674372614,19.01703471746494,0.03765191947965466,1.2053287135988406,35.82686512,"{""type"":""MultiPoint"",""coordinates"":[]}",2008-08-15 15:18:48.031000+00:00,LT05_013030_20080815,21.787000000000003,0.28806056461946966,0.9,0.5163977794943222,21.835,10.0,21.84,21.84,,1.0,21.83,21.83,,1.0,21.130000000000006,21.130000000000006,,1.0,21.46,21.46,,1.0,21.924999999999997,21.935000000000002,0.12012493496356166,6.0,,,,,,,,,,,,,,,,
29,1_2_1_LE07_013030_20080823,141.63443424,6.0,52.39040003,1.0110754000000002,39683.6402728125,1219504919571.0,0.8667055053888727,14877,15742,11.757669498220125,32.53887284000001,22.85433687283314,22.685748262086488,21.44397992000006,22.27553205483015,23.095446103948838,2.8071616150464043,0.8590580884989828,37.60959997,"{""type"":""MultiPoint"",""coordinates"":[]}",2008-08-23 15:21:59.571000+00:00,LE07_013030_20080823,21.951000000000004,0.39198781160189783,0.9,0.5163977794943222,22.120000000000005,10.0,22.17,22.17,,1.0,20.99,20.99,,1.0,21.630000000000006,21.630000000000006,,1.0,21.79,21.79,,1.0,22.160000000000004,22.155000000000005,0.08093207028119159,6.0,,,,,,,,,,,,,,,,
30,1_1_2_1_LT05_013030_20080831,143.34253844,6.0,49.79288004,1.0092744,39691.637762407416,1220195902672.0,0.7431401106903582,12756,13492,14.536175254388029,29.756604560000035,21.493456848640808,21.434770657907656,18.873628880000005,21.295748439002224,21.89371774612369,2.4060309738640075,0.7120615843719235,40.20711996,"{""type"":""MultiPoint"",""coordinates"":[]}",2008-08-31 15:18:22.672000+00:00,LT05_013030_20080831,21.048000000000005,0.323412361476112,0.9,0.5163977794943222,20.955,10.0,21.84,21.84,,1.0,21.33,21.33,,1.0,20.64,20.64,,1.0,20.96,20.96,,1.0,20.945,20.951666666666668,0.030605010483034552,6.0,,,,,,,,,,,,,,,,
31,1_2_1_LE07_013030_20080908,147.18656929,12.0,47.67072441,1.0072976999999999,39699.640181944436,1220887311720.0,0.5528692106029711,9490,10099,10.97954552778745,26.362510700000033,20.604283076738614,20.706043631940133,17.619215540000027,20.325148103417522,20.706043631940133,1.4821980698843134,0.5375325420905186,42.32927559,"{""type"":""MultiPoint"",""coordinates"":[]}",2008-09-08 15:21:51.720000+00:00,LE07_013030_20080908,21.107000000000006,0.11662380164919704,0.9,0.5163977794943222,21.130000000000006,10.0,21.34,21.34,,1.0,20.99,20.99,,1.0,20.97,20.97,,1.0,20.96,20.96,,1.0,21.135000000000005,21.135,0.043243496620880194,6.0,,,,,,,,,,,,,,,,
32,1_2_1_LE07_013030_20080924,152.21640997,0.0,42.43980495,1.0029624,39715.6400765625,1222269702615.0,0.7698223128459074,13214,14001,16.813524526667358,24.879090020000035,18.53477511642665,18.529645041670424,16.43316260000006,18.12888427569536,18.529645041670424,2.7910281196396203,0.5227038121703527,47.56019505,"{""type"":""MultiPoint"",""coordinates"":[]}",2008-09-24 15:21:42.615000+00:00,LE07_013030_20080924,18.315,0.11726039399558627,0.5,0.0,18.31,6.0,,,,,,,,,,,,,,,,,18.31,18.315,0.11726039399558694,6.0,,,,,,,,,,,,,,,,
33,1_2_1_LE07_013030_20081010,156.32908491,0.0,36.99332606,0.9983859,39731.63992068287,1223652089147.0,0.8756189921351587,15030,15954,19.36139558413254,20.199820639999984,14.907248154524538,14.687735477232364,13.972188200000005,14.687735477232364,15.037030437518403,3.4606054003132414,0.4954111036225313,53.00667394,"{""type"":""MultiPoint"",""coordinates"":[]}",2008-10-10 15:21:29.147000+00:00,LE07_013030_20081010,14.556666666666665,0.02804757862395025,0.5,0.0,14.55,6.0,,,,,,,,,,,,,,,,,14.55,14.556666666666665,0.028047578623950045,6.0,,,,,,,,,,,,,,,,
34,1_1_2_1_LT05_013030_20081018,156.56749226,9.0,33.98145804,0.9961141,39739.63672819444,1224343013316.0,0.935100495193708,16051,16941,1.4917721101727386,15.253945700000033,11.356521098729539,11.842091811522026,4.4700926000000445,10.783934942644658,12.367595293114311,-1.3989994720764984,1.6199507984726398,56.01854196,"{""type"":""MultiPoint"",""coordinates"":[]}",2008-10-18 15:16:53.316000+00:00,LT05_013030_20081018,13.875,0.058566201857384974,0.5,0.0,13.879999999999999,6.0,,,,,,,,,,,,,,,,,13.879999999999999,13.875,0.058566201857384814,6.0,,,,,,,,,,,,,,,,
35,1_2_1_LE07_013030_20081026,159.20371333,3.0,31.67713164,0.9939111999999999,39747.64011207176,1225034505683.0,0.8683949898048354,14906,15787,20.4438256082947,16.81256282000004,11.951402124249332,11.906176365074485,10.461881660000016,11.906176365074485,11.906176365074485,3.4359284485564547,0.4429620291674045,58.32286836,"{""type"":""MultiPoint"",""coordinates"":[]}",2008-10-26 15:21:45.683000+00:00,LE07_013030_20081026,11.878333333333332,0.02483277404291918,0.5,0.0,11.88,6.0,,,,,,,,,,,,,,,,,11.88,11.878333333333332,0.024832774042919337,6.0,,,,,,,,,,,,,,,,
36,1_2_1_LE07_013030_20081127,160.83076556,60.0,23.21967927,0.9866176999999999,39779.64042063657,1227799332343.0,0.7930090300029129,13612,14387,5.1935738577850925,6.972083240000018,3.580661845486836,3.8206808602972457,-1.576384780000012,3.4475558784507436,3.8206808602972457,-1.5365330464997369,0.7013185482403311,66.78032073,"{""type"":""MultiPoint"",""coordinates"":[]}",2008-11-27 15:22:12.343000+00:00,LE07_013030_20081127,4.705,0.025884358211089774,0.5,0.0,4.7,6.0,,,,,,,,,,,,,,,,,4.7,4.705,0.025884358211089573,6.0,,,,,,,,,,,,,,,,
37,1_2_1_LE07_013030_20090522,135.96067735,7.0,61.41612282,1.0123974,39955.641206527784,1243005800244.0,0.8418875618992135,14451,15348,3.9747581994929577,26.57784595999999,13.22994925444149,12.921904207941491,8.664003139999977,12.189461770152512,13.762829577782831,1.6524630350659244,2.0523729929552763,28.58387718,"{""type"":""MultiPoint"",""coordinates"":[]}",2009-05-22 15:23:20.244000+00:00,LE07_013030_20090522,14.048749999999998,1.1640377693921395,1.5,0.0,14.094999999999999,8.0,15.54,15.54,0.0,2.0,14.11,14.11,0.0,2.0,12.465,12.465,0.10606601717798111,2.0,14.08,14.08,0.0,2.0,,,,,,,,,,,,,,,,,,,,
38,1_1_2_1_LT05_013030_20090530,133.12551622,50.0,62.15374484,1.0137994000000001,39963.63953357639,1243696855701.0,0.5652781823478008,9703,10302,5.074692715793653,26.77267310000002,16.16633069718435,15.945877861919096,14.63528408000002,15.295149867049892,16.59172318213078,2.092737164515853,1.4930867395223204,27.84625516,"{""type"":""MultiPoint"",""coordinates"":[]}",2009-05-30 15:20:55.701000+00:00,LT05_013030_20090530,13.62125,0.8413329135535891,1.5,0.0,13.8,8.0,14.28,14.28,0.0,2.0,12.485,12.485,0.33234018715767843,2.0,14.4,14.4,0.0,2.0,13.32,13.32,0.0,2.0,,,,,,,,,,,,,,,,,,,,
39,1_1_2_1_LT05_013030_20090818,140.14211902,0.0,53.92915572,1.0121479,40043.64045777779,1250608935552.0,1.0,17165,18205,8.26429712988198,36.514030100000014,25.68310248856796,25.20197216123325,24.335624840000037,25.075271056024636,25.92166024413447,2.4780139136804045,1.0881088893386364,36.07084428,"{""type"":""MultiPoint"",""coordinates"":[]}",2009-08-18 15:22:15.552000+00:00,LT05_013030_20090818,25.10571428571429,0.35197714711030886,1.2857142857142858,0.2567762955065478,25.24,14.0,25.24,25.24,0.0,2.0,25.24,25.24,0.0,2.0,24.34,24.34,0.0,2.0,24.945,24.945,0.12020815280171429,2.0,25.31,25.325,0.04722287581246964,6.0,,,,,,,,,,,,,,,,
40,1_1_2_1_LT05_013030_20090903,145.83840504,53.0,49.46065009,1.0086150999999999,40059.640626388886,1251991350120.0,0.3612583745994757,6201,6335,-0.450771571312075,23.74430738000001,12.513632032868022,12.081384524719144,7.1429842400000325,10.692646015898694,14.270611907008181,0.4855427638008786,2.4570790733425887,40.53934991,"{""type"":""MultiPoint"",""coordinates"":[]}",2009-09-03 15:22:30.120000+00:00,LT05_013030_20090903,20.95785714285714,0.30153909228460607,1.2857142857142858,0.2567762955065478,21.005000000000003,14.0,21.255000000000003,21.255000000000003,0.12020815280171303,2.0,21.244999999999997,21.244999999999997,0.12020815280171303,2.0,20.4,20.4,0.11313708498984897,2.0,20.79,20.79,0.0,2.0,21.005000000000003,21.005000000000003,0.14611639196202347,6.0,,,,,,,,,,,,,,,,
41,1_1_2_1_LT05_013030_20090919,151.19207559,14.0,44.38442029,1.0044302,40075.64077412037,1253373762884.0,0.575356830760268,9876,10421,2.2169504564574907,18.931735220000007,16.273203932477966,16.696164610773945,11.364238940000007,15.797825434930425,16.838836933547732,-1.4426430558880248,0.9693361145526912,45.61557971,"{""type"":""MultiPoint"",""coordinates"":[]}",2009-09-19 15:22:42.884000+00:00,LT05_013030_20090919,17.824285714285715,0.06072818199083624,1.2857142857142858,0.2567762955065478,17.830000000000005,14.0,17.85,17.85,0.11313708498984897,2.0,17.75,17.75,0.0,2.0,17.89,17.89,0.0,2.0,17.799999999999997,17.799999999999997,0.11313708498984897,2.0,17.830000000000005,17.826666666666668,0.0051639777949452105,6.0,,,,,,,,,,,,,,,,
42,1_1_2_1_LT05_013030_20091005,155.65796847,66.0,38.96546805,0.9998961,40091.64090368056,1254756174078.0,0.2744538304689776,4711,5166,2.009489975358681,18.463466480000022,14.315860470624493,14.428227810939553,10.605438499999991,13.824109905791314,15.029744272570175,-0.22032134783473492,0.8471370972771419,51.03453195,"{""type"":""MultiPoint"",""coordinates"":[]}",2009-10-05 15:22:54.078000+00:00,LT05_013030_20091005,15.210000000000003,1.9459014222361975e-15,1.0,0.0,15.21,6.0,,,,,,,,,,,,,,,,,15.21,15.210000000000003,0.0,6.0,,,,,,,,,,,,,,,,
43,1_1_2_1_LT05_013030_20091021,158.89959364,36.0,33.53601388,0.9953496,40107.641013263885,1256138583546.0,0.7321875910282551,12568,13412,6.862915412958768,16.751038460000018,10.983133105619562,10.854353663636902,9.552688340000033,10.727706217648947,11.491620271140173,2.091899931297723,0.8274179425852362,56.46398612,"{""type"":""MultiPoint"",""coordinates"":[]}",2009-10-21 15:23:03.546000+00:00,LT05_013030_20091021,11.04,0.030983866769659592,1.0,0.0,11.02,6.0,,,,,,,,,,,,,,,,,11.02,11.04,0.030983866769659568,6.0,,,,,,,,,,,,,,,,
44,1_1_2_1_LT05_013030_20091122,161.29596051,27.0,24.42046622,0.9875894000000001,40139.641176620375,1258903397660.0,0.9999417419166908,17164,18203,8.70199167954713,11.138649620000024,7.539101692688264,7.717211579628307,6.1791026000000215,7.303632095479924,7.860712825598055,1.890894460825829,0.4360398245050281,65.57953377999999,"{""type"":""MultiPoint"",""coordinates"":[]}",2009-11-22 15:23:17.660000+00:00,LT05_013030_20091122,8.083333333333332,0.03669695718539419,1.0,0.0,8.09,6.0,,,,,,,,,,,,,,,,,8.09,8.083333333333332,0.03669695718539381,6.0,,,,,,,,,,,,,,,,
47,1_2_1_LE07_013030_20100525,136.0581855,9.0,62.05745666,1.0129046,40323.642369918976,1274801100761.0,0.6983979027090009,11988,12811,3.867331941700188,28.727780540000023,18.16623129793551,17.92984744261395,14.037130580000053,17.467074796885708,18.84393347719854,1.4946610744098916,1.7700313244887742,27.94254334,"{""type"":""MultiPoint"",""coordinates"":[]}",2010-05-25 15:25:00.761000+00:00,LE07_013030_20100525,19.861666666666665,0.11940128419186512,1.0,0.0,19.86,6.0,,,,,,,,,,,,,,,,,19.86,19.861666666666665,0.11940128419186458,6.0,,,,,,,,,,,,,,,,
48,1_1_2_1_LT05_013030_20100602,133.53642009,4.0,62.74109899,1.0142216,40331.64138135417,1275492215349.0,0.9031750655403438,15503,16418,5.1587149268936265,32.38506194000001,21.72837575610961,21.665984124197323,19.12656235999998,21.005691849345737,22.46003306570575,1.703945413928598,1.3018718729435168,27.25890101,"{""type"":""MultiPoint"",""coordinates"":[]}",2010-06-02 15:23:35.349000+00:00,LT05_013030_20100602,19.29,0.41432676315520084,1.2,0.25819888974716115,19.35,10.0,19.38,19.38,,1.0,20.02,20.02,,1.0,18.37,18.37,,1.0,19.5,19.5,,1.0,19.275,19.27166666666667,0.14932068398807188,6.0,,,,,,,,,,,,,,,,
49,1_1_2_1_LT05_013030_20100618,130.6832996,5.0,63.26365956,1.0160488,40347.64133243056,1276874611122.0,0.9868919312554616,16940,17939,1.1310742555013302,29.209721360000003,17.31350910061611,17.44432186264871,10.424283440000009,16.225676520736307,18.67387715447145,0.3492559105215299,2.4866576669000007,26.73634044,"{""type"":""MultiPoint"",""coordinates"":[]}",2010-06-18 15:23:31.122000+00:00,LT05_013030_20100618,17.794,0.3374479383714041,1.2,0.25819888974716115,17.834999999999997,10.0,17.77,17.77,,1.0,17.43,17.43,,1.0,17.24,17.24,,1.0,17.41,17.41,,1.0,18.019999999999996,18.014999999999997,0.16991174179555965,6.0,,,,,,,,,,,,,,,,
50,1_1_2_1_LT05_013030_20100704,130.07694463,40.0,62.35034344,1.0167037,40363.641277835646,1278257006405.0,0.36929799009612585,6339,6789,4.891545468618356,31.756146260000037,21.814199514777584,21.603161711913557,18.719817980000016,20.923614782951574,22.294885316102878,1.750363641265502,1.521694624123272,27.64965656,"{""type"":""MultiPoint"",""coordinates"":[]}",2010-07-04 15:23:26.405000+00:00,LT05_013030_20100704,21.644,0.48403856595661215,1.2,0.25819888974716115,21.825000000000003,10.0,22.17,22.17,,1.0,21.49,21.49,,1.0,20.64,20.64,,1.0,20.96,20.96,,1.0,21.84,21.863333333333333,0.09352361555600207,6.0,,,,,,,,,,,,,,,,
51,1_2_1_LE07_013030_20100712,131.44896681,25.0,61.67453959,1.0165742,40371.64243960648,1278948306782.0,0.3340518496941451,5734,6000,1.9219729530768401,32.82598652000001,25.48014298356812,25.52115576018236,18.40877816,25.084850417762205,26.391018614989477,-0.5214739964922539,1.4668554917513204,28.32546041,"{""type"":""MultiPoint"",""coordinates"":[]}",2010-07-12 15:25:06.782000+00:00,LE07_013030_20100712,24.842,0.5472517194531641,1.2,0.25819888974716115,25.06,10.0,25.24,25.24,,1.0,23.68,23.68,,1.0,25.04,25.04,,1.0,23.98,23.98,,1.0,25.1,25.08,0.11366617790706597,6.0,,,,,,,,,,,,,,,,
52,1_2_1_LE07_013030_20100728,134.59711296,24.0,59.07965381,1.0154126,40387.64244278935,1280330707057.0,0.5607923099330032,9626,10095,1.3612323103824515,31.24686128000002,22.025550692017912,22.320263543737454,15.592329680000036,21.08823305059223,23.13511779800283,-0.3876132649839816,1.9517493236765984,30.92034619,"{""type"":""MultiPoint"",""coordinates"":[]}",2010-07-28 15:25:07.057000+00:00,LE07_013030_20100728,23.032,0.3446995471099107,1.2,0.25819888974716115,22.884999999999998,10.0,23.68,23.68,,1.0,23.51,23.51,,1.0,22.630000000000006,22.630000000000006,,1.0,23.3,23.3,,1.0,22.855,22.866666666666664,0.06860515043833676,6.0,,,,,,,,,,,,,,,,
53,1_2_1_LE07_013030_20100829,144.92147483,0.0,51.2765677,1.0098616,40419.64247421297,1283095509772.0,0.8622778910573842,14801,15693,11.290328690499633,32.364553820000026,21.85767746149315,21.76680096822084,20.527950560000026,21.356301729898775,22.17324398146419,2.965920243501523,1.1455880005801915,38.7234323,"{""type"":""MultiPoint"",""coordinates"":[]}",2010-08-29 15:25:09.772000+00:00,LE07_013030_20100829,20.823,0.22296237849068232,1.2,0.25819888974716115,20.784999999999997,10.0,21.34,21.34,,1.0,20.99,20.99,,1.0,20.48,20.48,,1.0,20.79,20.79,,1.0,20.769999999999996,20.771666666666665,0.05946988033170034,6.0,,,,,,,,,,,,,,,,
54,1_1_2_1_LT05_013030_20100906,146.95940977,28.0,48.65947916,1.0079366,40427.641073067134,1283786588713.0,0.8178852315758811,14039,14795,3.5182981393684933,25.962602360000005,20.566879616919575,20.730026952126227,16.593809540000052,20.167798771607977,21.143257864810728,-0.715290923137106,0.8757217404968616,41.34052084,"{""type"":""MultiPoint"",""coordinates"":[]}",2010-09-06 15:23:08.713000+00:00,LT05_013030_20100906,20.098,0.9527830579704692,1.2,0.25819888974716115,19.444999999999997,10.0,21.34,21.34,,1.0,21.66,21.66,,1.0,20.48,20.48,,1.0,21.130000000000006,21.130000000000006,,1.0,19.4,19.395,0.04806245936279102,6.0,,,,,,,,,,,,,,,,
55,1_2_1_LE07_013030_20100914,150.31899714,61.0,46.316655299999994,1.00586,40435.642488240745,1284477910984.0,0.4676376347218176,8027,8465,3.7125119707470398,22.042133420000027,17.824920901448966,18.33135326305984,10.578094340000009,17.937670819885764,18.724155091691173,-2.0174387463542303,1.4022584869691876,43.683344700000006,"{""type"":""MultiPoint"",""coordinates"":[]}",2010-09-14 15:25:10.984000+00:00,LE07_013030_20100914,18.005,0.6839793694094722,1.2,0.25819888974716115,17.509999999999998,10.0,19.06,19.06,,1.0,18.72,18.72,,1.0,18.69,18.69,,1.0,18.69,18.69,,1.0,17.485,17.481666666666666,0.029944392908635646,6.0,,,,,,,,,,,,,,,,
56,1_1_2_1_LT05_013030_20100922,152.07256796,62.0,43.47270131,1.0036693,40443.64100855324,1285168983139.0,0.8707835712205069,14947,15828,4.389561524903983,26.365928720000053,17.733952389864918,17.722077878781707,15.937549699999973,16.94655314930621,17.818101489171074,1.5899604099564408,1.1017838984462325,46.52729869,"{""type"":""MultiPoint"",""coordinates"":[]}",2010-09-22 15:23:03.139000+00:00,LT05_013030_20100922,17.194000000000003,0.19044976007102685,1.2,0.25819888974716115,17.15,10.0,17.610000000000007,17.610000000000007,,1.0,17.110000000000007,17.110000000000007,,1.0,17.41,17.41,,1.0,17.24,17.24,,1.0,17.11,17.095,0.08803408430829672,6.0,,,,,,,,,,,,,,,,
57,1_1_2_1_LT05_013030_20101008,156.24245596,3.0,37.99198895,0.9991087,40459.640914398144,1286551375004.0,1.0,17165,18205,16.165432063554498,20.28527114000002,15.169469607017485,15.167504212032831,14.430202880000026,15.030686556955098,15.167504212032831,3.0822091534783214,0.47742194691590206,52.00801105,"{""type"":""MultiPoint"",""coordinates"":[]}",2010-10-08 15:22:55.004000+00:00,LT05_013030_20101008,14.136666666666668,0.07118052168020858,1.0,0.0,14.120000000000001,6.0,,,,,,,,,,,,,,,,,14.120000000000001,14.136666666666668,0.07118052168020825,6.0,,,,,,,,,,,,,,,,
59,1_2_1_LE07_013030_20110512,139.95139381,25.0,59.86502579,1.0102063000000001,40675.64338726852,1305213988660.0,0.8136906495776289,13967,14787,6.629453196668409,23.46402974,11.533451419050705,11.428217440321117,8.294856980000018,10.658513538802637,12.190854216229914,2.053709393087007,1.6261317025367776,30.134974210000006,"{""type"":""MultiPoint"",""coordinates"":[]}",2011-05-12 15:26:28.660000+00:00,LE07_013030_20110512,9.549999999999999,0.1126942766958461,0.8333333333333334,0.5773502691896258,9.61,3.0,,,,,,,,,,,,,,,,,9.61,9.549999999999999,0.11269427669584556,3.0,,,,,,,,,,,,,,,,
60,1_1_2_1_LT05_013030_20110621,129.85707336,3.0,63.01580496,1.0162461,40715.64040829861,1308669731277.0,1.0,17165,18205,5.334778604458213,30.669215900000037,21.31128327633194,21.069873497155736,19.707625760000038,20.3195853211377,21.675556862048275,1.9462371664103877,1.2598152674716203,26.984195040000003,"{""type"":""MultiPoint"",""coordinates"":[]}",2011-06-21 15:22:11.277000+00:00,LT05_013030_20110621,19.98,0.22130295976330785,0.8111111111111112,0.4675586713035179,19.959999999999994,9.0,,,,,20.51,20.51,,1.0,20.0,20.0,,1.0,19.67,19.67,,1.0,19.959999999999994,19.939999999999994,0.03098386676965678,6.0,,,,,,,,,,,,,,,,
61,1_2_1_LE07_013030_20110629,131.19822630000002,49.0,63.20412934,1.0166218,40723.64334327546,1309361184859.0,0.8080978735799592,13871,14699,7.1028783636263215,32.10136627999998,22.28148737551588,22.11254187318538,20.363885600000003,21.67867518389184,22.563206956934234,2.1654137216022016,1.1185588045539343,26.79587066,"{""type"":""MultiPoint"",""coordinates"":[]}",2011-06-29 15:26:24.859000+00:00,LE07_013030_20110629,20.508888888888887,0.7899437392062237,0.8111111111111112,0.4675586713035179,20.97,9.0,,,,,18.89,18.89,,1.0,19.51,19.51,,1.0,20.31,20.31,,1.0,20.97,20.978333333333335,0.0483390801181277,6.0,,,,,,,,,,,,,,,,
62,1_1_2_1_LT05_013030_20110707,129.69343806,16.0,61.86865653,1.0166933,40731.640338506935,1310052125247.0,0.2900087387124964,4978,5468,2.0579002870261105,28.447502900000014,22.274128413561492,21.93866317417956,20.063099840000007,21.794685654623603,22.553499240993446,1.1179352909639104,0.9532363052578706,28.13134347,"{""type"":""MultiPoint"",""coordinates"":[]}",2011-07-07 15:22:05.247000+00:00,LT05_013030_20110707,23.086666666666662,0.48314076623692204,0.8111111111111112,0.4675586713035179,23.04,9.0,,,,,24.2,24.2,,1.0,22.31,22.31,,1.0,22.97,22.97,,1.0,23.04,23.049999999999997,0.02449489742783242,6.0,,,,,,,,,,,,,,,,
63,1_2_1_LE07_013030_20110715,132.33631963,16.0,61.46996744,1.0164594,40739.643343530086,1310743584881.0,0.8663559568890183,14871,15763,4.651313589011744,35.006683280000054,25.01962620190937,24.64291897861966,23.42984954000002,24.22924552913634,25.811979443616128,1.4913302050900739,1.1017892638798148,28.53003256,"{""type"":""MultiPoint"",""coordinates"":[]}",2011-07-15 15:26:24.881000+00:00,LE07_013030_20110715,23.42,0.3962322551231781,0.8111111111111112,0.4675586713035179,23.23,9.0,,,,,24.38,24.38,,1.0,23.49,23.49,,1.0,23.65,23.65,,1.0,23.200000000000003,23.209999999999997,0.048989794855661954,6.0,,,,,,,,,,,,,,,,
64,1_2_1_LE07_013030_20110731,135.8011344,12.0,58.69336407,1.0150966000000001,40755.64330479167,1312125981534.0,0.8863967375473347,15215,16122,17.390662808979368,32.774716220000016,24.146783928175417,23.90254100412343,22.79067980000002,23.90254100412343,24.277798689403497,3.4592813304068684,0.7606009865415192,31.30663593,"{""type"":""MultiPoint"",""coordinates"":[]}",2011-07-31 15:26:21.534000+00:00,LE07_013030_20110731,24.055555555555554,0.11303883305208802,0.8111111111111112,0.4675586713035179,24.04,9.0,,,,,24.2,24.2,,1.0,24.18,24.18,,1.0,23.82,23.82,,1.0,24.04,24.049999999999997,0.0451663591625463,6.0,,,,,,,,,,,,,,,,
65,1_1_2_1_LT05_013030_20110824,141.81414762,62.0,52.36918784,1.0110274,40779.640041238425,1314199299563.0,0.997902709000874,17129,18164,1.2564628416746393,20.72277770000005,12.808728351580806,12.69412878171561,5.864644760000032,11.824495902298631,13.830669221614695,0.277158154106516,1.504620428835978,37.63081216,"{""type"":""MultiPoint"",""coordinates"":[]}",2011-08-24 15:21:39.563000+00:00,LT05_013030_20110824,22.34222222222222,0.052625511346157,0.8111111111111112,0.4675586713035179,22.34,9.0,,,,,22.33,22.33,,1.0,22.47,22.47,,1.0,22.3,22.3,,1.0,22.34,22.33,0.024494897427835623,6.0,,,,,,,,,,,,,,,,
66,1_2_1_LE07_013030_20110901,146.28126128,42.0,50.57603209,1.0092212,40787.64322989583,1314890775063.0,0.8484124672298281,14563,15420,8.202999992988564,29.831801000000038,21.56504484152185,21.425207223584078,19.020603740000013,21.425207223584078,21.898958404125803,1.231435750034041,0.7238860942969773,39.42396791,"{""type"":""MultiPoint"",""coordinates"":[]}",2011-09-01 15:26:15.063000+00:00,LE07_013030_20110901,21.517777777777777,0.24938814014392208,0.8111111111111112,0.4675586713035179,21.53,9.0,,,,,21.0,21.0,,1.0,21.97,21.97,,1.0,21.630000000000006,21.630000000000006,,1.0,21.5,21.51,0.04898979485566461,6.0,,,,,,,,,,,,,,,,
67,1_1_2_1_LT05_013030_20111011,156.3268844,1.0,36.93492219,0.9983226999999999,40827.6395409838,1318346456341.0,1.0,17165,18205,18.503743976113444,21.372201500000017,15.850596492307146,15.86606163292069,15.185585300000017,15.715878870136587,15.86606163292069,3.34595748706008,0.4593434736914594,53.06507781,"{""type"":""MultiPoint"",""coordinates"":[]}",2011-10-11 15:20:56.341000+00:00,LT05_013030_20111011,16.54,0.024494897427832712,0.5,0.0,16.55,6.0,,,,,,,,,,,,,,,,,16.55,16.54,0.02449489742783255,6.0,,,,,,,,,,,,,,,,
68,1_2_1_LE07_013030_20111104,161.45083653,16.0,29.45775357,0.9917652,40851.64327414352,1320420378886.0,0.8150888435770464,13991,14823,15.342205825788836,11.935048280000045,9.198237566614091,9.26700687685118,1.2674078600000485,8.913250028079329,9.6086438372082,-2.5595758002205,0.6130241637887003,60.54224643,"{""type"":""MultiPoint"",""coordinates"":[]}",2011-11-04 15:26:18.886000+00:00,LE07_013030_20111104,10.270000000000001,0.01788854381999853,1.5,0.0,10.265,6.0,,,,,,,,,,,,,,,,,,,,,10.265,10.270000000000001,0.01788854381999869,6.0,,,,,,,,,,,,
69,1_1_2_1_LT05_013030_20111112,160.39132198,32.0,26.82625862,0.9898324000000001,40859.63919135417,1321111226133.0,0.9931255461695309,17047,18057,5.212036315170957,9.94917866000003,8.103777363339107,8.145231604830158,3.878775140000016,8.005168333294888,8.569118473516111,-1.6728136001204077,0.5714356923912488,63.17374138,"{""type"":""MultiPoint"",""coordinates"":[]}",2011-11-12 15:20:26.133000+00:00,LT05_013030_20111112,9.473333333333334,0.005163977794943112,1.5,0.0,9.47,6.0,,,,,,,,,,,,,,,,,,,,,9.47,9.473333333333334,0.00516397779494325,6.0,,,,,,,,,,,,
70,1_2_1_LE07_013030_20120615,132.62309677,0.0,63.82087721,1.0158358,41075.6439702662,1339774039031.0,0.8725895718030877,14978,15904,9.360721474242027,29.83521902000001,20.33340831092847,20.29113568674595,18.839448680000032,19.926723730560767,20.65021014967413,2.6053766979002453,1.045045008914267,26.17912279,"{""type"":""MultiPoint"",""coordinates"":[]}",2012-06-15 15:27:19.031000+00:00,LE07_013030_20120615,19.357,0.22151247770222174,0.82,0.42110964526276684,19.459999999999994,10.0,18.9,18.9,,1.0,19.37,19.37,,1.0,19.34,19.34,,1.0,19.02,19.02,,1.0,19.459999999999994,19.489999999999995,0.0501996015920458,6.0,,,,,,,,,,,,,,,,
71,1_2_1_LE07_013030_20120802,137.21638444,23.0,58.33457711,1.014748,41123.64434818288,1343921271683.0,0.7498397902709001,12871,13558,13.25183381399482,35.49546013999998,25.613560728711786,25.609296221510274,23.66911094,25.14136316346312,25.62953166586955,2.8118236608699103,0.8821358394790759,31.66542289,"{""type"":""MultiPoint"",""coordinates"":[]}",2012-08-02 15:27:51.683000+00:00,LE07_013030_20120802,23.907000000000004,0.391891424872871,0.82,0.42110964526276684,24.1,10.0,24.21,24.21,,1.0,23.16,23.16,,1.0,23.66,23.66,,1.0,23.3,23.3,,1.0,24.1,24.123333333333335,0.0665331997326651,6.0,,,,,,,,,,,,,,,,
72,1_2_1_LE07_013030_20120818,142.40647683,36.0,54.52697828,1.0121038,41139.644488923615,1345303683843.0,0.5609670841829304,9629,10128,13.891711188836865,30.95974760000001,25.05108130312973,25.036055093522453,17.311593740000035,24.64854465995727,25.43504458446815,1.0750072179547037,0.5947005969460901,35.47302172,"{""type"":""MultiPoint"",""coordinates"":[]}",2012-08-18 15:28:03.843000+00:00,LE07_013030_20120818,24.284,0.239731331100278,0.82,0.42110964526276684,24.35,10.0,24.72,24.72,,1.0,24.02,24.02,,1.0,23.83,23.83,,1.0,24.16,24.16,,1.0,24.35,24.351666666666663,0.041190613817549813,6.0,,,,,,,,,,,,,,,,
73,1_2_1_LE07_013030_20120903,147.98201552,1.0,49.95617242,1.0085604,41155.64460618056,1346686093974.0,0.8937372560442761,15341,16256,19.353318721138532,29.158451060000058,21.6562054723112,21.513925985479016,20.753539880000005,21.496320919483814,21.863441844609124,3.41898383417921,0.596633641841972,40.04382758,"{""type"":""MultiPoint"",""coordinates"":[]}",2012-09-03 15:28:13.974000+00:00,LE07_013030_20120903,22.331,0.22308194807190404,0.82,0.42110964526276684,22.41,10.0,22.34,22.34,,1.0,22.16,22.16,,1.0,21.97,21.97,,1.0,21.96,21.96,,1.0,22.5,22.48,0.05899152481501184,6.0,,,,,,,,,,,,,,,,
74,1_2_1_LE07_013030_20120919,153.1829561,9.0,44.78675316,1.0043688,41171.64469635417,1348068501765.0,0.8769589280512671,15053,15990,14.670108247426755,24.438165440000034,18.99483298227677,19.177093398047084,13.609878080000046,18.84131954741744,19.177093398047084,-0.048766207783650636,0.4778078643832467,45.21324684,"{""type"":""MultiPoint"",""coordinates"":[]}",2012-09-19 15:28:21.765000+00:00,LE07_013030_20120919,19.255,0.2554842895800492,0.82,0.42110964526276684,19.259999999999994,10.0,19.87,19.87,,1.0,18.88,18.88,,1.0,19.34,19.34,,1.0,19.02,19.02,,1.0,19.259999999999994,19.239999999999995,0.030983866769656816,6.0,,,,,,,,,,,,,,,,
75,1_2_1_LE07_013030_20121005,157.48461694,2.0,39.28645531,0.9998326,41187.64480898148,1349450911496.0,0.8728808622196329,14983,15886,11.749263958495085,23.689619060000037,16.897209339511186,16.95186927554633,15.288125900000011,16.536524316060802,16.95186927554633,2.8953012211918203,0.7616939511557164,50.71354469,"{""type"":""MultiPoint"",""coordinates"":[]}",2012-10-05 15:28:31.496000+00:00,LE07_013030_20121005,16.459999999999997,0.03286335345030927,0.5,0.0,16.46,6.0,,,,,,,,,,,,,,,,,16.46,16.459999999999997,0.03286335345030848,6.0,,,,,,,,,,,,,,,,
77,1_2_1_LE07_013030_20121106,162.29822492,0.0,28.7801346,0.9910839,41219.64495047454,1352215723721.0,0.8852898339644626,15196,16130,4.798535751303904,10.99509278000005,9.424180770606343,9.464307754531237,3.0550323200000093,9.131593392884438,9.80056735259596,-1.9533576410743247,0.9007097378393343,61.219865399999996,"{""type"":""MultiPoint"",""coordinates"":[]}",2012-11-06 15:28:43.721000+00:00,LE07_013030_20121106,10.923333333333332,0.031411250638372815,1.5,0.0,10.915,6.0,,,,,,,,,,,,,,,,,,,,,10.915,10.923333333333332,0.03141125063837307,6.0,,,,,,,,,,,,
78,1_2_1_LE07_013030_20121122,162.69163844,0.0,24.67119631,0.9875474,41235.64505777778,1353598132992.0,0.8922225458782406,15315,16258,5.691483096814442,10.393521260000057,6.702574834849149,6.637889694582888,4.029168020000043,6.637889694582888,6.9957813523794865,0.5150334240943955,0.4702766752372562,65.32880369,"{""type"":""MultiPoint"",""coordinates"":[]}",2012-11-22 15:28:52.992000+00:00,LE07_013030_20121122,7.848333333333333,0.013291601358251264,1.5,0.0,7.85,6.0,,,,,,,,,,,,,,,,,,,,,7.85,7.848333333333333,0.013291601358251455,6.0,,,,,,,,,,,,
79,1_2_1_LE07_013030_20130501,143.24660547,0.0,57.49223022,1.0076833,41395.64500478009,1367422128413.0,0.8658316341392368,14862,15750,3.3383113063646914,28.488519139999994,12.699084712011425,12.642087049530033,8.185480340000026,11.540897477584805,13.72998742316358,1.1859372573250706,2.3756919546759403,32.50776978,"{""type"":""MultiPoint"",""coordinates"":[]}",2013-05-01 15:28:48.413000+00:00,LE07_013030_20130501,9.451666666666668,0.12718752559377317,1.5,0.0,9.44,6.0,,,,,,,,,,,,,,,,,,,,,9.44,9.451666666666668,0.1271875255937723,6.0,,,,,,,,,,,,
80,1_2_1_LE07_013030_20130517,139.53267734,34.0,61.25221336,1.0113929,41411.644977083335,1368804526020.0,0.5531605010195164,9495,10018,6.072097005067962,23.050449319999984,12.648952510787131,12.570542543645484,9.935506580000038,12.19823579502983,13.077039843771482,1.8836939302194933,1.1686677779067904,28.74778664,"{""type"":""MultiPoint"",""coordinates"":[]}",2013-05-17 15:28:46.020000+00:00,LE07_013030_20130517,11.86,0.03286335345031024,0.5,0.0,11.86,6.0,,,,,,,,,,,,,,,,,11.86,11.86,0.03286335345031048,6.0,,,,,,,,,,,,,,,,
81,1_2_1_LE07_013030_20130602,135.61134949,14.0,63.41863771,1.0142533,41427.6448724537,1370186916980.0,0.8643751820565103,14837,15727,4.4720207708623425,37.765025420000036,20.02139759508657,19.843638805085085,16.515195080000012,18.734252418800143,20.817807002760773,1.80848575927407,2.1861639591725504,26.58136229,"{""type"":""MultiPoint"",""coordinates"":[]}",2013-06-02 15:28:36.980000+00:00,LE07_013030_20130602,16.901111111111113,1.5561446305247821,0.8111111111111112,0.4675586713035179,17.5,9.0,,,,,13.64,13.64,,1.0,14.88,14.88,,1.0,18.39,18.39,,1.0,17.53,17.533333333333335,0.08710147338976154,6.0,,,,,,,,,,,,,,,,
82,1_2_1_LE07_013030_20130720,134.04255941,61.0,60.86595567,1.016124,41475.64461314815,1374334094576.0,0.737896883192543,12666,13362,1.9519890583032542,36.72936536000003,26.43193873468415,26.41799679450656,19.054783939999997,25.81951624196686,27.01422120961452,0.0972888495427317,1.5467717763013846,29.13404433,"{""type"":""MultiPoint"",""coordinates"":[]}",2013-07-20 15:28:14.576000+00:00,LE07_013030_20130720,26.38666666666667,0.5008492787256464,0.8111111111111112,0.4675586713035179,26.36,9.0,,,,,27.53,27.53,,1.0,25.57,25.57,,1.0,26.27,26.27,,1.0,26.36,26.35166666666667,0.048339080118126744,6.0,,,,,,,,,,,,,,,,
83,1_2_1_LE07_013030_20130805,138.06841884,0.0,57.74016306,1.0143674,41491.644548564815,1375716488996.0,0.8646664724730556,14842,15774,2.6179763226834227,28.57738766,21.974896120870703,21.727239501337102,17.790116539999982,21.398822231789783,22.31657479288868,0.9013790679514212,0.7125801619270544,32.25983694,"{""type"":""MultiPoint"",""coordinates"":[]}",2013-08-05 15:28:08.996000+00:00,LE07_013030_20130805,22.293333333333333,0.08500000000000102,0.8111111111111112,0.4675586713035179,22.279999999999994,9.0,,,,,22.33,22.33,,1.0,22.48,22.48,,1.0,22.15,22.15,,1.0,22.279999999999994,22.279999999999998,0.0,6.0,,,,,,,,,,,,,,,,
84,1_2_1_LE07_013030_20130821,143.44258896,0.0,53.81480164,1.0115542,41507.644621284715,1377098895279.0,0.8801048645499563,15107,16041,12.852254893255635,31.50321278000001,21.991630153552645,22.03188602133043,20.377557679999995,21.613207093589654,22.03188602133043,3.085198801643287,0.8805527779697109,36.18519836,"{""type"":""MultiPoint"",""coordinates"":[]}",2013-08-21 15:28:15.279000+00:00,LE07_013030_20130821,22.006666666666668,0.30585944484354255,1.4777777777777779,0.04409585518440988,22.02,9.0,,,,,22.49,22.49,,1.0,21.31,21.31,,1.0,21.98,21.98,,1.0,22.04,22.046666666666667,0.06186005711819802,6.0,,,,,,,,,,,,,,,,
85,1_2_1_LE07_013030_20130906,148.99936779,2.0,49.1201076,1.0078805,41523.64475721065,1378481307023.0,0.9001456452082727,15451,16403,0.9247557532221192,27.052950740000032,20.155117762369322,20.51810028483656,14.573759719999998,19.842622657054434,20.836729873937628,-1.1019623332884414,1.0757319533816376,40.8798924,"{""type"":""MultiPoint"",""coordinates"":[]}",2013-09-06 15:28:27.023000+00:00,LE07_013030_20130906,21.32,0.21505813167606438,1.4777777777777779,0.04409585518440988,21.439999999999994,9.0,,,,,20.99,20.99,,1.0,21.14,21.14,,1.0,20.99,20.99,,1.0,21.455,21.459999999999997,0.020976176963405625,6.0,,,,,,,,,,,,,,,,
86,2_1_LC08_013030_20130930,158.19667165,3.88,41.54173133,1.0013445,41547.6491485301,1380555286433.0,0.8667637634721818,14878,15734,22.000385144112663,23.662274900000053,17.705019916796942,17.68119874586209,15.927295640000011,17.562595123631134,17.812113321580423,3.5439016715251146,0.5080338881233181,48.45826867,"{""type"":""MultiPoint"",""coordinates"":[]}",2013-09-30 15:34:46.433000+00:00,LC08_013030_20130930,16.955,0.06685805860178737,1.0,0.5477225575051661,16.959999999999994,6.0,,,,,,,,,,,,,,,,,16.959999999999994,16.955,0.06685805860178683,6.0,,,,,,,,,,,,,,,,
87,1_2_1_LE07_013030_20131008,158.17658584,1.0,38.34535341,0.9990453000000001,41555.64501587963,1381246129372.0,0.8954267404602388,15370,16294,10.579574186724392,19.837510520000023,15.714205873618035,15.628887165944256,13.456067179999993,15.612043975745811,15.95086631581481,1.0467887847338821,0.4053688336219812,51.65464659,"{""type"":""MultiPoint"",""coordinates"":[]}",2013-10-08 15:28:49.372000+00:00,LE07_013030_20131008,16.236666666666668,0.062182527020592106,1.0,0.5477225575051661,16.235,6.0,,,,,,,,,,,,,,,,,16.235,16.236666666666668,0.062182527020592626,6.0,,,,,,,,,,,,,,,,
92,2_1_LC08_013030_20140629,133.87596305,23.38,64.03352295,1.0166299,41819.647667928235,1404055958509.0,0.9473929507719197,16262,17230,1.209191949729843,33.468574279999984,21.346745265458654,21.68297681446161,11.610336380000035,20.18964092858024,22.69021037705609,-0.4144532718802647,2.373496403737258,25.966477049999995,"{""type"":""MultiPoint"",""coordinates"":[]}",2014-06-29 15:32:38.509000+00:00,LC08_013030_20140629,21.249000000000006,0.6681059463554843,1.15,0.45765100725819935,21.53,10.0,22.09,22.09,,1.0,20.02,20.02,,1.0,20.49,20.49,,1.0,20.49,20.49,,1.0,21.53,21.566666666666674,0.09157874571464109,6.0,,,,,,,,,,,,,,,,
93,1_2_1_LE07_013030_20140707,133.11453466,42.0,62.99630198,1.0166897,41827.646125046296,1404747025204.0,0.8722982813865424,14973,15867,9.000269786765507,33.417303980000035,22.68221802830372,22.43640659493717,20.391229759999987,21.93123828110694,22.93740004900457,2.5545881173487164,1.2621188860511907,27.00369802,"{""type"":""MultiPoint"",""coordinates"":[]}",2014-07-07 15:30:25.204000+00:00,LE07_013030_20140707,21.361,0.28745820952309264,1.45,0.09718253158075503,21.474999999999998,10.0,21.26,21.26,,1.0,21.33,21.33,,1.0,20.66,20.66,,1.0,21.15,21.15,,1.0,21.535,21.535,0.05468089245797065,6.0,,,,,,,,,,,,,,,,
94,1_2_1_LE07_013030_20140723,135.53272044,33.0,60.68943833,1.0159039,41843.64616237269,1406129428429.0,0.5444800466064666,9346,9887,9.318100437890136,38.94082430000003,25.128532986673928,25.17708122571085,20.75012186000004,24.620872687911177,25.720193199298297,2.159251511908613,1.234050391360877,29.31056167,"{""type"":""MultiPoint"",""coordinates"":[]}",2014-07-23 15:30:28.429000+00:00,LE07_013030_20140723,24.117,0.5230264492993325,1.45,0.09718253158075503,24.185000000000002,10.0,25.17,25.17,,1.0,23.16,23.16,,1.0,23.49,23.49,,1.0,24.18,24.18,,1.0,24.195,24.194999999999997,0.02738612787525893,6.0,,,,,,,,,,,,,,,,
95,1_2_1_LE07_013030_20140808,139.87010269,13.0,57.40529035,1.0139557,41859.64621648148,1407511833104.0,0.8085056801631226,13878,14760,6.940517938333379,29.442146719999986,23.007996578826894,22.76696820331148,20.31603332000003,22.76696820331148,23.168660121293325,2.0501209771942457,0.6686132830802253,32.59470965,"{""type"":""MultiPoint"",""coordinates"":[]}",2014-08-08 15:30:33.104000+00:00,LE07_013030_20140808,22.738999999999997,0.2777868887394706,1.05,0.4813176359397883,22.82,10.0,22.59,22.59,,1.0,22.66,22.66,,1.0,22.14,22.14,,1.0,22.48,22.48,,1.0,22.919999999999995,22.919999999999998,0.09338094023942987,6.0,,,,,,,,,,,,,,,,
96,1_2_1_LE07_013030_20140824,145.19359718,14.0,53.27072912,1.0109793,41875.646188819446,1408894230714.0,0.492572094378095,8455,9063,7.190893342004946,31.16824682000004,22.25309526918432,22.404530952392026,18.84970274,21.966072476897892,22.404530952392026,1.7853610272997484,0.901710011513138,36.72927088,"{""type"":""MultiPoint"",""coordinates"":[]}",2014-08-24 15:30:30.714000+00:00,LE07_013030_20140824,20.788,0.3981010480323363,1.05,0.4813176359397883,20.97,10.0,20.6,20.6,,1.0,20.02,20.02,,1.0,20.82,20.82,,1.0,20.17,20.17,,1.0,21.055,21.045,0.06625707509391139,6.0,,,,,,,,,,,,,,,,
97,2_1_LC08_013030_20140901,148.85292408,24.68,51.16009626,1.0091627,41883.647915636575,1409585579911.0,0.7110399067870667,12205,12948,10.683205191309805,29.418220580000025,22.49409770756148,22.308700070465946,21.25940684,22.1915002766673,22.556463048610784,2.904546976469048,0.7455709026840761,38.83990374,"{""type"":""MultiPoint"",""coordinates"":[]}",2014-09-01 15:32:59.911000+00:00,LC08_013030_20140901,21.744,0.24295404229332476,1.05,0.4813176359397883,21.834999999999997,10.0,21.93,21.93,,1.0,21.66,21.66,,1.0,21.31,21.31,,1.0,21.32,21.32,,1.0,21.9,21.87,0.07238784428341802,6.0,,,,,,,,,,,,,,,,
98,2_1_LC08_013030_20140917,154.00900596,15.91,45.99582689,1.0050675,41899.64793469908,1410967981558.0,0.7746577337605592,13297,13965,4.779302678584725,23.20084220000001,18.02141523514714,18.18032762084798,14.601103879999984,17.81435764854857,18.446722675534225,-0.8653763741583199,0.5965041971813384,44.00417311,"{""type"":""MultiPoint"",""coordinates"":[]}",2014-09-17 15:33:01.558000+00:00,LC08_013030_20140917,18.553999999999995,0.3222214559377854,1.05,0.4813176359397883,18.7,10.0,18.49,18.49,,1.0,18.23,18.23,,1.0,18.06,18.06,,1.0,18.07,18.07,,1.0,18.759999999999994,18.781666666666663,0.08495096624916479,6.0,,,,,,,,,,,,,,,,
99,2_1_LC08_013030_20141003,158.31998501,0.02,40.45809409,1.0005507,41915.647968530095,1412350384481.0,1.0,17165,18205,22.373153380066015,20.92444088000002,16.674373266228574,16.684380164459245,15.424846699999991,16.567106603265582,16.812439280043375,3.0724132162904594,0.33022528858911576,49.54190591,"{""type"":""MultiPoint"",""coordinates"":[]}",2014-10-03 15:33:04.481000+00:00,LC08_013030_20141003,17.356666666666666,0.10726913193769451,0.8333333333333334,0.5163977794943223,17.345000000000002,6.0,,,,,,,,,,,,,,,,,17.345000000000002,17.356666666666666,0.10726913193769502,6.0,,,,,,,,,,,,,,,,
100,1_2_1_LE07_013030_20141027,161.97132063,40.0,32.13336148,0.9937933000000001,41939.646529641206,1414423860161.0,0.5493737256044277,9430,9894,8.527418455605856,14.382350599999995,11.552453022374413,11.901055088280993,4.309445660000051,11.174530991089618,11.901055088280993,-2.0681860937021397,0.7741909016538908,57.86663852,"{""type"":""MultiPoint"",""coordinates"":[]}",2014-10-27 15:31:00.161000+00:00,LE07_013030_20141027,12.57,0.1038160766826492,1.5,0.0,12.504999999999999,10.0,,,,,,,,,,,,,,,,,12.69,12.69,0.0,4.0,12.49,12.490000000000002,0.014142135623730423,6.0,,,,,,,,,,,,
101,2_1_LC08_013030_20141120,163.797951,37.92,25.45111419,0.9880979,41963.64795005787,1416497582885.0,0.9727934750946694,16698,17639,1.5049897011674425,7.040443640000035,5.087850185503822,5.185019406092574,1.2400637000000074,4.8157813033169194,5.5644910071490985,-1.214225089266801,0.7481773307850643,64.54888581,"{""type"":""MultiPoint"",""coordinates"":[]}",2014-11-20 15:33:02.885000+00:00,LC08_013030_20141120,6.9336,0.08565330635117892,1.5,0.0,6.965000000000001,10.0,,,,,,,,,,,,,,,,,6.876500000000001,6.8765,0.11720210464549484,4.0,6.965000000000001,6.971666666666667,0.024832774042918834,6.0,,,,,,,,,,,,
102,1_2_1_LE07_013030_20141128,163.13995878,47.0,23.68242217,0.9865431,41971.64669119213,1417188674119.0,0.41730265074279055,7163,7438,4.981612302491019,4.336789820000035,1.08870076086198,1.5999541087918512,-14.537516619999964,0.4829815477499492,2.3398138763666276,-1.5213690789777534,1.7830298182882869,66.31757783,"{""type"":""MultiPoint"",""coordinates"":[]}",2014-11-28 15:31:14.119000+00:00,LE07_013030_20141128,5.3784,0.1110267235098532,1.5,0.0,5.305,10.0,,,,,,,,,,,,,,,,,5.501,5.501,0.05888972745734213,4.0,5.295,5.296666666666666,0.008164965809277239,6.0,,,,,,,,,,,,
103,1_2_1_LE07_013030_20150507,143.52886271,0.0,59.35243196,1.0090339,42131.64739945602,1431012735313.0,0.8890766093795515,15261,16149,2.441275080836051,22.78042574000005,11.379133709761089,10.920217535808382,7.597580900000025,10.18149716942042,12.335984287744575,1.361583860580431,2.033149403836696,30.647568040000003,"{""type"":""MultiPoint"",""coordinates"":[]}",2015-05-07 15:32:15.313000+00:00,LE07_013030_20150507,10.845999999999998,0.0,1.5,0.0,10.845999999999998,4.0,,,,,,,,,,,,,,,,,10.845999999999998,10.845999999999998,0.0,4.0,,,,,,,,,,,,,,,,
104,1_2_1_LE07_013030_20150523,139.78596488,0.0,62.64127742,1.0124792,42147.64746875,1432395141300.0,0.8802796387998835,15110,15997,1.7182670074292297,20.702269580000006,12.896835493264124,12.699465364359716,7.840260320000027,12.356764818618231,13.686776851993748,-0.1085632292377392,1.2122073396644972,27.35872258,"{""type"":""MultiPoint"",""coordinates"":[]}",2015-05-23 15:32:21.300000+00:00,LE07_013030_20150523,13.1725,0.1362363142973789,1.5,0.0,13.1245,4.0,,,,,,,,,,,,,,,,,13.1245,13.1725,0.13623631429737876,4.0,,,,,,,,,,,,,,,,
105,1_2_1_LE07_013030_20150624,133.98424554,13.0,64.32254769,1.0164187,42179.64756743056,1435159949826.0,0.758636760850568,13022,13771,4.438582976420199,31.431434360000022,21.065592415611054,21.080591075475336,16.487850920000025,20.39354029836485,21.68594510451726,1.224316477308902,1.0881055081078932,25.67745231000001,"{""type"":""MultiPoint"",""coordinates"":[]}",2015-06-24 15:32:29.826000+00:00,LE07_013030_20150624,20.409,0.3073344179301179,1.4700000000000002,0.048304589153964836,20.57,10.0,20.64,20.64,,1.0,20.18,20.18,,1.0,19.68,19.68,,1.0,20.17,20.17,,1.0,20.57,20.57,0.006324555320337494,6.0,,,,,,,,,,,,,,,,
106,2_1_LC08_013030_20150702,133.72996396,38.28,63.76875145,1.0166499,42187.647434178245,1435851138313.0,0.7526944363530441,12920,13564,0.5055798488944769,26.78976320000004,20.796213210804574,20.815181315804978,17.171454920000027,20.065715152676027,21.435682261318096,0.5690228078745654,0.9411256050839392,26.23124855,"{""type"":""MultiPoint"",""coordinates"":[]}",2015-07-02 15:32:18.313000+00:00,LC08_013030_20150702,19.823000000000004,0.9563013239676196,1.4700000000000002,0.048304589153964836,20.279999999999998,10.0,19.99,19.99,,1.0,17.27,17.27,,1.0,19.52,19.52,,1.0,19.52,19.52,,1.0,20.32,20.32166666666667,0.04308905506815901,6.0,,,,,,,,,,,,,,,,
107,1_2_1_LE07_013030_20150710,134.27905884,21.0,62.9639826,1.0166406,42195.647648125,1436542356798.0,0.4933877075444218,8469,9072,5.493644118957764,31.35623792000001,22.423242611209393,22.400145905750946,19.960559240000013,21.98599770318913,22.79915205499666,1.7136405231789111,0.9921148263594254,27.0360174,"{""type"":""MultiPoint"",""coordinates"":[]}",2015-07-10 15:32:36.798000+00:00,LE07_013030_20150710,21.869999999999997,0.34499597421161765,1.4700000000000002,0.048304589153964836,22.03,10.0,22.130000000000006,22.130000000000006,,1.0,21.16,21.16,,1.0,21.81,21.81,,1.0,21.32,21.32,,1.0,22.045,22.046666666666667,0.035023801430839004,6.0,,,,,,,,,,,,,,,,
108,2_1_LC08_013030_20150803,139.14819971,4.47,58.83560768,1.0146895,42219.64758123843,1438615951019.0,1.0,17165,18205,7.120848888072509,34.72640564000005,25.737042415809192,25.432527137714306,24.80731160000005,25.18991554824752,25.809216218732423,2.43280942616508,1.0539524869013062,31.16439232,"{""type"":""MultiPoint"",""coordinates"":[]}",2015-08-03 15:32:31.019000+00:00,LC08_013030_20150803,23.981000000000005,0.3355741348793153,1.4700000000000002,0.048304589153964836,24.1,10.0,24.52,24.52,,1.0,23.68,23.68,,1.0,23.32,23.32,,1.0,23.66,23.66,,1.0,24.105000000000004,24.105000000000008,0.0054772255750573495,6.0,,,,,,,,,,,,,,,,
109,2_1_LC08_013030_20150819,144.2445821,9.14,54.94710635,1.012069,42235.647667569436,1439998358478.0,0.6449752403145936,11071,11571,5.420428677905999,29.168705120000034,24.682827676082862,24.68632135915492,23.228186359999995,24.31728635285613,25.061991075828754,1.485475542608627,0.6029783524304733,35.05289365,"{""type"":""MultiPoint"",""coordinates"":[]}",2015-08-19 15:32:38.478000+00:00,LC08_013030_20150819,24.9235,0.20312222026069993,1.1416666666666668,0.4756972553924174,24.9405,12.0,25.38,25.38,,1.0,24.72,24.72,,1.0,24.52,24.52,,1.0,25.05,25.05,,1.0,24.9405,24.9265,0.059945213081850246,8.0,,,,,,,,,,,,,,,,
110,1_2_1_LE07_013030_20150912,152.28634873,43.0,47.72301079,1.0064691,42259.647785821755,1442071968695.0,0.8819691232158462,15139,16015,18.32055682749147,29.520761180000022,23.53442603147713,23.689995416337773,21.512340320000018,23.297159565287767,23.689995416337773,2.8402953191400866,0.4626437158046035,42.27698921,"{""type"":""MultiPoint"",""coordinates"":[]}",2015-09-12 15:32:48.695000+00:00,LE07_013030_20150912,23.284999999999997,0.32381420037366554,1.1416666666666668,0.4756972553924174,23.455,12.0,23.31,23.31,,1.0,22.83,22.83,,1.0,22.64,22.64,,1.0,22.82,22.82,,1.0,23.484,23.4775,0.04937032075476714,8.0,,,,,,,,,,,,,,,,
111,1_2_1_LE07_013030_20150928,156.92375645,23.0,42.27579659,1.0020601999999998,42275.64782532408,1443454372108.0,0.8874453830468978,15233,16141,17.328049056172663,26.355674659999977,19.587777285719408,19.433037984273568,18.521572820000017,19.433037984273568,19.851610395670427,3.257871092171478,0.6115784503495009,47.72420341,"{""type"":""MultiPoint"",""coordinates"":[]}",2015-09-28 15:32:52.108000+00:00,LE07_013030_20150928,19.729,0.03145972481942984,1.0,0.5345224838248488,19.734,8.0,,,,,,,,,,,,,,,,,19.734,19.729,0.03145972481942934,8.0,,,,,,,,,,,,,,,,
112,2_1_LC08_013030_20151022,161.84605564,65.01,33.96441302,0.9951999,42299.64789114583,1445527977795.0,0.4129332944946112,7088,7200,1.4025106407935244,10.205530160000023,7.177630955625515,7.190394631430237,4.189814960000035,6.816068275265832,7.568126967742263,-0.4634607045673193,0.6634598183732321,56.03558698,"{""type"":""MultiPoint"",""coordinates"":[]}",2015-10-22 15:32:57.795000+00:00,LC08_013030_20151022,13.02825,0.09649999999999981,1.5,0.0,12.98,4.0,,,,,,,,,,,,,,,,,12.98,13.02825,0.09649999999999996,4.0,,,,,,,,,,,,,,,,
113,1_2_1_LE07_013030_20151030,162.93167924,32.0,31.38579871,0.9930648999999999,42307.64814664352,1446219199870.0,0.6632100203903292,11384,12031,10.472526227897538,13.353526579999993,10.167781898123193,10.131936350063306,5.4066300800000135,10.109223379115061,10.475353906293796,-1.979467381298552,0.5501686567334397,58.61420129,"{""type"":""MultiPoint"",""coordinates"":[]}",2015-10-30 15:33:19.870000+00:00,LE07_013030_20151030,11.235999999999999,0.0,1.5,0.0,11.235999999999999,4.0,,,,,,,,,,,,,,,,,11.235999999999999,11.235999999999999,0.0,4.0,,,,,,,,,,,,,,,,
114,2_1_LC08_013030_20151123,163.74683602,1.2,24.82983673,0.9874693999999999,42331.647948634265,1448292782762.0,1.0,17165,18205,1.569535171454573,7.3583194999999915,6.247286710779508,6.437156403752977,1.1922114200000349,5.941267494468418,6.9409716770490135,-1.376355055452803,0.9846375688113826,65.17016327,"{""type"":""MultiPoint"",""coordinates"":[]}",2015-11-23 15:33:02.762000+00:00,LC08_013030_20151123,8.282,0.0,1.5,0.0,8.282,4.0,,,,,,,,,,,,,,,,,8.282,8.282,0.0,4.0,,,,,,,,,,,,,,,,
115,1_2_1_LE07_013030_20160525,140.43989064,12.0,63.39375297,1.0129819,42515.6495524537,1464190521332.0,0.7739003786775415,13284,14074,0.6617269317021859,28.023668420000032,15.507679102062232,15.736088970149698,9.515090120000023,13.698932908944151,16.929032732796582,0.3994212007523322,2.510177523168009,26.60624703,"{""type"":""MultiPoint"",""coordinates"":[]}",2016-05-25 15:35:21.332000+00:00,LE07_013030_20160525,15.29,0.024494897427831987,1.5,0.0,15.28,6.0,,,,,,,,,,,,,,,,,15.28,15.29,0.024494897427832056,6.0,,,,,,,,,,,,,,,,
116,2_1_LC08_013030_20160618,134.57008546,1.39,64.50011369,1.0160777,42539.647649293984,1466263956899.0,1.0,17165,18205,5.759688991543778,31.547647040000008,20.87811177953752,20.558032041251682,18.94198928000003,20.314885624797725,21.18372830937421,2.0943098108088534,1.3463196533806279,25.499886309999994,"{""type"":""MultiPoint"",""coordinates"":[]}",2016-06-18 15:32:36.899000+00:00,LC08_013030_20160618,18.919999999999998,0.7190469883314806,1.4875,0.03535533905932741,19.105000000000004,8.0,,,,,19.04,19.04,,1.0,17.419999999999998,17.419999999999998,,1.0,,,,,19.240000000000002,19.150000000000002,0.4554997255762066,6.0,,,,,,,,,,,,,,,,
117,1_2_1_LE07_013030_20160626,135.13090893,4.0,64.55780621,1.0165427,42547.64962482639,1466955327585.0,0.7665598601806001,13158,13973,0.9802658859852214,24.650082680000025,12.794620607288255,12.724438449927552,8.154718160000016,11.438981741618974,13.671313437549493,0.8647681721851151,2.093796324986981,25.442193790000005,"{""type"":""MultiPoint"",""coordinates"":[]}",2016-06-26 15:35:27.585000+00:00,LE07_013030_20160626,22.275,1.1361840897118236,1.4875,0.03535533905932741,22.735,8.0,,,,,19.86,19.86,,1.0,21.48,21.48,,1.0,,,,,22.895,22.810000000000002,0.41347309465066506,6.0,,,,,,,,,,,,,,,,
118,2_1_LC08_013030_20160704,134.01464955,0.37,63.57486272,1.0167509,42555.64775837963,1467646366324.0,0.9999417419166908,17164,18204,5.544060081548558,31.660441699999982,22.65767313473945,22.307983236884393,21.649061120000052,22.064071321988138,23.06462920777991,2.117693016085259,1.088985637132038,26.42513728,"{""type"":""MultiPoint"",""coordinates"":[]}",2016-07-04 15:32:46.324000+00:00,LC08_013030_20160704,21.6325,0.4559370257267683,1.4875,0.03535533905932741,21.835,8.0,,,,,20.99,20.99,,1.0,20.82,20.82,,1.0,,,,,21.865000000000002,21.875,0.07661592523751219,6.0,,,,,,,,,,,,,,,,
119,1_2_1_LE07_013030_20160712,135.8092909,6.0,62.97865885,1.0165556999999998,42563.649613483794,1468337726605.0,0.8963588697931838,15386,16348,10.003686829270686,33.348943580000025,23.28225958865066,23.05045101848353,21.785781919999977,22.64277232707144,23.4622304335499,2.7154837785164028,1.0731149743642638,27.02134115,"{""type"":""MultiPoint"",""coordinates"":[]}",2016-07-12 15:35:26.605000+00:00,LE07_013030_20160712,22.21875,0.7709259275146255,1.4875,0.03535533905932741,22.58,8.0,,,,,20.83,20.83,,1.0,21.14,21.14,,1.0,,,,,22.63,22.63,0.10315037566582191,6.0,,,,,,,,,,,,,,,,
120,2_1_LC08_013030_20160720,136.03628261,10.86,61.43123596,1.0160836,42571.6478303125,1469028772539.0,0.9876492863384796,16953,17950,4.143388020799255,28.785886880000017,23.892708613423547,23.69324837200478,22.636868900000024,23.56518326616347,24.064215123297785,1.719815716984422,0.6714091408532887,28.56876404,"{""type"":""MultiPoint"",""coordinates"":[]}",2016-07-20 15:32:52.539000+00:00,LC08_013030_20160720,23.168749999999996,0.27889770270016234,1.4875,0.03535533905932741,23.264999999999997,8.0,,,,,22.83,22.83,,1.0,22.64,22.64,,1.0,,,,,23.295,23.313333333333333,0.07033254343948223,6.0,,,,,,,,,,,,,,,,
121,2_1_LC08_013030_20160805,140.11159294,6.44,58.27156628,1.014357,42587.6478625,1470411175320.0,0.6780658316341392,11639,12350,0.2942125128690645,26.93673806000004,19.760178941046707,21.064284612083775,9.562942399999997,18.559630644726678,21.81203511851044,-1.0856190515793605,3.1860980507441643,31.72843372,"{""type"":""MultiPoint"",""coordinates"":[]}",2016-08-05 15:32:55.320000+00:00,LC08_013030_20160805,24.26625,0.4932382067231091,1.4875,0.03535533905932741,24.46,8.0,,,,,23.68,23.68,,1.0,23.32,23.32,,1.0,,,,,24.494999999999997,24.521666666666665,0.12040210407906708,6.0,,,,,,,,,,,,,,,,
122,1_2_1_LE07_013030_20160829,148.94913886,21.0,52.16272494,1.0097582,42611.649705567135,1472484934561.0,0.7254879114477134,12453,13182,12.27381264212764,33.971023220000006,24.229971180928878,24.30175050419161,20.480098279999996,23.870286497490266,24.30175050419161,2.4152783057770897,0.8948698860293637,37.83727506,"{""type"":""MultiPoint"",""coordinates"":[]}",2016-08-29 15:35:34.561000+00:00,LE07_013030_20160829,23.532499999999995,0.41122638881416845,1.4875,0.03535533905932741,23.73,8.0,,,,,22.66,22.66,,1.0,23.14,23.14,,1.0,,,,,23.744999999999997,23.74333333333333,0.01861898672502171,6.0,,,,,,,,,,,,,,,,
123,1_2_1_LE07_013030_20160914,154.10804203,73.0,47.03652514,1.0057406,42627.6497256713,1473867336298.0,0.7060879697057967,12120,12715,3.4897541326680166,26.659878440000053,19.977460874288454,20.22063698727082,15.376994420000017,19.68981384397316,20.74171474214485,-0.6214838783946139,1.0170898456750397,42.96347486,"{""type"":""MultiPoint"",""coordinates"":[]}",2016-09-14 15:35:36.298000+00:00,LE07_013030_20160914,21.80125,0.2170212300345619,1.4875,0.03535533905932741,21.895,8.0,,,,,21.66,21.66,,1.0,21.31,21.31,,1.0,,,,,21.905,21.906666666666666,0.01861898672502225,6.0,,,,,,,,,,,,,,,,
124,2_1_LC08_013030_20160922,155.64857824,0.01,44.12501793,1.0035061,42635.64800751157,1474558387849.0,1.0,17165,18205,16.670896597486372,28.76879678,22.307524782214767,22.181217378287172,21.67982330000001,22.07111565494628,22.431835452140046,3.481745386396246,0.5782162315845675,45.87498207,"{""type"":""MultiPoint"",""coordinates"":[]}",2016-09-22 15:33:07.849000+00:00,LC08_013030_20160922,21.50625,0.44313614483265057,1.4875,0.03535533905932741,21.660000000000004,8.0,,,,,21.33,21.33,,1.0,20.49,20.49,,1.0,,,,,21.71,21.705000000000002,0.12144957801491008,6.0,,,,,,,,,,,,,,,,
125,2_1_LC08_013030_20161024,162.28449524,22.58,33.0642366,0.9944494,42667.648087013884,1477323194718.0,0.8445091756481212,14496,15394,2.6949382275179508,14.522489420000054,12.164025894173946,12.443708578652325,8.32561916000003,11.941042419057286,12.559780517810461,-1.4247453408538788,0.6213350976105912,56.9357634,"{""type"":""MultiPoint"",""coordinates"":[]}",2016-10-24 15:33:14.718000+00:00,LC08_013030_20161024,13.426599999999999,0.4058714082070821,1.5,0.0,13.17,10.0,,,,,,,,,,,,,,,,,13.893999999999998,13.894,0.055425625842205575,4.0,13.11,13.115,0.05822370651203901,6.0,,,,,,,,,,,,
126,2_1_LC08_013030_20170504,144.08742426,20.2,58.70404718,1.0084302,42859.647354016204,1493911931387.0,0.907427905621905,15576,16514,3.860330424468248,15.551313440000058,6.474401507193277,6.687215245284878,-6.881151820000013,5.688896683857568,7.560270767802208,-0.8091008970640552,2.051676289110094,31.29595282,"{""type"":""MultiPoint"",""coordinates"":[]}",2017-05-04 15:32:11.387000+00:00,LC08_013030_20170504,8.183333333333332,0.35483329419132326,1.5,0.0,8.3,6.0,,,,,,,,,,,,,,,,,,,,,8.3,8.183333333333332,0.3548332941913232,6.0,,,,,,,,,,,,
128,2_1_LC08_013030_20170621,134.26765186,38.01,64.43097667,1.0162964,42907.64766318287,1498059158099.0,0.8130498106612293,13956,14718,3.2554662964977465,29.158451060000058,21.686101554857274,21.307695257116283,14.703644479999982,21.06766764821533,22.44257346844047,0.7776248246309081,1.05300268039737,25.569023329999997,"{""type"":""MultiPoint"",""coordinates"":[]}",2017-06-21 15:32:38.099000+00:00,LC08_013030_20170621,20.17111111111111,1.3058564665043055,1.488888888888889,0.03333333333333336,20.57,9.0,21.31,21.31,,1.0,16.8,16.8,,1.0,20.01,20.01,,1.0,,,,,20.57,20.569999999999997,0.0,6.0,,,,,,,,,,,,,,,,
129,1_2_1_LE07_013030_20170715,136.15875088,55.0,62.58043528,1.0164351999999999,42931.64969200231,1500132933389.0,0.417710457325954,7170,7640,5.84134209363141,27.63059612000001,21.81377609983104,21.671887000802478,19.276955240000007,21.1980028449906,22.145438219370646,1.596854835497335,0.8570975789759385,27.41956472,"{""type"":""MultiPoint"",""coordinates"":[]}",2017-07-15 15:35:33.389000+00:00,LE07_013030_20170715,21.79111111111111,0.7943306056744331,1.488888888888889,0.03333333333333336,22.24,9.0,21.14,21.14,,1.0,20.02,20.02,,1.0,21.48,21.48,,1.0,,,,,22.290000000000003,22.246666666666666,0.17025471114382607,6.0,,,,,,,,,,,,,,,,
130,2_1_LC08_013030_20170723,136.58370464,50.68,60.94443102,1.0158982,42939.64777368056,1500823967646.0,0.8687445383046898,14912,15828,9.520209164673249,33.236148920000005,25.670604412015727,25.55990636468516,23.173498040000034,25.44083111806183,25.811514054975877,1.9928366687641872,0.6266340294524032,29.05556898,"{""type"":""MultiPoint"",""coordinates"":[]}",2017-07-23 15:32:47.646000+00:00,LC08_013030_20170723,24.14111111111112,0.4589238619979477,1.488888888888889,0.03333333333333336,24.11000000000001,9.0,24.87,24.87,,1.0,24.55,24.55,,1.0,23.15,23.15,,1.0,,,,,24.11000000000001,24.116666666666674,0.010327955589885583,6.0,,,,,,,,,,,,,,,,
131,1_2_1_LE07_013030_20170731,139.58562656,3.0,59.70322169,1.0150403000000001,42947.64967696759,1501515332090.0,0.8716574424701428,14962,15836,12.045259628921533,33.18146060000004,22.84752169801301,22.867998487625066,21.173956340000018,22.458435777795557,22.89339787244513,2.8930646767594435,1.0186598488662169,30.29677831,"{""type"":""MultiPoint"",""coordinates"":[]}",2017-07-31 15:35:32.090000+00:00,LE07_013030_20170731,22.452222222222225,0.4837814015073795,1.488888888888889,0.03333333333333336,22.74,9.0,21.97,21.97,,1.0,21.83,21.83,,1.0,21.65,21.65,,1.0,,,,,22.775,22.77,0.02529822128134806,6.0,,,,,,,,,,,,,,,,
132,2_1_LC08_013030_20170824,146.22676986,22.47,53.44886176,1.0109270000000001,42971.64790391204,1503588778898.0,0.4751529274686863,8156,8570,4.390962675613531,26.653042400000004,21.582983330160495,21.56074289399553,18.463466480000022,21.313405429352862,21.94377257192211,0.2486692104528919,0.5004027840339617,36.55113824,"{""type"":""MultiPoint"",""coordinates"":[]}",2017-08-24 15:32:58.898000+00:00,LC08_013030_20170824,22.376666666666665,0.3855191305240246,1.488888888888889,0.03333333333333336,22.55,9.0,22.64,22.64,,1.0,22.0,22.0,,1.0,21.48,21.48,,1.0,,,,,22.55,22.544999999999998,0.02738612787525768,6.0,,,,,,,,,,,,,,,,
133,1_2_1_LE07_013030_20170901,149.82034806,21.0,51.30168087,1.0091146,42979.6496583449,1504280130481.0,0.30049519370812705,5158,5616,4.081694377914742,22.589016620000052,19.14915878600025,19.232741253196238,13.168953500000045,18.895078590649213,19.571729865726425,-1.5764655132091014,0.9531544321784612,38.69831913,"{""type"":""MultiPoint"",""coordinates"":[]}",2017-09-01 15:35:30.481000+00:00,LE07_013030_20170901,20.17666666666667,0.2570505786805393,1.488888888888889,0.03333333333333336,20.34,9.0,20.0,20.0,,1.0,19.86,19.86,,1.0,19.69,19.69,,1.0,,,,,20.34,20.340000000000003,0.0063245553203355,6.0,,,,,,,,,,,,,,,,
134,2_1_LC08_013030_20170909,151.60365988,61.93,48.5586222,1.0070687,42987.64792084491,1504971180361.0,0.2631517623070201,4517,4808,3.7336195438194064,21.984027080000033,17.653130419515087,17.678901774413138,14.218285640000033,17.31065894712911,18.181658182109672,-0.5678259645728901,0.6312684703866395,41.4413778,"{""type"":""MultiPoint"",""coordinates"":[]}",2017-09-09 15:33:00.361000+00:00,LC08_013030_20170909,18.632222222222214,0.3026457408331464,1.488888888888889,0.03333333333333336,18.759999999999994,9.0,18.86,18.86,,1.0,18.4,18.4,,1.0,17.9,17.9,,1.0,,,,,18.759999999999994,18.754999999999992,0.00836660026533907,6.0,,,,,,,,,,,,,,,,
135,1_2_1_LE07_013030_20170917,154.88249609,8.0,46.08854595,1.004999,42995.64963049768,1505662528075.0,0.8845907369647539,15184,16070,10.797541391500713,30.42653647999998,21.794604788982983,21.987585537010364,19.762314080000014,21.559303486267385,22.01356986820506,2.1708157518828908,0.7621400079759744,43.91145405,"{""type"":""MultiPoint"",""coordinates"":[]}",2017-09-17 15:35:28.075000+00:00,LE07_013030_20170917,20.75777777777778,0.22179820658527558,1.488888888888889,0.03333333333333336,20.830000000000005,9.0,20.48,20.48,,1.0,20.67,20.67,,1.0,20.33,20.33,,1.0,,,,,20.895,20.89,0.06449806198638738,6.0,,,,,,,,,,,,,,,,
136,2_1_LC08_013030_20170925,156.37240745,3.35,43.16117086,1.0027526,43003.647981712966,1506353585620.0,0.9985435479172736,17140,18166,8.47623138742463,32.24834113999998,24.668269266788357,24.565384632902433,22.749663560000048,24.31210938906686,24.93449637292779,2.141715376418905,0.8451752993320253,46.83882914,"{""type"":""MultiPoint"",""coordinates"":[]}",2017-09-25 15:33:05.620000+00:00,LC08_013030_20170925,21.326666666666668,0.29770231216211357,1.5,0.0,21.32,6.0,,,,,,,,,,,,,,,,,21.32,21.326666666666668,0.2977023121621154,6.0,,,,,,,,,,,,,,,,
137,1_2_1_LE07_013030_20171003,159.09341814,4.0,40.51219885,1.0004927,43011.64964783565,1507044929573.0,0.795106321002039,13648,14511,14.112327756511586,23.56657034,17.879424804688288,17.884826873404055,14.727570620000053,17.509886570515793,18.264485604879393,2.108742301825131,0.461589295749679,49.48780115,"{""type"":""MultiPoint"",""coordinates"":[]}",2017-10-03 15:35:29.573000+00:00,LE07_013030_20171003,18.606666666666666,0.07174027227901175,1.5,0.0,18.615000000000002,6.0,,,,,,,,,,,,,,,,,18.615000000000002,18.606666666666666,0.07174027227901231,6.0,,,,,,,,,,,,,,,,
138,2_1_LC08_013030_20171011,160.11483282,67.15,37.56598033,0.9981546999999998,43019.6480397338,1507735990633.0,0.4820273812991552,8274,8856,1.4225656724660594,19.376077819999978,14.66301911985695,15.938096638679848,-0.004095580000011978,13.44031450273024,16.93825823006512,-1.4698726521915746,3.0832553490488537,52.43401967,"{""type"":""MultiPoint"",""coordinates"":[]}",2017-10-11 15:33:10.633000+00:00,LC08_013030_20171011,18.033333333333335,0.03204163957519605,1.5,0.0,18.045,6.0,,,,,,,,,,,,,,,,,18.045,18.033333333333335,0.03204163957519591,6.0,,,,,,,,,,,,,,,,
141,1_2_1_LE07_013030_20171104,163.87946937,54.0,29.76898669,0.9916552,43043.649669143524,1509809731414.0,0.7244975240314594,12436,13239,0.9330515878943596,9.255320600000003,6.160446313015616,6.152671559878713,1.0178924000000509,5.416386077051746,6.832995174124861,-0.42539221569719216,1.058508914386294,60.23101331,"{""type"":""MultiPoint"",""coordinates"":[]}",2017-11-04 15:35:31.414000+00:00,LE07_013030_20171104,13.0,0.0,1.5,0.0,13.0,4.0,,,,,,,,,,,,,,,,,13.0,13.0,0.0,4.0,,,,,,,,,,,,,,,,
142,2_1_LC08_013030_20171112,163.71901035,28.47,27.38811643,0.9897209000000001,43051.64802496528,1510500789357.0,1.0,17165,18204,1.5008056035490849,9.19721426000001,8.045467376355315,8.31305287821562,3.1336467800000487,7.688850905189577,8.691579496375043,-1.336031771728031,0.9646690955191468,62.61188357,"{""type"":""MultiPoint"",""coordinates"":[]}",2017-11-12 15:33:09.357000+00:00,LC08_013030_20171112,10.18,0.0,1.5,0.0,10.18,4.0,,,,,,,,,,,,,,,,,10.18,10.18,0.0,4.0,,,,,,,,,,,,,,,,
143,2_1_LC08_013030_20171128,163.57854245,49.63,23.72063951,0.9864813,43067.6479498264,1511883182865.0,0.9801339935916108,16824,17799,1.8226192436913744,3.3694901600000553,1.3979703700039232,1.5638643850111948,-3.3571731999999765,1.0639817367255655,2.064117773000774,-1.2329967927112793,0.9289938159572207,66.27936049,"{""type"":""MultiPoint"",""coordinates"":[]}",2017-11-28 15:33:02.865000+00:00,LC08_013030_20171128,6.14,0.0,1.5,0.0,6.14,4.0,,,,,,,,,,,,,,,,,6.14,6.14,0.0,4.0,,,,,,,,,,,,,,,,
144,2_1_LC08_013030_20180523,139.42024726,0.29,62.59185055,1.0125102,43243.64708489584,1527089508135.0,1.0,17165,18205,4.314580988845397,27.240941840000005,15.793887140980036,15.563435691997116,14.242211780000048,14.81747585120349,16.181721779147342,1.91290714037011,1.5903050222473616,27.408149450000003,"{""type"":""MultiPoint"",""coordinates"":[]}",2018-05-23 15:31:48.135000+00:00,LC08_013030_20180523,13.986666666666666,0.086216781042517,0.85,0.0,13.97,3.0,,,,,,,,,,,,,,,,,13.97,13.986666666666666,0.08621678104251612,3.0,,,,,,,,,,,,,,,,
145,1_2_1_LE07_013030_20180531,137.93598512,32.0,63.730994700000004,1.0139011999999998,43251.64781802084,1527780771477.0,0.8670550538887271,14883,15773,0.7364110328590572,23.956224620000054,13.349570466427474,13.78547416006788,3.4959569000000097,12.056968308037405,15.063232516739518,-0.3588330239975526,2.6927222260146912,26.269005300000003,"{""type"":""MultiPoint"",""coordinates"":[]}",2018-05-31 15:32:51.477000+00:00,LE07_013030_20180531,16.59,0.341935666463737,0.45,0.30983866769659335,16.39,6.0,,,,,,,,,,,,,,,,,16.39,16.59,0.3419356664637372,6.0,,,,,,,,,,,,,,,,
146,1_2_1_LE07_013030_20180702,133.61339619,15.0,63.711056299999996,1.0166839,43283.6474040625,1530545535711.0,0.6666472473055637,11443,12115,7.482528813989233,34.78109396000002,23.482079012455202,23.08159419821208,21.026981480000018,23.08159419821208,23.590535046871718,2.2027194032387394,1.1842446661681598,26.2889437,"{""type"":""MultiPoint"",""coordinates"":[]}",2018-07-02 15:32:15.711000+00:00,LE07_013030_20180702,23.654583333333324,0.2481755894289474,0.18749999999999997,0.21174738846497995,23.68,24.0,,,,,,,,,,,,,,,,,23.450000000000003,23.578333333333333,0.26865715450489386,6.0,,,,,23.97,23.97,0.0,6.0,23.68,23.680000000000003,0.0,6.0,23.39,23.39,0.0,6.0
147,2_1_LC08_013030_20180710,134.11927854,24.33,62.86432354,1.0166549999999999,43291.64724266204,1531236721766.0,0.8230119429070784,14127,15032,6.737126952957892,35.553566480000036,25.070791150429248,24.931666124538975,12.779299219999983,24.56358458193996,25.561911572856705,0.39514146067724804,1.4308123154373518,27.13567646,"{""type"":""MultiPoint"",""coordinates"":[]}",2018-07-10 15:32:01.766000+00:00,LC08_013030_20180710,24.380416666666665,0.5763941825029021,0.18749999999999997,0.21174738846497995,24.25,24.0,,,,,,,,,,,,,,,,,23.85,23.965,0.20608250774871625,6.0,,,,,24.25,24.266666666666666,0.040824829046387734,6.0,25.32,25.319999999999997,0.0,6.0,23.97,23.97,0.0,6.0
148,1_2_1_LE07_013030_20180718,135.09932315,2.0,61.68721521,1.0162792999999999,43299.64719672454,1531927917797.0,0.8816778327993009,15134,16078,1.4395980206722945,32.460258380000035,24.51959966264092,24.43991771093765,21.66956923999999,24.09432373369141,24.931541871581512,0.7039109690117782,0.7831072702105955,28.31278479,"{""type"":""MultiPoint"",""coordinates"":[]}",2018-07-18 15:31:57.797000+00:00,LE07_013030_20180718,24.508749999999996,0.5194253723022247,0.18749999999999997,0.21174738846497995,24.645,24.0,,,,,,,,,,,,,,,,,24.229999999999997,24.256666666666664,0.07527726527090679,6.0,,,,,25.03,25.045,0.03674234614174863,6.0,24.93,24.930000000000003,0.0,6.0,23.77,23.80333333333333,0.051639777949433,6.0
149,1_2_1_LE07_013030_20180819,143.7430742,19.0,54.70633965,1.0120151,43331.64679018519,1534692682672.0,0.8519662103116807,14624,15497,18.438012550527816,28.922607680000052,23.339123704050483,23.39883725416703,20.77746602000002,23.04098031382369,23.39883725416703,3.0393170326139374,0.4763795510259836,35.29366035,"{""type"":""MultiPoint"",""coordinates"":[]}",2018-08-19 15:31:22.672000+00:00,LE07_013030_20180819,23.95875,0.17592766547152502,0.5125,0.35821113521400244,23.87,24.0,,,,,,,,,,,,,,,,,23.85,23.87833333333333,0.05307227776030021,6.0,,,,,23.87,23.83666666666667,0.051639777949432614,6.0,24.25,24.25,0.0,6.0,23.87,23.87,0.0,6.0
150,2_1_LC08_013030_20180827,146.97596312,24.93,52.60094779,1.0102946,43339.64751513889,1535383945308.0,0.44491698223128456,7637,8159,10.773385873421452,29.66431802,23.35258176493649,23.312439579459294,21.549938540000028,23.06489617520147,23.42901274772501,2.7332889552597157,0.6926068668002495,37.39905221,"{""type"":""MultiPoint"",""coordinates"":[]}",2018-08-27 15:32:25.308000+00:00,LC08_013030_20180827,23.496249999999993,0.548062298109162,0.5125,0.35821113521400244,23.735,24.0,,,,,,,,,,,,,,,,,23.130000000000003,23.290000000000003,0.2606913884270048,6.0,,,,,23.77,23.77,0.0,6.0,24.16,24.16,0.0,6.0,22.765,22.765,0.0492950301754644,6.0
151,1_2_1_LE07_013030_20180904,149.0863873,24.0,50.020808200000005,1.0084507,43347.64656032408,1536075062812.0,0.5343431401106904,9172,9735,4.710601173810818,29.91725150000002,22.682607106159907,22.58697660105021,19.160742560000017,22.11143728001666,23.057992910876642,1.3191623806345556,0.8719349381945419,39.979191799999995,"{""type"":""MultiPoint"",""coordinates"":[]}",2018-09-04 15:31:02.812000+00:00,LE07_013030_20180904,23.745833333333326,0.19192201012654705,0.28749999999999987,0.24058352974093777,23.77,24.0,,,,,,,,,,,,,,,,,23.5,23.663333333333338,0.25935818218569096,6.0,,,,,23.97,23.97,0.0,6.0,23.77,23.77,0.0,6.0,23.58,23.58,0.0,6.0
152,2_1_LC08_013030_20181014,160.51838499,11.47,36.58507033,0.9974156999999999,43387.64772984954,1539531163859.0,0.9962132245849112,17100,18131,5.477941746449902,15.503461160000025,13.571086485248113,14.193022276110016,5.126352440000005,13.187708203520115,14.436720987340136,-2.171598564584883,1.3796655725307272,53.41492967,"{""type"":""MultiPoint"",""coordinates"":[]}",2018-10-14 15:32:43.859000+00:00,LC08_013030_20181014,15.283333333333331,0.01527525231652011,0.85,0.0,15.28,3.0,,,,,,,,,,,,,,,,,15.28,15.283333333333331,0.015275252316520207,3.0,,,,,,,,,,,,,,,,
153,1_2_1_LE07_013030_20181022,160.95405142,45.0,33.68153256,0.9951671000000001,43395.64578385417,1540222195725.0,0.837401689484416,14374,15233,7.6288142332498134,13.086921019999973,10.442278410680403,10.525198684058449,4.2650114000000485,10.18038734778282,10.858003054019289,-2.131039247085996,0.6459247540315294,56.31846744,"{""type"":""MultiPoint"",""coordinates"":[]}",2018-10-22 15:29:55.725000+00:00,LE07_013030_20181022,11.254999999999999,0.009999999999999787,1.5,0.0,11.26,4.0,,,,,,,,,,,,,,,,,11.26,11.254999999999999,0.00999999999999954,4.0,,,,,,,,,,,,,,,,
154,1_2_1_LE07_013030_20181107,162.48680647,30.0,28.64553661,0.9909771,43411.645543217586,1541604574934.0,0.4848820273812992,8323,8878,12.011832788113177,13.476575300000036,8.064513850040113,7.978866341356392,4.5213628999999855,7.978866341356392,8.35689213600833,2.31524805146643,0.6072208022347722,61.35446339,"{""type"":""MultiPoint"",""coordinates"":[]}",2018-11-07 15:29:34.934000+00:00,LE07_013030_20181107,8.274999999999999,0.019148542155127127,1.5,0.0,8.27,4.0,,,,,,,,,,,,,,,,,8.27,8.274999999999999,0.019148542155127745,4.0,,,,,,,,,,,,,,,,
155,1_2_1_LE07_013030_20190518,137.12954709,5.0,60.68392321,1.0114827,43603.6413177662,1558193009855.0,0.8555199533935334,14685,15592,5.607545622365102,21.690077360000032,10.770067660535105,10.259153682976509,8.711855420000006,9.854716656975565,11.437689660954694,1.9327595697459965,1.5841336853653898,29.31607679,"{""type"":""MultiPoint"",""coordinates"":[]}",2019-05-18 15:23:29.855000+00:00,LE07_013030_20190518,9.275,0.0378593889720018,1.5,0.0,9.29,4.0,,,,,,,,,,,,,,,,,9.29,9.275,0.037859388972001605,4.0,,,,,,,,,,,,,,,,
156,2_1_LC08_013030_20190526,139.13906051,33.12,63.09598096,1.0130392,43611.64762237269,1558884754573.0,0.6098456160792309,10468,11067,3.1498446891703,26.60860814,15.102319707264824,14.68768201000009,12.338374639999984,13.812428885348869,15.5569864111127,1.7754745365229954,2.3136807755841207,26.90401904,"{""type"":""MultiPoint"",""coordinates"":[]}",2019-05-26 15:32:34.573000+00:00,LC08_013030_20190526,12.365000000000002,0.035071355833499566,1.5,0.0,12.365000000000002,6.0,,,,,,,,,,,,,,,,,12.365000000000002,12.365000000000002,0.035071355833499865,6.0,,,,,,,,,,,,,,,,
157,1_2_1_LE07_013030_20190603,132.98522409999998,20.0,62.6770968,1.014316,43619.640920046295,1559575375492.0,0.8606466647247305,14773,15645,5.115834761413637,25.128605480000033,15.137398884076102,15.017756714259619,13.27491212000001,14.31510426431712,15.69137774778043,1.748645881181289,1.0706230810913635,27.3229032,"{""type"":""MultiPoint"",""coordinates"":[]}",2019-06-03 15:22:55.492000+00:00,LE07_013030_20190603,14.488333333333335,0.011690451944499872,1.5,0.0,14.49,6.0,,,,,,,,,,,,,,,,,14.49,14.488333333333335,0.011690451944499632,6.0,,,,,,,,,,,,,,,,
158,2_1_LC08_013030_20190627,133.95964740000002,31.28,64.19120022,1.0165905000000002,43643.64776685185,1561649567056.0,0.6869210602971162,11791,12605,3.2311669480249474,31.50321278000001,22.691471644232386,22.684146743076948,17.12360264000006,22.186987211700664,23.31349214695825,0.4451917605161048,1.477554412124193,25.80879978,"{""type"":""MultiPoint"",""coordinates"":[]}",2019-06-27 15:32:47.056000+00:00,LC08_013030_20190627,21.820000000000004,0.20435263639111684,1.5,0.0,21.78,6.0,,,,,,,,,,,,,,,,,21.78,21.820000000000004,0.20435263639111764,6.0,,,,,,,,,,,,,,,,
159,1_2_1_LE07_013030_20190705,129.3490062,6.0,61.97603131,1.0167008,43651.640098738426,1562340104531.0,0.8642004078065831,14834,15712,3.4812966434382107,35.53989439999997,24.738783686791912,24.955076888893817,19.47178238000004,24.49702000292548,25.39862789983676,0.7231160619900772,1.6833768267800764,28.02396869,"{""type"":""MultiPoint"",""coordinates"":[]}",2019-07-05 15:21:44.531000+00:00,LE07_013030_20190705,24.598333333333333,0.12480651692386285,1.5,0.0,24.615000000000002,6.0,,,,,,,,,,,,,,,,,24.615000000000002,24.598333333333333,0.12480651692386167,6.0,,,,,,,,,,,,,,,,
160,2_1_LC08_013030_20190713,134.75528932,26.46,62.60385571,1.0165520000000001,43659.647803449065,1563031970218.0,0.4988639673754733,8563,9029,10.474034493123458,30.905059280000053,24.75660718285913,24.690820058540343,22.927400600000052,24.43920251141371,24.932343420660988,2.549914855604004,0.6650665876242847,27.39614429,"{""type"":""MultiPoint"",""coordinates"":[]}",2019-07-13 15:32:50.218000+00:00,LC08_013030_20190713,24.92,0.13740451229854167,1.5,0.0,24.935000000000002,6.0,,,,,,,,,,,,,,,,,24.935000000000002,24.92,0.13740451229854128,6.0,,,,,,,,,,,,,,,,
161,2_1_LC08_013030_20190729,137.95031611,15.71,59.91697256,1.0153943,43675.647868611115,1564414375848.0,0.7856102534226624,13485,14157,11.659346606719813,34.661463260000005,25.69406804753529,25.562506804437408,24.03142106000001,25.318852220037474,25.80683188248033,2.7700605410304684,0.8053413691439207,30.08302744,"{""type"":""MultiPoint"",""coordinates"":[]}",2019-07-29 15:32:55.848000+00:00,LC08_013030_20190729,25.851666666666674,0.1692828008589934,1.5,0.0,25.870000000000005,6.0,,,,,,,,,,,,,,,,,25.870000000000005,25.851666666666674,0.16928280085899405,6.0,,,,,,,,,,,,,,,,
162,1_2_1_LE07_013030_20190806,135.24104759,12.0,56.61412127,1.0143010000000001,43683.63921248843,1565104827959.0,0.8339062044858724,14314,15178,12.540162123299858,30.358176080000018,23.819207216153952,23.94183198272573,22.38735344000003,23.561814713329447,23.94183198272573,2.8406743496786464,0.6846426019287677,33.38587873,"{""type"":""MultiPoint"",""coordinates"":[]}",2019-08-06 15:20:27.959000+00:00,LE07_013030_20190806,25.36333333333333,0.12274635093014585,1.5,0.0,25.394999999999996,6.0,,,,,,,,,,,,,,,,,25.394999999999996,25.36333333333333,0.1227463509301469,6.0,,,,,,,,,,,,,,,,
163,2_1_LC08_013030_20190814,142.73684021,33.61,56.28906615,1.0130033999999999,43691.64793539352,1565796781618.0,0.5648703757646374,9696,10410,1.3178698184793154,33.75226994000002,23.563749220091104,24.193735140877475,15.291543919999981,22.31018425367675,24.68077713707002,-0.2404490411347651,1.7642250207119448,33.71093385,"{""type"":""MultiPoint"",""coordinates"":[]}",2019-08-14 15:33:01.618000+00:00,LC08_013030_20190814,23.646666666666665,0.14306175822583353,1.5,0.0,23.625,6.0,,,,,,,,,,,,,,,,,23.625,23.646666666666665,0.1430617582258339,6.0,,,,,,,,,,,,,,,,
164,1_2_1_LE07_013030_20190822,140.40007468,61.0,52.649502299999995,1.0114615,43699.638747233796,1566487187761.0,0.6228371686571512,10691,11222,9.472918809024872,34.72640564000005,25.70700478823285,25.387388764848374,23.62809470000002,25.359008606510283,25.945746588750442,2.1168275325194332,0.8575107333082372,37.3504977,"{""type"":""MultiPoint"",""coordinates"":[]}",2019-08-22 15:19:47.761000+00:00,LE07_013030_20190822,24.130000000000006,0.055497747702045505,1.5,0.0,24.115000000000006,6.0,,,,,,,,,,,,,,,,,24.115000000000006,24.130000000000006,0.05549774770204558,6.0,,,,,,,,,,,,,,,,
165,2_1_LC08_013030_20190830,148.16000071,42.99,51.8490072,1.0097658,43707.64797958333,1567179185436.0,0.8798135741334109,15102,16001,17.347148856294375,30.12233270000001,22.48929841713093,22.43451640502928,21.078251780000016,22.314017841305066,22.55700636881707,3.4139051932183713,0.6287993978611109,38.1509928,"{""type"":""MultiPoint"",""coordinates"":[]}",2019-08-30 15:33:05.436000+00:00,LC08_013030_20190830,22.810000000000002,0.032863353450313375,1.5,0.0,22.815000000000005,6.0,,,,,,,,,,,,,,,,,22.815000000000005,22.810000000000002,0.032863353450312056,6.0,,,,,,,,,,,,,,,,
166,1_2_1_LE07_013030_20190907,145.82302021,8.0,47.98254106,1.0077679,43715.63826774305,1567869546333.0,0.7570055345179144,12994,13748,8.85378589489383,26.130085340000054,20.069888669831034,20.08707584644522,16.542539239999996,19.711328483301834,20.470290448556817,0.4909559471129018,0.5190093425385355,42.01745894,"{""type"":""MultiPoint"",""coordinates"":[]}",2019-09-07 15:19:06.333000+00:00,LE07_013030_20190907,20.633333333333336,0.03669695718539442,1.5,0.0,20.635000000000005,6.0,,,,,,,,,,,,,,,,,20.635000000000005,20.633333333333336,0.03669695718539444,6.0,,,,,,,,,,,,,,,,
167,2_1_LC08_013030_20190915,153.39389515,15.63,46.75536879,1.0056728000000001,43723.648036666666,1568561590368.0,0.7845033498397903,13466,14134,18.935642111510578,23.375161219999995,18.3614036183494,18.31115401642424,16.41949052000001,18.194568176933974,18.434743851805013,3.2518186899930903,0.4975784983537232,43.24463121,"{""type"":""MultiPoint"",""coordinates"":[]}",2019-09-15 15:33:10.368000+00:00,LC08_013030_20190915,19.166666666666668,0.02065591117977245,1.5,0.0,19.165,6.0,,,,,,,,,,,,,,,,,19.165,19.166666666666668,0.020655911179772002,6.0,,,,,,,,,,,,,,,,
168,1_2_1_LE07_013030_20191009,154.86056528,63.0,37.3191507,0.9989184999999999,43747.637316157416,1570634264116.0,0.8355374308185258,14342,15230,6.146294094838448,18.395106080000005,14.792939367326724,14.976388606572096,12.516111679999995,14.648570435178314,14.976388606572096,0.5478178745688154,0.3991942807519442,52.6808493,"{""type"":""MultiPoint"",""coordinates"":[]}",2019-10-09 15:17:44.116000+00:00,LE07_013030_20191009,15.538333333333332,0.01329160135825191,1.5,0.0,15.54,6.0,,,,,,,,,,,,,,,,,15.54,15.538333333333332,0.013291601358252364,6.0,,,,,,,,,,,,,,,,
169,2_1_LC08_013030_20191102,163.17651547,1.41,30.42773039,0.9922924000000001,43771.6481132176,1572708796982.0,1.0,17165,18205,3.026761830858627,11.921376200000054,10.030628801711293,10.186858410979298,6.3055693400000346,9.944052936446164,10.307600991318596,-1.6523701096964307,0.5971029615147053,59.57226961,"{""type"":""MultiPoint"",""coordinates"":[]}",2019-11-02 15:33:16.982000+00:00,LC08_013030_20191102,12.01,0.04195235392680576,1.5,0.0,12.004999999999999,6.0,,,,,,,,,,,,,,,,,12.004999999999999,12.01,0.04195235392680566,6.0,,,,,,,,,,,,,,,,
171,1_2_1_LE07_013030_20200520,129.64352364,0.0,58.80676326,1.0120347,43971.629212546286,1589987163964.0,0.8494611127293912,14581,15490,7.2872469028507645,24.72186110000001,12.997254297473473,12.841566475630696,10.400357299999996,12.483399306035915,13.533512118112323,2.171021022668049,1.5078086654146967,31.193236740000003,"{""type"":""MultiPoint"",""coordinates"":[]}",2020-05-20 15:06:03.964000+00:00,LE07_013030_20200520,12.123333333333333,0.08914407813571637,1.5,0.0,12.120000000000001,6.0,,,,,,,,,,,,,,,,,12.120000000000001,12.123333333333333,0.08914407813571612,6.0,,,,,,,,,,,,,,,,
172,1_2_1_LE07_013030_20200621,122.96927887,11.0,60.27403909,1.016285,44003.627906944435,1592751851160.0,0.7719778619283426,13251,13991,5.298989804336557,36.44908772000002,25.06667740484388,25.06560763215241,19.140234440000032,24.56731749204731,25.562393215089386,1.223504763055983,1.4556919198296012,29.72596091,"{""type"":""MultiPoint"",""coordinates"":[]}",2020-06-21 15:04:11.160000+00:00,LE07_013030_20200621,23.778333333333336,0.18269282051209915,1.5,0.0,23.744999999999997,6.0,,,,,,,,,,,,,,,,,23.744999999999997,23.778333333333336,0.18269282051209887,6.0,,,,,,,,,,,,,,,,
173,2_1_LC08_013030_20200715,135.10824417,67.71,62.20153096,1.0164583,44027.647756493054,1594827166161.0,0.43530439848528985,7472,7832,7.152115218092829,29.551523360000033,25.106299710731577,25.189903980452627,21.04407158000004,24.816399814301924,25.428444410429858,0.8119126961078693,0.6553436888636323,27.79846904,"{""type"":""MultiPoint"",""coordinates"":[]}",2020-07-15 15:32:46.161000+00:00,LC08_013030_20200715,24.890000000000004,0.17076299364909306,1.5,0.0,24.870000000000005,6.0,,,,,,,,,,,,,,,,,24.870000000000005,24.890000000000004,0.17076299364909325,6.0,,,,,,,,,,,,,,,,
174,2_1_LC08_013030_20200731,138.64445649,6.71,59.34214938,1.0150009,44043.64780653935,1596209570485.0,0.9945819982522576,17072,18105,20.78384186594405,33.58478696000003,25.66815786544665,25.558364400497037,24.793639520000053,25.444189453750838,25.68165087614605,3.894282328646254,0.6142006456214544,30.65785062,"{""type"":""MultiPoint"",""coordinates"":[]}",2020-07-31 15:32:50.485000+00:00,LC08_013030_20200731,25.47333333333333,0.048853522561497595,1.5,0.0,25.479999999999997,6.0,,,,,,,,,,,,,,,,,25.479999999999997,25.47333333333333,0.048853522561498754,6.0,,,,,,,,,,,,,,,,
175,1_2_1_LE07_013030_20200824,134.72439763,21.0,49.49579227,1.0108827,44067.62515246528,1598281213173.0,0.8193416836586076,14064,14916,10.73142559463308,32.80206038000006,23.511108057643987,23.671014835978347,22.17201818000001,23.172552895702005,23.671014835978347,2.428258791317336,0.8173331271416998,40.50420773,"{""type"":""MultiPoint"",""coordinates"":[]}",2020-08-24 15:00:13.173000+00:00,LE07_013030_20200824,24.07166666666667,0.03250640962436299,1.5,0.0,24.055,6.0,,,,,,,,,,,,,,,,,24.055,24.07166666666667,0.032506409624361576,6.0,,,,,,,,,,,,,,,,
176,1_2_1_LE07_013030_20200909,140.27453906,39.0,44.94950325,1.0070785,44083.624424837966,1599663550306.0,0.8469560151471016,14538,15449,3.581340384119743,27.011934500000052,18.3176339231975,18.480616786118677,14.854037360000007,17.689734792843264,18.894376424836963,0.6792529264099909,1.0056906392352272,45.05049675,"{""type"":""MultiPoint"",""coordinates"":[]}",2020-09-09 14:59:10.306000+00:00,LE07_013030_20200909,21.186666666666667,0.02658320271650052,1.5,0.0,21.195,6.0,,,,,,,,,,,,,,,,,21.195,21.186666666666667,0.026583202716501542,6.0,,,,,,,,,,,,,,,,
177,2_1_LC08_013030_20200917,154.20373542,60.95,45.82093315,1.0049697,44091.648023217596,1600356789206.0,0.8703757646373435,14940,15708,0.005648755820236051,21.43030784000001,15.365722343253742,15.565502391049904,7.840260320000027,13.936208703757448,17.31213524731875,-0.6647659795984355,2.178732843918539,44.17906685,"{""type"":""MultiPoint"",""coordinates"":[]}",2020-09-17 15:33:09.206000+00:00,LC08_013030_20200917,19.386666666666667,0.0206559111797705,1.5,0.0,19.380000000000003,6.0,,,,,,,,,,,,,,,,,19.380000000000003,19.386666666666667,0.020655911179771502,6.0,,,,,,,,,,,,,,,,
178,1_2_1_LE07_013030_20200925,145.35730653,7.0,39.91006948,1.0027235,44099.623691527784,1601045886948.0,0.8307602679871833,14260,15145,12.660406794019648,24.106617500000034,17.752439657176033,17.794829533752967,16.347712100000027,17.321366633985253,17.794829533752967,2.855211568307181,0.723187054376404,50.08993052,"{""type"":""MultiPoint"",""coordinates"":[]}",2020-09-25 14:58:06.948000+00:00,LE07_013030_20200925,17.123333333333335,0.05046450898073606,1.5,0.0,17.135000000000005,6.0,,,,,,,,,,,,,,,,,17.135000000000005,17.123333333333335,0.05046450898073674,6.0,,,,,,,,,,,,,,,,
179,2_1_LC08_013030_20201003,158.48897662,51.92,40.278620700000005,1.0003969000000001,44107.64806612269,1601739192913.0,0.447305563646956,7678,8205,4.325605112150367,16.163139020000017,14.658300885938733,15.18592272048296,5.4271382000000585,14.18993719383966,15.565014957316928,-1.9064388700868888,1.475203737298047,49.721379299999995,"{""type"":""MultiPoint"",""coordinates"":[]}",2020-10-03 15:33:12.913000+00:00,LC08_013030_20201003,17.42833333333333,0.0457893728573195,1.5,0.0,17.41,6.0,,,,,,,,,,,,,,,,,17.41,17.42833333333333,0.045789372857318496,6.0,,,,,,,,,,,,,,,,
180,1_2_1_LE07_013030_20201011,149.50651063,3.0,34.62749344,0.9981450999999999,44115.622986944436,1602428226072.0,0.8146227789105739,13983,14839,6.237342351244947,17.304757699999982,14.22390947934618,14.423862144601047,9.914998459999993,14.090616481996872,14.423862144601047,-1.0722364034812315,0.4942241355324992,55.37250656,"{""type"":""MultiPoint"",""coordinates"":[]}",2020-10-11 14:57:06.072000+00:00,LE07_013030_20201011,14.895000000000001,0.0408656334834034,0.75,0.0,14.89,6.0,,,,,,,,,,,,,,,,,,,,,14.89,14.895000000000001,0.04086563348340385,6.0,,,,,,,,,,,,
