system:index,cloud_cover,l_exceltime,pixel_count,temp_max,temp_mean,temp_median,temp_min,temp_p25,temp_p75,temp_skew,temp_stdDev,vapor_source,.geo
1_1_2_1_LT05_013030_19850901,5.0,31291.6266353125,17167,25.15253161999999,18.56075495165672,18.643325199555246,16.081106540000007,18.13535413541611,19.149701811739945,-0.5821343982414386,0.7335465529306439,NCEP,"{""type"":""MultiPoint"",""coordinates"":[]}"
1_1_2_1_LT05_013030_19850917,6.0,31307.626485729168,17159,23.057285360000037,17.74890783400151,17.794350317418942,15.934131680000007,17.65513012936237,17.802502335609663,1.5737485518296872,0.5521396592687166,NCEP,"{""type"":""MultiPoint"",""coordinates"":[]}"
1_1_2_1_LT05_013030_19851120,36.0,31371.625920659724,14742,16.904849360000014,8.779091956477625,8.725848144625132,7.272869000000014,8.131729589289375,8.856184854966012,2.226080087446676,1.1664042659922536,NCEP,"{""type"":""MultiPoint"",""coordinates"":[]}"
1_1_2_1_LT05_013030_19860515,41.0,31547.623305428242,17167,24.09978146000003,11.392647861270293,11.186278097801399,5.204966900000045,10.18584245207308,12.327420020839835,1.010713118306645,1.7604583434600318,NCEP,"{""type"":""MultiPoint"",""coordinates"":[]}"
1_1_2_1_LT05_013030_19860616,18.0,31579.622642476854,6005,10.222620259999985,-32.14805259511561,-32.16729362802075,-60.69787671999998,-41.43312975057745,-23.072659166445757,0.08625483639815233,11.595117100388041,NCEP,"{""type"":""MultiPoint"",""coordinates"":[]}"
1_1_2_1_LT05_013030_19860718,28.0,31611.621902997686,10452,32.62090532000002,20.50055988851608,20.726047144037437,17.28766760000002,19.308954341732107,21.569791871103995,0.6086192034698718,1.401124434770564,NCEP,"{""type"":""MultiPoint"",""coordinates"":[]}"
1_1_2_1_LT05_013030_19861022,4.0,31707.61961,17077,13.73292680000003,8.867389603625856,8.755334015061422,6.223536860000024,8.620701205304341,9.243070988379683,0.07582104369804414,0.8909187969945851,NCEP,"{""type"":""MultiPoint"",""coordinates"":[]}"
1_1_2_1_LT05_013030_19861123,72.0,31739.61879398148,6152,2.55941942000004,-1.4415256878649536,-1.0295557874184211,-6.026646819999996,-2.747616266317663,0.18050122165339427,-0.4307179317519856,1.9700180416435222,NCEP,"{""type"":""MultiPoint"",""coordinates"":[]}"
1_1_2_1_LT05_013030_19870502,17.0,31899.622471620372,17167,20.442500060000043,7.514084466342295,7.2753553244794045,6.141504380000015,6.709673131596433,7.836660610440311,2.415563681275278,1.6183405107523863,NCEP,"{""type"":""MultiPoint"",""coordinates"":[]}"
1_1_1_1_LT04_013030_19870526,38.0,31923.619376226852,17153,33.314763380000045,20.412140282009464,20.010460590667968,18.381434000000013,19.46944304574643,21.088405308968824,1.2204404579589645,1.3846285926717277,NCEP,"{""type"":""MultiPoint"",""coordinates"":[]}"
1_1_2_1_LT05_013030_19870619,19.0,31947.62330172454,17167,35.49204212000001,20.749472299010158,20.952628002933388,16.228081400000008,20.18298078861783,21.57157587579465,0.661385161596752,1.77281653023344,NCEP,"{""type"":""MultiPoint"",""coordinates"":[]}"
1_1_2_1_LT05_013030_19870806,17.0,31995.624085983796,17167,29.879653280000014,21.20923979914076,21.253761387827886,20.02550162,21.061304669393557,21.253761387827886,2.503095695050876,0.5088244937448508,NCEP,"{""type"":""MultiPoint"",""coordinates"":[]}"
1_1_2_1_LT05_013030_19871009,9.0,32059.625176574074,17167,12.974126360000014,11.286238951860847,11.391988357981967,8.024833400000034,11.245594646222628,11.391988357981967,-1.6266798720351154,0.5764135082021693,NCEP,"{""type"":""MultiPoint"",""coordinates"":[]}"
1_1_2_1_LT05_013030_19871025,34.0,32075.62535079861,15445,12.909183980000023,10.183397376713419,10.260983493167279,7.1429842400000325,10.121420137025051,10.672506030383355,-0.6174984033087599,0.5158784880776557,NCEP,"{""type"":""MultiPoint"",""coordinates"":[]}"
1_1_2_1_LT05_013030_19880605,26.0,32299.627368541667,17167,27.81858722000004,16.735671584147113,16.679918341410197,14.55325160000001,15.887307982631729,17.337041426567346,1.7970590868660208,1.4423284901468985,NCEP,"{""type"":""MultiPoint"",""coordinates"":[]}"
1_1_2_1_LT05_013030_19880621,12.0,32315.627430590277,16913,22.828278020000027,13.858784055679473,13.738198236402908,10.28072659999998,13.335437363773925,14.669301037921532,0.4962510015345723,1.2687133903605468,NCEP,"{""type"":""MultiPoint"",""coordinates"":[]}"
1_1_2_1_LT05_013030_19880707,13.0,32331.627477523147,17157,31.52030288000003,21.67443424529233,21.7986380995036,19.372659800000008,20.94500721444246,21.942013072951195,1.6809018825705013,1.1118360988576945,NCEP,"{""type"":""MultiPoint"",""coordinates"":[]}"
1_1_2_1_LT05_013030_19880723,32.0,32347.627514131942,8176,28.170643280000036,19.257814592886536,19.463480707741738,8.58880670000002,17.95232457162576,21.532124546392634,-0.8709863586629591,2.808911775165193,NCEP,"{""type"":""MultiPoint"",""coordinates"":[]}"
1_1_2_1_LT05_013030_19880808,29.0,32363.627508090278,6908,35.79624590000003,26.43036925651403,26.541488480809196,24.106617500000027,25.84145576531824,26.65720824048987,0.5468437746767784,0.6814692421879872,NCEP,"{""type"":""MultiPoint"",""coordinates"":[]}"
1_1_2_1_LT05_013030_19880909,38.0,32395.627551331017,16970,23.46061172000003,17.77365313903974,17.682824920925036,4.500854780000054,17.539497124907314,18.1596157918913,-2.9181408746300552,0.6793045312001098,NCEP,"{""type"":""MultiPoint"",""coordinates"":[]}"
1_1_2_1_LT05_013030_19880925,7.0,32411.62747385417,17167,20.883424640000044,16.18919637515256,16.341624837391837,14.187523460000023,15.959379461276788,16.496143750803153,1.060686901374807,0.4092287539063695,NCEP,"{""type"":""MultiPoint"",""coordinates"":[]}"
1_1_2_1_LT05_013030_19881027,3.0,32443.627395798612,17166,11.504377760000011,9.060712749017643,9.221229989323994,6.476470339999992,8.812022871952646,9.361410399712689,-1.0663053755068623,0.4361003594476181,NCEP,"{""type"":""MultiPoint"",""coordinates"":[]}"
1_1_2_1_LT05_013030_19881112,10.0,32459.62742542824,17165,7.071205820000046,5.780318654495986,6.102591610076168,0.5940579200000116,5.566616655164022,6.246149885356013,-1.4727140446039195,0.8731786343450461,NCEP,"{""type"":""MultiPoint"",""coordinates"":[]}"
1_1_2_1_LT05_013030_19890507,36.0,32635.62611375,12305,17.998615760000007,8.048302178325951,7.88061935897281,6.127832300000023,7.300633706258402,8.458007634253455,2.204632114891222,1.4621897145854748,NCEP,"{""type"":""MultiPoint"",""coordinates"":[]}"
1_1_2_1_LT05_013030_19890726,1.0,32715.625039953702,17167,35.235690620000014,24.427679785602802,24.352099212716784,22.56509047999998,24.196057473660527,24.352099212716784,2.34642926894071,1.11769370847628,NCEP,"{""type"":""MultiPoint"",""coordinates"":[]}"
1_1_1_1_LT04_013030_19890819,26.0,32739.62941898148,15418,30.898223239999993,22.785156822898532,23.141726899123224,18.118246460000023,22.573032567386473,23.141726899123224,-1.75908407093508,1.064474103803341,NCEP,"{""type"":""MultiPoint"",""coordinates"":[]}"
1_1_2_1_LT05_013030_19890827,2.0,32747.624550416665,17167,24.15105176000003,18.146710831014996,18.20743170599734,16.081106540000007,18.05604493279249,18.20743170599734,1.9103542396148292,0.4133395391098905,NCEP,"{""type"":""MultiPoint"",""coordinates"":[]}"
1_1_2_1_LT05_013030_19890928,0.0,32779.624037546295,17167,18.699309860000028,15.998337110061085,15.953094306723377,12.68701268000001,15.820445125864975,16.35600586595206,-1.2644188386052542,0.5364791825119986,NCEP,"{""type"":""MultiPoint"",""coordinates"":[]}"
1_1_2_1_LT05_013030_19891014,27.0,32795.62367177084,17163,17.226143240000056,11.01932431924325,11.778714802807903,6.616609160000053,9.432883478232291,12.322747794278802,-0.5772520399074093,1.7693091659882094,NCEP,"{""type"":""MultiPoint"",""coordinates"":[]}"
1_1_2_1_LT05_013030_19891030,36.0,32811.62335378472,16302,12.885257840000008,7.082888399982819,6.817650596463769,5.553604940000014,6.683820291446661,7.442465830750203,2.126751777892577,0.6873995329178382,NCEP,"{""type"":""MultiPoint"",""coordinates"":[]}"
1_1_2_1_LT05_013030_19900526,41.0,33019.62018670139,15903,22.83853208000005,11.456182702841847,11.44402905003338,0.22832978000002413,9.56894998525778,14.35855148369656,-0.6064285257818965,3.2462274166795284,NCEP,"{""type"":""MultiPoint"",""coordinates"":[]}"
1_1_2_1_LT05_013030_19900627,52.0,33051.620179398145,17167,32.63457740000001,22.468561456075054,22.50857056747009,21.00989138,21.827010380924296,22.50857056747009,1.5328649746280016,0.9237894696830492,NCEP,"{""type"":""MultiPoint"",""coordinates"":[]}"
1_1_1_1_LT04_013030_19900721,39.0,33075.62649188658,9670,29.927505559999986,22.09014860479041,22.033950936480128,14.54983358000004,20.728025075170457,23.31573038825256,0.10565592294546983,1.7978463133596432,NCEP,"{""type"":""MultiPoint"",""coordinates"":[]}"
1_1_2_1_LT05_013030_19900729,13.0,33083.62010068287,15056,33.21564080000002,24.603912979177174,24.351566595986178,22.780425740000055,24.203111426411805,25.05409012350614,1.1074086032355315,0.7975940283690347,NCEP,"{""type"":""MultiPoint"",""coordinates"":[]}"
1_1_2_1_LT05_013030_19900830,5.0,33115.619964895835,17167,27.03586064000001,22.188482332701327,22.312381628865047,20.10411608000004,21.878629017128695,22.463026194126506,0.2007290929500001,0.4154863022303296,NCEP,"{""type"":""MultiPoint"",""coordinates"":[]}"
1_1_2_1_LT05_013030_19901001,4.0,33147.61980625,13905,17.250069380000014,14.530882134632272,14.594921750548602,10.147423820000029,14.449649937879762,14.9765649737174,-1.7201747628898516,0.777479121639102,NCEP,"{""type"":""MultiPoint"",""coordinates"":[]}"
1_1_2_1_LT05_013030_19901017,27.0,33163.61975449074,15909,16.768128560000036,13.75345571288953,13.586442225083792,11.066871200000037,13.444507949512394,14.020108024100926,0.20115811477918055,0.4631833187144959,NCEP,"{""type"":""MultiPoint"",""coordinates"":[]}"
1_1_2_1_LT05_013030_19901118,52.0,33195.61969028935,6845,6.124414279999996,3.9791733640195717,4.08163306863222,-1.0910259400000086,3.9402786824578873,4.483771771327965,-1.6908277122104935,0.9168372596709774,NCEP,"{""type"":""MultiPoint"",""coordinates"":[]}"
1_1_2_1_LT05_013030_19910513,0.0,33371.621738877315,17167,26.748746960000005,13.77464949641075,13.26950364960274,11.948720360000038,13.133322005302169,13.85655457311607,2.221700533689507,1.8338632867903624,NCEP,"{""type"":""MultiPoint"",""coordinates"":[]}"
1_1_2_1_LT05_013030_19910529,19.0,33387.62191469908,17167,28.156971200000044,19.410882212540468,19.342998412358632,17.824296740000023,18.654692262962367,19.463352258057746,1.9557963243965355,1.206466651172171,NCEP,"{""type"":""MultiPoint"",""coordinates"":[]}"
1_1_2_1_LT05_013030_19910716,1.0,33435.62236876157,16817,31.81425260000003,20.6889407131177,20.384522712605957,19.054783939999993,20.24062039003303,20.973655333768168,2.3301136704105683,1.0126399233886607,NCEP,"{""type"":""MultiPoint"",""coordinates"":[]}"
1_1_2_1_LT05_013030_19910801,35.0,33451.62247333334,17069,35.42368171999999,22.992186026925122,22.740787235987945,21.15003020000006,22.611699353316066,23.459903176922367,2.16988765012781,1.0278300597372696,NCEP,"{""type"":""MultiPoint"",""coordinates"":[]}"
1_1_2_1_LT05_013030_19910817,5.0,33467.622522847225,15086,31.007599880000043,18.295529076362552,19.775983688674213,4.989631640000027,14.254908796930088,22.202888127743385,-0.5539557122891935,4.766718295613884,NCEP,"{""type"":""MultiPoint"",""coordinates"":[]}"
1_1_2_1_LT05_013030_19910902,0.0,33483.62267664352,17167,24.26726444000002,19.9698199361996,19.86594480475066,16.81598084000001,19.716071591235877,20.244342194393305,-1.1306755778867696,0.531118197873402,NCEP,"{""type"":""MultiPoint"",""coordinates"":[]}"
1_1_2_1_LT05_013030_19910918,69.0,33499.62280859954,13956,22.66079504000004,13.56443463008988,13.415343637446593,6.671297480000021,11.338827355523508,15.571538715918749,0.253524387626545,2.8956629865093646,NCEP,"{""type"":""MultiPoint"",""coordinates"":[]}"
1_1_2_1_LT05_013030_19911004,7.0,33515.62284049769,16113,20.083607959999995,14.99393295528666,14.93971015845777,13.633804220000002,14.811728189131756,14.93971015845777,2.3250810170951994,0.5919146184004618,NCEP,"{""type"":""MultiPoint"",""coordinates"":[]}"
1_1_2_1_LT05_013030_19911105,43.0,33547.62295592592,16154,8.657167100000038,5.775774081495663,5.988942396504503,-2.0002192599999944,4.356953993539683,7.597549230027836,-0.6799935649990735,1.913566050334134,NCEP,"{""type"":""MultiPoint"",""coordinates"":[]}"
1_1_2_1_LT05_013030_19920515,35.0,33739.622629108795,14801,19.27353721999998,10.419303877798592,10.214836077848467,7.173746420000043,10.065530854654641,10.78169747056558,1.9222455988488343,1.285303659580588,NCEP,"{""type"":""MultiPoint"",""coordinates"":[]}"
1_1_2_1_LT05_013030_19920616,1.0,33771.622378217595,17167,26.389854860000014,18.34086813700971,18.30990697018368,17.27057750000006,17.94316597616584,18.462411370935524,2.985446440591751,0.756112258921893,NCEP,"{""type"":""MultiPoint"",""coordinates"":[]}"
1_1_2_1_LT05_013030_19920819,64.0,33835.62179027778,11171,27.08713094000001,18.395513032272497,18.119952062530682,16.56988339999998,17.99429669687354,18.739421046696997,1.7336108873321654,0.840493444355637,NCEP,"{""type"":""MultiPoint"",""coordinates"":[]}"
1_1_2_1_LT05_013030_19920920,1.0,33867.621452754625,17165,21.29700506000006,17.9483044270618,17.953126049670143,14.307154159999982,17.803933195886607,18.360923110962077,-0.4716413800616603,0.48739269910549027,NCEP,"{""type"":""MultiPoint"",""coordinates"":[]}"
1_1_2_1_LT05_013030_19921006,0.0,33883.62116765046,17166,14.28664604000005,12.574249953107874,12.838495826084182,8.489684119999993,12.448894601945321,12.984266420073492,-1.8637706232636595,0.6287920732817252,NCEP,"{""type"":""MultiPoint"",""coordinates"":[]}"
1_1_2_1_LT05_013030_19921022,62.0,33899.621063969906,9134,12.01024472000006,9.600879094095943,9.838523933519259,5.922751100000028,9.431514161634727,9.838523933519259,-2.1074051173070996,0.620433814533081,NCEP,"{""type"":""MultiPoint"",""coordinates"":[]}"
1_1_2_1_LT05_013030_19930502,0.0,34091.62176577546,17167,21.478160119999984,7.565421136778265,7.296795140000079,4.85291084000005,6.589104171542769,7.869093034610324,2.1604216064526347,2.0215508129241457,NCEP,"{""type"":""MultiPoint"",""coordinates"":[]}"
1_1_2_1_LT05_013030_19930603,10.0,34123.62183099537,8759,24.096363440000005,12.561052613443815,12.518443173314463,9.009223160000033,11.957035773650668,13.067786823027758,1.7482948489599526,1.331716582366397,NCEP,"{""type"":""MultiPoint"",""coordinates"":[]}"
1_1_2_1_LT05_013030_19930705,3.0,34155.621730405095,17167,36.33629306,22.383468587329933,22.33826634157559,20.14171429999999,21.738686484158453,23.050753082647272,1.8698076090799165,1.2166772700295747,NCEP,"{""type"":""MultiPoint"",""coordinates"":[]}"
1_1_2_1_LT05_013030_19930806,26.0,34187.621736597226,16126,30.101824580000027,17.849220518980214,17.636523153075323,13.247567960000026,16.408671302331634,19.466480234184456,0.17803100151212228,1.952005138096744,NCEP,"{""type"":""MultiPoint"",""coordinates"":[]}"
1_1_2_1_LT05_013030_19931025,22.0,34267.62154287037,15227,14.566923680000059,10.135822214233604,10.025959583877862,7.115640080000048,9.881385966208214,10.571405456516498,0.14606426507490428,0.5135872627756829,NCEP,"{""type"":""MultiPoint"",""coordinates"":[]}"
1_1_2_1_LT05_013030_19931110,1.0,34283.62145925926,17163,8.534118379999995,6.380935830800394,6.413819632929145,3.058450340000036,5.861154759002894,6.820445414355184,-0.5419010786278933,0.6269195987348508,NCEP,"{""type"":""MultiPoint"",""coordinates"":[]}"
1_1_2_1_LT05_013030_19931126,61.0,34299.62139663195,17157,4.288937540000006,1.803177536466283,1.8134319341685683,-3.859622139999999,1.6704804683260535,2.363771490304495,-1.4476802253290109,0.9904061464807729,NCEP,"{""type"":""MultiPoint"",""coordinates"":[]}"
1_1_2_1_LT05_013030_19940521,1.0,34475.61965320602,17167,25.942094240000017,12.226687805120159,11.88354613729097,10.208948179999993,11.328238395892287,12.578111399618761,1.9018840191182915,1.8756392200754688,NCEP,"{""type"":""MultiPoint"",""coordinates"":[]}"
1_1_2_1_LT05_013030_19940622,5.0,34507.6192028588,17144,27.418678880000016,21.175281457646772,21.041760844220068,18.815522540000018,20.5955420750156,21.629724026536362,0.8055924689424948,0.9623825043441959,NCEP,"{""type"":""MultiPoint"",""coordinates"":[]}"
1_1_2_1_LT05_013030_19940724,45.0,34539.61860458333,7265,28.56029755999998,23.782611562445187,23.734490038586745,20.53136858000005,23.0501929422133,24.558976147666524,-0.016855965093407047,0.9498821249471067,NCEP,"{""type"":""MultiPoint"",""coordinates"":[]}"
1_1_2_1_LT05_013030_19940809,16.0,34555.61830101852,17167,28.628657960000055,22.321518397059062,22.064549097275417,21.26966090000002,21.93622070025996,22.732020571734214,2.5864220586960247,0.5578953974316546,NCEP,"{""type"":""MultiPoint"",""coordinates"":[]}"
1_1_2_1_LT05_013030_19940825,10.0,34571.618031527774,17167,29.073000560000025,20.53168994519414,20.43141038578801,19.690535660000023,20.287237138065407,20.87778800351916,2.566752787067869,0.5412251851646629,NCEP,"{""type"":""MultiPoint"",""coordinates"":[]}"
1_1_2_1_LT05_013030_19940910,6.0,34587.61774851852,10042,19.96055924000001,16.306314681845087,16.519848824085567,12.690430699999979,16.122519977736104,16.660173361738515,-0.8941875170937894,0.5673330486018012,NCEP,"{""type"":""MultiPoint"",""coordinates"":[]}"
1_1_2_1_LT05_013030_19941012,0.0,34619.61711619213,17167,14.515653380000003,11.512380063893506,11.64465968445035,8.530700360000026,11.252667239491991,11.788336564763247,-1.4069446429057966,0.4857373828763126,NCEP,"{""type"":""MultiPoint"",""coordinates"":[]}"
1_1_2_1_LT05_013030_19941028,1.0,34635.6167430787,17165,13.179207560000009,10.626099512467421,10.58199824370185,8.359799360000011,10.438120260546231,10.9866503371016,0.42220553762260044,0.3929757192018129,NCEP,"{""type"":""MultiPoint"",""coordinates"":[]}"
1_1_2_1_LT05_013030_19941113,45.0,34651.61635582176,17163,10.837863860000027,8.16430085622321,8.102147329402351,5.7039978200000405,7.960651202311377,8.520130556309736,-0.06550435622221708,0.4408244400989664,NCEP,"{""type"":""MultiPoint"",""coordinates"":[]}"
1_1_2_1_LT05_013030_19941129,54.0,34667.615990983795,16974,5.912497040000005,4.005937846836484,4.005037542956721,1.2810799400000406,3.5769666091774557,4.142930234808479,-0.7727303946654104,0.5411205469237609,NCEP,"{""type"":""MultiPoint"",""coordinates"":[]}"
1_1_2_1_LT05_013030_19950508,11.0,34827.61166737269,8158,17.530347020000022,7.310490957540879,6.923617380194255,5.615129300000035,6.783498871802847,7.5028257206209,2.405284718027599,1.2009316412876196,NCEP,"{""type"":""MultiPoint"",""coordinates"":[]}"
1_1_2_1_LT05_013030_19950727,38.0,34907.60914927084,13526,33.19513268000003,24.399518211723013,24.546547985641947,22.835114060000024,23.830908908059854,24.645646609062588,1.4249689533108851,0.7068447121908327,NCEP,"{""type"":""MultiPoint"",""coordinates"":[]}"
1_1_2_1_LT05_013030_19950828,16.0,34939.608121412035,6284,14.419948820000059,10.311316159448062,10.345845741956117,2.689304180000022,9.246652680000022,11.653420025491917,-0.4195365953698899,1.7430288943261276,NCEP,"{""type"":""MultiPoint"",""coordinates"":[]}"
1_1_2_1_LT05_013030_19950929,20.0,34971.60702517361,17167,14.40285872000004,10.455704942014812,10.626694700920622,4.220577140000046,9.717799566272923,11.29633369551202,-0.5628654567522466,1.2408794502597562,NCEP,"{""type"":""MultiPoint"",""coordinates"":[]}"
1_1_2_1_LT05_013030_19951116,26.0,35019.60583689815,16180,7.874440520000007,5.1059339167866735,5.283493130373694,0.9461139800000069,4.875951467304848,5.426414249180518,-1.0828146688167901,0.815395548053626,NCEP,"{""type"":""MultiPoint"",""coordinates"":[]}"
1_1_2_1_LT05_013030_19960526,1.0,35211.614319837965,16792,22.407861560000015,12.609658974747713,12.673347056140628,10.106407579999996,12.136398653504681,12.820488028555163,1.9433209544168801,1.1230361972647336,NCEP,"{""type"":""MultiPoint"",""coordinates"":[]}"
1_1_2_1_LT05_013030_19960611,59.0,35227.61493390046,6060,24.61248446000002,14.044335823375,14.601793653538655,5.218638980000037,12.788673929750766,15.50041528942655,-0.6395625702556621,3.096915469962526,NCEP,"{""type"":""MultiPoint"",""coordinates"":[]}"
1_1_2_1_LT05_013030_19960814,5.0,35291.61728443287,16871,30.826444820000006,21.708735375000444,21.623996181185404,19.87169072000006,21.14636220482635,21.774480023223223,2.408636244926889,0.6850796878423376,NCEP,"{""type"":""MultiPoint"",""coordinates"":[]}"
1_1_2_1_LT05_013030_19960830,0.0,35307.617884756946,17167,25.613964320000036,19.868555853332257,19.868630614333952,16.515195080000012,19.18762877029252,20.763574611034382,-0.24006223163564602,1.016482030739449,NCEP,"{""type"":""MultiPoint"",""coordinates"":[]}"
1_1_2_1_LT05_013030_19960915,47.0,35323.61849591435,14464,25.080753200000004,18.590402422306358,18.712539797036193,14.276391980000028,18.569298802070463,18.712539797036193,-0.6096855968301043,0.6131593995124942,NCEP,"{""type"":""MultiPoint"",""coordinates"":[]}"
1_1_2_1_LT05_013030_19961001,17.0,35339.61909150463,17167,19.03427582000006,14.784804737305707,14.682854764086882,13.295420239999999,14.546992568950314,15.167256120817191,0.8804676921213312,0.4766549226993882,NCEP,"{""type"":""MultiPoint"",""coordinates"":[]}"
1_1_2_1_LT05_013030_19961017,19.0,35355.61966701389,16612,17.537183060000018,11.863462827026472,11.885634285697899,10.861790000000042,11.451046148802115,12.020364885802257,2.5216914591899764,0.452432268454251,NCEP,"{""type"":""MultiPoint"",""coordinates"":[]}"
1_1_2_1_LT05_013030_19970614,25.0,35595.62660290509,9484,25.784865319999994,19.274257789239975,19.26552450360932,17.133856700000024,18.855015015729123,19.421362312224623,1.2370926836351672,0.841728609769897,NCEP,"{""type"":""MultiPoint"",""coordinates"":[]}"
1_1_2_1_LT05_013030_19970630,4.0,35611.62699884259,17166,32.95587128,21.578228724538896,21.468645283345268,20.046009740000045,20.830216192187613,21.965706668781745,2.2983421838918847,1.1882836554413758,NCEP,"{""type"":""MultiPoint"",""coordinates"":[]}"
1_1_2_1_LT05_013030_19971105,17.0,35739.62966409722,16981,11.767565300000001,8.788970944783767,8.906750722083368,5.023811840000008,8.504689382858498,9.051870060454027,-0.3904398662252449,0.5004648976199709,NCEP,"{""type"":""MultiPoint"",""coordinates"":[]}"
1_1_2_1_LT05_013030_19980516,1.0,35931.63218732639,17167,27.845931380000025,14.29862802408679,13.949670686705488,11.86326986000006,13.168467305590218,14.592073188696219,1.9322975289344464,2.083989013491846,NCEP,"{""type"":""MultiPoint"",""coordinates"":[]}"
1_1_2_1_LT05_013030_19980703,16.0,35979.632651747685,9153,28.898681539999984,21.5364901414464,21.616943956825484,18.873628880000012,20.827295008406367,22.25704981223798,1.2541516307292901,1.175274522516997,NCEP,"{""type"":""MultiPoint"",""coordinates"":[]}"
1_1_2_1_LT05_013030_19981108,77.0,36107.63324837963,7141,9.340771099999984,6.485173635459477,6.806331682586793,1.7561847200000216,5.847198875859926,7.351368287447975,-1.1725682200864807,1.1082523210229778,NCEP,"{""type"":""MultiPoint"",""coordinates"":[]}"
1_1_2_1_LT05_013030_19990604,5.0,36315.63260732639,8631,26.50948556000003,17.355342044261686,17.093643294328032,14.310572180000008,16.68818440115737,17.7846288978198,1.4464102580568106,1.116597592781903,NCEP,"{""type"":""MultiPoint"",""coordinates"":[]}"
1_1_2_1_LT05_013030_19990620,50.0,36331.63251452547,9045,27.55539968000005,17.054381469406838,17.836168882941045,8.547790459999987,15.435219142263882,19.08858912932526,-0.564684599576174,2.6669855488004948,NCEP,"{""type"":""MultiPoint"",""coordinates"":[]}"
1_1_2_1_LT05_013030_19990722,16.0,36363.6323787963,12054,32.52520076000002,23.1843298790323,23.0975020631579,21.440561900000034,22.96610746524906,23.117467711072173,2.2752683225856813,1.0451122386463407,NCEP,"{""type"":""MultiPoint"",""coordinates"":[]}"
1_2_1_LE07_013030_19990730,5.0,36371.642905,16335,34.087235899999996,26.74710547716611,26.543007611055305,24.16814185999999,26.543007611055305,27.02403053461592,2.5904981404632417,0.7141924011152403,NCEP,"{""type"":""MultiPoint"",""coordinates"":[]}"
1_1_2_1_LT05_013030_19990807,12.0,36379.63234658565,16612,29.15161502000001,23.009234967639838,23.190686664731786,20.811646220000057,22.645705999467257,23.345319078621973,1.4935658548975372,0.5232361230163328,NCEP,"{""type"":""MultiPoint"",""coordinates"":[]}"
1_1_2_1_LT05_013030_19990823,8.0,36395.63218381944,17167,29.57203148000002,20.815303069793362,20.841153146420485,19.533306740000057,20.190602831980538,20.991215334235974,2.0403669787883167,0.7392370722766581,NCEP,"{""type"":""MultiPoint"",""coordinates"":[]}"
1_2_1_LE07_013030_19990831,0.0,36403.64294917824,17167,28.488519139999994,21.172027824553847,21.2244435050836,20.16905846000003,20.870404364077448,21.2244435050836,4.087465046773547,0.4900891690973679,NCEP,"{""type"":""MultiPoint"",""coordinates"":[]}"
1_1_2_1_LT05_013030_19990924,0.0,36427.63153909722,17167,25.90449602000001,17.169071652231196,17.097888675400878,16.395564379999996,16.95354670884594,17.103250124709408,3.0396964863941203,0.6190160478469138,NCEP,"{""type"":""MultiPoint"",""coordinates"":[]}"
1_2_1_LE07_013030_19991002,2.0,36435.64300438658,17167,21.355111400000055,16.903691254388786,16.91359022657932,15.10697084000003,16.896679878549378,16.91359022657932,2.30774203802796,0.3573384496166415,NCEP,"{""type"":""MultiPoint"",""coordinates"":[]}"
1_1_2_1_LT05_013030_19991026,15.0,36459.63145990741,17167,13.801287200000047,9.33130895050401,9.449493957737419,6.520904599999994,9.306122303887413,9.449493957737419,-0.8202242073015605,0.6372521569337247,NCEP,"{""type"":""MultiPoint"",""coordinates"":[]}"
1_1_2_1_LT05_013030_19991111,4.0,36475.6310762037,17167,10.605438499999991,7.5094730434213535,7.747956670864729,1.1819573600000126,7.2250379955507915,8.117119940000531,-1.795719905542111,0.981119344114539,NCEP,"{""type"":""MultiPoint"",""coordinates"":[]}"
1_1_2_1_LT05_013030_20000622,57.0,36699.631535555556,9228,25.928422160000025,11.045578776810093,10.35862705046164,4.8392387600000575,9.4829592279209,12.56187317640423,0.9500533147882103,2.9227894482138224,NCEP,"{""type"":""MultiPoint"",""coordinates"":[]}"
1_1_2_1_LT05_013030_20000708,18.0,36715.631784074074,16458,30.83328086000006,20.866756891394107,20.642645376779218,19.33506158,20.49541598597287,21.22165587895418,1.6679737839599615,0.9145159435446905,NCEP,"{""type"":""MultiPoint"",""coordinates"":[]}"
1_1_2_1_LT05_013030_20000825,2.0,36763.632432164355,16968,28.42357676000006,19.916408590925883,19.688864108992277,18.931735220000007,19.539064546990947,20.28931528419505,2.7999715849291986,0.7183101024988404,NCEP,"{""type"":""MultiPoint"",""coordinates"":[]}"
1_1_2_1_LT05_013030_20000910,1.0,36779.63269921296,17167,26.485559420000016,19.038149529268594,19.133321645291836,-2.222390560000008,18.72049969353624,19.279503201085333,-1.748493703527185,0.5968674350220828,NCEP,"{""type"":""MultiPoint"",""coordinates"":[]}"
1_2_1_LE07_013030_20000918,7.0,36787.6412465162,16936,26.21553584000003,18.737035298753472,18.812093273669348,9.815875880000021,18.425499733787774,18.812093273669348,-2.3567009278490487,0.8474272758527135,NCEP,"{""type"":""MultiPoint"",""coordinates"":[]}"
1_1_2_1_LT05_013030_20001012,2.0,36811.63292004629,17167,17.97468962000005,12.059817586318845,12.099113239999616,11.042945060000022,11.951704004478,12.099113239999616,3.0246719199500776,0.4973966458611496,NCEP,"{""type"":""MultiPoint"",""coordinates"":[]}"
1_2_1_LE07_013030_20001020,0.0,36819.64104688657,17167,16.689514099999997,12.122420704044359,12.142140097187902,10.707979099999989,11.78304022286389,12.142140097187902,3.397876778813802,0.45767668963836994,NCEP,"{""type"":""MultiPoint"",""coordinates"":[]}"
1_1_2_1_LT05_013030_20010508,0.0,37019.634091597225,17167,24.250174340000058,10.942278721312015,10.796847620000154,7.62492506000001,9.370762708627407,11.98542101498091,1.5997692475092957,2.177847388490571,NCEP,"{""type"":""MultiPoint"",""coordinates"":[]}"
1_2_1_LE07_013030_20010601,5.0,37043.640710486114,17167,25.78828334000002,12.941669855688009,13.017981732802255,9.4604018,12.310454370778887,13.720642771359431,1.2477521485839342,1.4485114875683511,NCEP,"{""type"":""MultiPoint"",""coordinates"":[]}"
1_1_2_1_LT05_013030_20010609,9.0,37051.63421231481,16078,28.75512470000001,16.05899465782735,15.738564630377583,14.084982860000025,14.806064505675083,16.86127347867379,1.5744026743021577,1.720198986021245,NCEP,"{""type"":""MultiPoint"",""coordinates"":[]}"
1_1_2_1_LT05_013030_20010625,11.0,37067.634196921295,17096,29.24731958000001,20.596653661302245,20.40411060222469,18.542080940000005,20.255927357949705,21.01695691608038,2.26569577463214,1.0995847186673862,NCEP,"{""type"":""MultiPoint"",""coordinates"":[]}"
1_1_2_1_LT05_013030_20010727,15.0,37099.634174467596,9107,25.849807700000042,21.568550478828115,21.69452595968173,16.84332500000005,21.16682399368879,21.849864355108046,-0.20714899730342315,0.761255149836547,NCEP,"{""type"":""MultiPoint"",""coordinates"":[]}"
1_1_2_1_LT05_013030_20010828,14.0,37131.63408175926,17167,31.780072399999995,23.409358385942603,23.131990121102977,22.360009279999986,23.131990121102977,23.62301105648091,2.8805430885625674,0.7663527715855943,NCEP,"{""type"":""MultiPoint"",""coordinates"":[]}"
1_2_1_LE07_013030_20010905,1.0,37139.63992262731,17167,25.682324719999997,20.59768912276031,20.42596204726516,17.99519773999998,20.42596204726516,20.757435257863342,0.7061804616834433,0.4418781936808671,NCEP,"{""type"":""MultiPoint"",""coordinates"":[]}"
1_1_2_1_LT05_013030_20010913,42.0,37147.63404438658,16139,27.039278660000036,20.62690315313148,20.562550455136538,17.14069274000002,20.448999198559292,20.562550455136538,2.0849682390123605,0.7057074819898298,NCEP,"{""type"":""MultiPoint"",""coordinates"":[]}"
1_1_2_1_LT05_013030_20010929,8.0,37163.63393949074,15138,20.97229316000005,17.03733563724592,17.123828845283544,13.404796880000049,16.593148172935997,17.499129170147256,-0.6694857172630102,0.5590228689431003,NCEP,"{""type"":""MultiPoint"",""coordinates"":[]}"
1_2_1_LE07_013030_20011108,2.0,37203.63980923611,17167,11.504377760000011,8.758658375386435,8.622219140627275,5.481826520000027,8.622219140627275,8.962167473488668,-0.3362950792583002,0.4235093780255437,NCEP,"{""type"":""MultiPoint"",""coordinates"":[]}"
1_1_2_1_LT05_013030_20011116,50.0,37211.63363640046,11752,16.887759260000053,8.532366175680474,8.065698661813775,6.565338859999997,7.929664887382176,8.743113801731488,2.2099754592853253,1.1211183714626412,NCEP,"{""type"":""MultiPoint"",""coordinates"":[]}"
1_1_2_1_LT05_013030_20020511,5.0,37387.631873645834,15953,21.20471852000003,10.40649791544675,10.081333443568596,8.311947079999982,9.938209854139782,10.622783934611194,2.1960421030325494,1.335856497507658,NCEP,"{""type"":""MultiPoint"",""coordinates"":[]}"
1_2_1_LE07_013030_20020604,11.0,37411.63992890046,9259,17.29108561999999,8.479547518876158,8.444876901539144,5.317761560000008,7.631609608744967,9.145979488638238,0.6647039019515696,1.3514985186725998,NCEP,"{""type"":""MultiPoint"",""coordinates"":[]}"
1_2_1_LE07_013030_20020620,9.0,37427.63984614583,17153,31.55106506000004,20.861097029427853,20.708737473577102,18.39852410000003,19.92401070694654,21.43033035448427,1.2164842824136788,1.3994420289443306,NCEP,"{""type"":""MultiPoint"",""coordinates"":[]}"
1_2_1_LE07_013030_20020706,25.0,37443.639804502316,14458,27.914291779999985,20.82837837327434,21.03921016277779,17.07575036000003,20.257441475550102,21.42905543116416,0.053020718303310115,0.8908353904207242,NCEP,"{""type"":""MultiPoint"",""coordinates"":[]}"
1_1_2_1_LT05_013030_20020714,10.0,37451.63085755787,17167,33.663401420000014,23.369862710573667,23.286644660895018,21.41321774000005,22.663498990885028,23.770235457767782,2.2974631824101706,1.1722591676487262,NCEP,"{""type"":""MultiPoint"",""coordinates"":[]}"
1_2_1_LE07_013030_20020722,30.0,37459.63969546296,17141,33.78303212000003,24.51551211840426,24.440916489535685,18.918063140000015,23.837846414773864,25.045189688049202,2.2692908547793915,1.084479048024297,NCEP,"{""type"":""MultiPoint"",""coordinates"":[]}"
1_2_1_LE07_013030_20020908,0.0,37507.639487175926,17167,30.341085980000003,21.64621762433212,21.345486442572273,20.240836880000018,21.345486442572273,21.713162435890325,3.1120142333668883,0.940835987547117,NCEP,"{""type"":""MultiPoint"",""coordinates"":[]}"
1_2_1_LE07_013030_20020924,20.0,37523.639351527774,17167,24.74236922,19.46100373310416,19.317394382337792,17.87898505999999,19.317394382337792,19.671675338092935,2.3209663055895695,0.40651788456252663,NCEP,"{""type"":""MultiPoint"",""coordinates"":[]}"
1_1_2_1_LT05_013030_20021018,35.0,37547.628970729165,9273,15.028356379999991,12.921887039475479,13.062329325176833,8.629822940000054,12.529041148498269,13.451638278029387,-1.156814356835047,0.8461314548904079,NCEP,"{""type"":""MultiPoint"",""coordinates"":[]}"
1_1_2_1_LT05_013030_20021103,9.0,37563.62869965278,17164,10.051719260000027,8.374605293979496,8.49651603810559,1.92366770000001,7.973519467855898,9.01605919999958,-1.6767294955213652,1.1901911483556171,NCEP,"{""type"":""MultiPoint"",""coordinates"":[]}"
1_1_2_1_LT05_013030_20030615,35.0,37787.63104325232,14111,25.668652640000005,17.118611503708873,16.888049362562338,14.447292980000043,16.38991480160769,17.662852562139403,1.7503488503512064,1.2797707693308804,NCEP,"{""type"":""MultiPoint"",""coordinates"":[]}"
1_1_2_1_LT05_013030_20030701,14.0,37803.63129866898,10275,36.01158115999999,22.74558177041187,22.624477490870163,20.16905846000003,22.484431533104793,23.19403593165531,2.3356305740743326,0.9923304887080866,NCEP,"{""type"":""MultiPoint"",""coordinates"":[]}"
1_1_2_1_LT05_013030_20030717,33.0,37819.63148224537,9705,30.792264620000026,22.889724728805337,22.716629289260098,20.56213076000006,22.584830357579772,23.24998352884773,1.8899903660765418,0.8686898204663492,NCEP,"{""type"":""MultiPoint"",""coordinates"":[]}"
1_2_1_LE07_013030_20030725,22.0,37827.639860717594,7725,30.105242599999997,22.82601782883566,22.930991393037935,20.616819080000027,22.46508412617385,22.930991393037935,2.1134756135608566,0.8200780828001549,NCEP,"{""type"":""MultiPoint"",""coordinates"":[]}"
1_1_2_1_LT05_013030_20030818,53.0,37851.631887407406,12291,30.238545380000005,24.289401616440912,24.018488553963135,21.129522080000015,23.86276941958947,24.5725052190996,1.0307643206044452,0.5825427646807417,NCEP,"{""type"":""MultiPoint"",""coordinates"":[]}"
1_2_1_LE07_013030_20030826,36.0,37859.63977289352,14085,29.57544949999999,22.022303497746435,21.93699789771583,19.389749900000027,21.515459580402926,22.364343643266263,2.0500100886325296,0.6771371626222366,NCEP,"{""type"":""MultiPoint"",""coordinates"":[]}"
1_2_1_LE07_013030_20031013,1.0,37907.63960015046,14679,18.97275146000004,14.533012654296508,14.669515240468463,13.268076080000014,14.31765057983752,14.669515240468463,3.0553314704105095,0.4295149410359744,NCEP,"{""type"":""MultiPoint"",""coordinates"":[]}"
1_1_2_1_LT05_013030_20031021,74.0,37915.63255353009,6492,16.375056260000008,13.361080696747019,13.547302338343437,11.99657264000001,12.726880681334553,13.547302338343437,0.16169101353396254,0.6294100289761928,NCEP,"{""type"":""MultiPoint"",""coordinates"":[]}"
1_2_1_LE07_013030_20031114,25.0,37939.63990673611,13639,8.335873220000053,5.98427321725966,6.205892414853024,-2.6017907799999875,5.84600289877596,6.54317345683193,-2.0864817020557758,1.2827049261222234,NCEP,"{""type"":""MultiPoint"",""coordinates"":[]}"
1_1_2_1_LT05_013030_20031122,13.0,37947.63286424769,17167,10.831027820000031,6.201062298699474,6.04038625661276,4.92127124000001,5.898813849299338,6.455063614250633,2.1700429735619804,0.5043904308005233,NCEP,"{""type"":""MultiPoint"",""coordinates"":[]}"
1_1_2_1_LT05_013030_20040703,13.0,38171.63533474537,12374,30.26588953999999,21.550365449056955,21.052904651570106,19.044529880000027,20.906909191372367,21.96876390988917,1.8061006712573995,1.1469981618766492,NCEP,"{""type"":""MultiPoint"",""coordinates"":[]}"
1_2_1_LE07_013030_20040711,15.0,38179.64019539352,14454,31.11697651999998,22.074333317747445,22.028285056285295,19.55381485999999,21.623623136705806,22.434089132475446,2.667657140726588,0.8100336889454195,NCEP,"{""type"":""MultiPoint"",""coordinates"":[]}"
1_1_2_1_LT05_013030_20041007,0.0,38267.636947604165,17167,22.63003286000003,16.780948718453875,16.84342179632581,15.68119820000004,16.40930729890235,16.988859894905346,2.2252828221909144,0.5243983443315998,NCEP,"{""type"":""MultiPoint"",""coordinates"":[]}"
1_1_2_1_LT05_013030_20041108,5.0,38299.63741224537,15354,10.796847619999994,8.616677237402472,8.910403079073232,3.1541549000000373,8.38652986325188,9.057546480759646,-1.5210734289768593,0.7797073954846317,NCEP,"{""type"":""MultiPoint"",""coordinates"":[]}"
1_1_2_1_LT05_013030_20050503,61.0,38475.63897050926,8421,18.17293477999999,7.808198008679632,7.235667615644285,5.956931300000008,7.092556834877794,8.216242520000035,2.380316418354482,1.4874716061594233,NCEP,"{""type"":""MultiPoint"",""coordinates"":[]}"
1_2_1_LE07_013030_20050511,21.0,38483.64063243056,11796,26.793181220000008,14.288973330674779,14.268938696309498,11.193337939999992,13.265292672164698,14.812369311534878,2.2334264339440146,1.706375913921897,NCEP,"{""type"":""MultiPoint"",""coordinates"":[]}"
1_1_2_1_LT05_013030_20050519,49.0,38491.63903597222,13553,24.00065888000006,11.453663108086577,11.310247392706827,9.039985340000044,10.746954176136885,11.454066993538438,2.4116612979214076,1.6116870510993202,NCEP,"{""type"":""MultiPoint"",""coordinates"":[]}"
1_1_2_1_LT05_013030_20050604,2.0,38507.639134247685,17167,34.15559630000001,20.595670925600547,20.36697944786475,17.66364980000003,19.713700262195392,21.02664335055396,2.1120971474856023,1.676017582593736,NCEP,"{""type"":""MultiPoint"",""coordinates"":[]}"
1_1_2_1_LT05_013030_20050620,16.0,38523.63921444445,17038,30.747830360000023,20.378332409032357,20.32631820371913,18.360925880000025,19.88852532325035,20.475026771702968,2.5306683092300077,0.9625671355927679,NCEP,"{""type"":""MultiPoint"",""coordinates"":[]}"
1_2_1_LE07_013030_20050714,48.0,38547.640500995374,12199,30.635035700000003,22.843017543548477,22.76839506511198,19.92637904000003,22.21420180664134,23.33291422586765,1.6699681792060446,1.09196345918119,NCEP,"{""type"":""MultiPoint"",""coordinates"":[]}"
1_2_1_LE07_013030_20050730,25.0,38563.64048362269,11361,31.383582079999996,23.878615782222447,24.0754154817836,20.69543354000001,23.65265903239068,24.12595558255615,1.8613908052923485,0.7115914363278815,NCEP,"{""type"":""MultiPoint"",""coordinates"":[]}"
1_1_2_1_LT05_013030_20050807,46.0,38571.63950706019,9084,26.406944960000033,14.635437852114036,14.860772253388836,6.75674798,12.932621548088973,16.162342509057094,-0.0832244218836126,2.8176661080461485,NCEP,"{""type"":""MultiPoint"",""coordinates"":[]}"
1_1_2_1_LT05_013030_20050823,30.0,38587.63957048611,11312,31.07937830000003,23.006737054221094,23.180787087260512,19.58457704,22.760081719776753,23.344469504236837,1.3445594407289534,0.6640894745591588,NCEP,"{""type"":""MultiPoint"",""coordinates"":[]}"
1_1_2_1_LT05_013030_20050908,1.0,38603.63959709491,16878,32.361135800000056,21.378566964123742,21.30872134574256,20.12120618000006,20.864129133014924,21.45727472710149,2.7662973632375327,0.7578974407477649,NCEP,"{""type"":""MultiPoint"",""coordinates"":[]}"
1_1_2_1_LT05_013030_20050924,0.0,38619.63958260417,17167,23.17008002,19.162316204255706,19.171072573479105,15.807664939999995,18.82825078791318,19.32527860102369,-0.9222290003691606,0.5253031458879006,NCEP,"{""type"":""MultiPoint"",""coordinates"":[]}"
1_2_1_LE07_013030_20051002,4.0,38627.64025188657,14552,24.55779614000005,17.778822880861636,17.811893693675188,16.645079839999994,17.42329723065643,17.811893693675188,3.2197184281576186,0.5779661912478726,NCEP,"{""type"":""MultiPoint"",""coordinates"":[]}"
1_2_1_LE07_013030_20051103,66.0,38659.64046689815,11841,9.887654300000008,4.723286452416656,4.551282073912629,-0.045111819999988256,3.7302006419347506,5.84856810574313,-0.30323884975640397,1.4933389839663302,NCEP,"{""type"":""MultiPoint"",""coordinates"":[]}"
1_1_2_1_LT05_013030_20051111,41.0,38667.639730891206,14098,8.70501938000001,5.7840773956262845,6.03507688408825,-2.406963639999958,4.402955839651502,7.497808399726871,-0.8131883495815249,1.9293040767460805,NCEP,"{""type"":""MultiPoint"",""coordinates"":[]}"
1_2_1_LE07_013030_20051119,18.0,38675.64056762731,14823,6.8456165000000055,5.239971295667962,5.395661875391379,0.5530416800000353,5.0407180459849785,5.771877365148931,-1.3676479547139282,0.724540313399157,NCEP,"{""type"":""MultiPoint"",""coordinates"":[]}"
1_2_1_LE07_013030_20060530,8.0,38867.64093800926,13882,25.16962172000001,13.06924026420894,13.049120550295896,10.396939280000026,12.08022768477774,13.842609753016667,1.3836032705305632,1.5611285395343584,NCEP,"{""type"":""MultiPoint"",""coordinates"":[]}"
1_2_1_LE07_013030_20060701,9.0,38899.64083079861,14449,30.361594100000048,21.508503558855796,21.20750604654169,19.933215080000025,21.181397858610428,21.61978041598536,2.338622170020977,0.8607908800601544,NCEP,"{""type"":""MultiPoint"",""coordinates"":[]}"
1_2_1_LE07_013030_20060717,8.0,38915.640739375,14971,35.47153400000002,26.45759613212104,26.211304411111175,24.67400882000004,26.18227069079794,26.683589155928264,2.6780279974395067,0.9649092900326789,NCEP,"{""type"":""MultiPoint"",""coordinates"":[]}"
1_1_2_1_LT05_013030_20060725,15.0,38923.64310987269,17167,33.926588960000004,23.996040839262836,24.052715037801626,22.568508500000007,23.2896530465119,24.124083075964048,2.1450309147824536,0.9599354887540161,NCEP,"{""type"":""MultiPoint"",""coordinates"":[]}"
1_2_1_LE07_013030_20060802,22.0,38931.64068334491,14592,36.14146592000003,25.522454739304266,25.321725008304902,22.67446712000003,24.656759891532403,25.961952174208548,1.8934748343690881,1.252423503962947,NCEP,"{""type"":""MultiPoint"",""coordinates"":[]}"
1_1_2_1_LT05_013030_20060911,3.0,38971.643497893514,16810,22.30190293999999,15.71129832065293,15.840027327350592,11.924794220000024,15.154301445080623,16.367394985539633,-0.10194497791529164,0.883438941785613,NCEP,"{""type"":""MultiPoint"",""coordinates"":[]}"
1_2_1_LE07_013030_20060919,54.0,38979.64055784722,12315,27.681866420000006,18.97231344179027,18.880867659378886,17.496166819999985,18.44162542356319,19.345404850634633,2.440336715250129,0.8092265547316153,NCEP,"{""type"":""MultiPoint"",""coordinates"":[]}"
1_1_2_1_LT05_013030_20060927,18.0,38987.643634085645,10257,22.390771459999996,16.623227606682775,16.65679925952646,13.20996974000002,16.65679925952646,16.796642738175617,0.4217849549242758,0.5154002899070055,NCEP,"{""type"":""MultiPoint"",""coordinates"":[]}"
1_2_1_LE07_013030_20061005,22.0,38995.64041940972,8868,16.316949920000013,14.417620395354115,14.423684049338794,9.204050300000006,14.075655810132098,14.747071743860806,-2.001100137006303,0.6458642045608736,NCEP,"{""type"":""MultiPoint"",""coordinates"":[]}"
1_1_2_1_LT05_013030_20061013,1.0,39003.64376533565,17167,15.814500980000048,13.555292378527907,13.620108985921101,8.26067678000004,13.468799303632595,13.97557088769898,-1.7554509745230975,0.6273136787482988,NCEP,"{""type"":""MultiPoint"",""coordinates"":[]}"
1_2_1_LE07_013030_20061021,31.0,39011.64061135417,11762,13.548353720000023,11.289260667244275,11.68325945641089,3.8206688000000213,11.019803480165603,11.711440810687833,-2.248956418697722,0.9225662093082337,NCEP,"{""type"":""MultiPoint"",""coordinates"":[]}"
1_2_1_LE07_013030_20070501,32.0,39203.641211504626,14721,9.398877439999978,-0.9781099120497984,-1.0327206877351915,-3.377681319999965,-1.85283009454543,-0.2416621705389503,1.368425056257913,1.4111322308860448,NCEP,"{""type"":""MultiPoint"",""coordinates"":[]}"
1_1_2_1_LT05_013030_20070509,29.0,39211.6440733912,17167,34.98275713999999,14.791832929066985,14.03098875902612,7.669359320000012,12.678001279306915,16.569057686795112,1.0513172259992467,3.114055785490037,NCEP,"{""type"":""MultiPoint"",""coordinates"":[]}"
1_1_2_1_LT05_013030_20070525,1.0,39227.64394381944,16094,32.42949620000002,16.35305181746155,15.9296163900148,13.312510340000017,15.281732972815416,16.71887699835861,2.0200168476767035,2.2041304101748866,NCEP,"{""type"":""MultiPoint"",""coordinates"":[]}"
1_2_1_LE07_013030_20070602,64.0,39235.64107805556,8422,30.392356280000058,16.912398468012846,16.790993913351702,11.21042804000001,15.686354501248793,18.405829844633814,0.5003695050750205,2.3443113736987358,NCEP,"{""type"":""MultiPoint"",""coordinates"":[]}"
1_1_2_1_LT05_013030_20070610,70.0,39243.64377693287,8926,21.194464460000006,14.020538132871167,13.966167851867366,7.28312305999998,12.040734859872023,16.347890725338996,-0.1392975667016403,2.7302546113722843,NCEP,"{""type"":""MultiPoint"",""coordinates"":[]}"
1_2_1_LE07_013030_20070618,27.0,39251.64108136574,8826,25.648144520000017,17.93701272222391,17.747342582019495,12.557127920000028,17.38046182396132,18.46768287367379,0.35690012562745604,1.2023242595037518,NCEP,"{""type"":""MultiPoint"",""coordinates"":[]}"
1_1_2_1_LT05_013030_20070626,4.0,39259.6435699537,17167,34.30940720000001,20.853172763653017,20.494029886559197,18.200278940000032,19.646705528714286,21.768535135549563,1.4717932235857247,1.9739999762631817,NCEP,"{""type"":""MultiPoint"",""coordinates"":[]}"
1_1_2_1_LT05_013030_20070712,15.0,39275.64346878472,9736,31.304967620000014,21.356986202060906,21.350801315454497,19.00351364000005,20.766408743482746,21.954426310276933,1.4192428447171865,1.0317584214297995,NCEP,"{""type"":""MultiPoint"",""coordinates"":[]}"
1_2_1_LE07_013030_20070805,0.0,39299.640967314815,14695,30.177021019999984,24.60502955849073,24.65454905495458,21.919084699999985,24.313159312387008,24.65454905495458,2.870850652689858,0.4925260792352784,NCEP,"{""type"":""MultiPoint"",""coordinates"":[]}"
1_1_2_1_LT05_013030_20070813,49.0,39307.64324513889,13662,32.11845638,23.993553296042464,24.017124665394086,21.720839540000043,23.394676804334416,24.156286665939398,2.0230569448062306,0.8351621729221745,NCEP,"{""type"":""MultiPoint"",""coordinates"":[]}"
1_1_2_1_LT05_013030_20070829,1.0,39323.64311425926,17167,32.251759160000006,23.523624659322138,23.221767831798633,22.363427300000012,23.121530637939987,23.81356423087899,2.4174197420608143,0.8633669656168038,NCEP,"{""type"":""MultiPoint"",""coordinates"":[]}"
1_2_1_LE07_013030_20070906,39.0,39331.64080681713,13918,23.56315232000003,18.846032383956015,18.65468025035548,16.361384180000016,18.65468025035548,19.175632995043358,0.8470632982294352,0.5437791777633169,NCEP,"{""type"":""MultiPoint"",""coordinates"":[]}"
1_1_2_1_LT05_013030_20070914,30.0,39339.643047418984,17165,26.67355052000005,19.326055254245755,19.132593402993944,18.38485202000004,18.98958790253541,19.73487295778237,2.626717905309117,0.5276293744192093,NCEP,"{""type"":""MultiPoint"",""coordinates"":[]}"
1_2_1_LE07_013030_20070922,59.0,39347.64074785879,6667,17.742264260000013,8.716659167001053,8.546809228650568,3.5711533400000235,7.179912950927902,10.045424820831604,0.44549742596949127,2.2542553267392673,NCEP,"{""type"":""MultiPoint"",""coordinates"":[]}"
1_2_1_LE07_013030_20071125,37.0,39411.641039027774,14950,6.223536860000024,4.193432370752987,4.450341671891057,0.3479604800000402,4.083074173346337,4.450341671891057,-1.458795342481298,0.5699294024967261,NCEP,"{""type"":""MultiPoint"",""coordinates"":[]}"
1_1_2_1_LT05_013030_20080511,0.0,39579.639940277775,17167,24.082691360000013,11.26502121286457,10.803511190239405,9.005805140000007,10.25354274868858,11.745509975073105,2.1363463621853978,1.695383600057544,NCEP,"{""type"":""MultiPoint"",""coordinates"":[]}"
1_1_2_1_LT05_013030_20080612,1.0,39611.6393478125,17167,30.494896880000056,20.521013090832557,20.326814786095092,16.757874500000014,19.798840214584306,21.354867374457534,0.03776012205226841,1.3052557259435287,NCEP,"{""type"":""MultiPoint"",""coordinates"":[]}"
1_2_1_LE07_013030_20080706,27.0,39635.640555590275,14102,33.29083724000003,25.08174164095701,25.162349736370103,21.88832252000003,24.76374006029158,25.576276758910243,2.0610386680962,1.0062607980316505,NCEP,"{""type"":""MultiPoint"",""coordinates"":[]}"
1_2_1_LE07_013030_20080807,64.0,39667.640350092595,8931,29.86939921999999,22.099560795963253,22.38856929409688,18.107992400000057,21.931203860588077,22.410241476668816,0.6395528547980258,0.8090445428685197,NCEP,"{""type"":""MultiPoint"",""coordinates"":[]}"
1_2_1_LE07_013030_20080823,6.0,39683.6402728125,14846,32.53887284000001,22.836733230178194,22.684024960902086,21.44397992000006,22.275106023996685,23.089829474748466,2.814241947499203,0.8320393977721913,NCEP,"{""type"":""MultiPoint"",""coordinates"":[]}"
1_1_2_1_LT05_013030_20080831,6.0,39691.63776240741,12716,29.756604560000028,21.484678452968225,21.4347728140084,18.873628880000012,21.292465146184476,21.89222124873358,2.276461590423284,0.6920047054072141,NCEP,"{""type"":""MultiPoint"",""coordinates"":[]}"
1_2_1_LE07_013030_20080908,12.0,39699.64018194444,9529,25.258490240000015,20.59840365048407,20.695040924087458,17.619215540000027,20.325338141976157,20.712772656290998,1.351062972062655,0.5204928757968275,NCEP,"{""type"":""MultiPoint"",""coordinates"":[]}"
1_2_1_LE07_013030_20080924,0.0,39715.6400765625,13195,24.879090020000035,18.52685708092297,18.52962585628585,16.43316260000006,18.11680960135084,18.52962585628585,2.7624589978587886,0.5120585158040382,NCEP,"{""type"":""MultiPoint"",""coordinates"":[]}"
1_2_1_LE07_013030_20081010,0.0,39731.63992068287,15056,20.199820639999984,14.898804600612126,14.700227111120743,13.972188200000005,14.68666894985433,15.03703622554191,3.496443646287758,0.4851750023788728,NCEP,"{""type"":""MultiPoint"",""coordinates"":[]}"
1_1_2_1_LT05_013030_20081018,9.0,39739.63672819444,16030,14.730988640000021,11.358431570954094,11.842445630270069,4.470092600000044,10.78325766393897,12.367866453621486,-1.3998968497754551,1.6193161385682517,NCEP,"{""type"":""MultiPoint"",""coordinates"":[]}"
1_2_1_LE07_013030_20081026,3.0,39747.640112071764,14906,16.81256282000004,11.946554443169072,11.913850962010262,10.461881660000017,11.895041485338803,11.913850962010262,3.4407870030912044,0.4358630546570621,NCEP,"{""type"":""MultiPoint"",""coordinates"":[]}"
1_2_1_LE07_013030_20081127,60.0,39779.64042063657,13639,6.223536860000024,3.5862657022566125,3.8207921372991693,-1.5763847800000121,3.44751141383504,3.8207921372991693,-1.5297710229552275,0.6871711699140178,NCEP,"{""type"":""MultiPoint"",""coordinates"":[]}"
1_2_1_LE07_013030_20090522,7.0,39955.64120652778,14460,27.815169200000014,13.192340422028087,12.924846099247508,8.664003139999977,12.147192308056873,13.752170595467863,1.6403331374177428,2.007542247812304,NCEP,"{""type"":""MultiPoint"",""coordinates"":[]}"
1_1_2_1_LT05_013030_20090530,50.0,39963.63953357639,9630,25.552439960000015,16.144413764370245,15.945866972228695,14.63528408000002,15.29510554521766,16.59139918972133,2.092343783056417,1.4596721172845561,NCEP,"{""type"":""MultiPoint"",""coordinates"":[]}"
1_1_2_1_LT05_013030_20090818,0.0,40043.64045777778,17167,37.197634100000016,25.66770952074553,25.208917668223922,24.335624840000037,25.07526574797278,25.921678443484378,2.5271862969797563,1.0611228320924582,NCEP,"{""type"":""MultiPoint"",""coordinates"":[]}"
1_1_2_1_LT05_013030_20090903,53.0,40059.640626388886,6210,23.74430738000001,12.517955394874612,12.081411621489504,7.1429842400000325,10.692535426535029,14.269544063256511,0.488243087567486,2.4534344262201206,NCEP,"{""type"":""MultiPoint"",""coordinates"":[]}"
1_1_2_1_LT05_013030_20090919,14.0,40075.64077412037,9940,18.931735220000007,16.27685350165735,16.696004566060168,11.364238940000007,15.809895998472385,16.83911558827248,-1.4433791007935426,0.9631070946955931,NCEP,"{""type"":""MultiPoint"",""coordinates"":[]}"
1_1_2_1_LT05_013030_20091021,36.0,40107.641013263885,12562,16.71685825999998,10.97213079791969,10.85585117424408,9.552688340000032,10.727712216119329,11.493114986474891,2.0848200099532073,0.8122354248793056,NCEP,"{""type"":""MultiPoint"",""coordinates"":[]}"
1_1_2_1_LT05_013030_20091122,27.0,40139.64117662037,17165,11.138649620000024,7.537138959487538,7.717236259055753,6.1791026000000215,7.3036322170993735,7.86075157428056,1.847313797324241,0.43012647216312033,NCEP,"{""type"":""MultiPoint"",""coordinates"":[]}"
1_1_2_1_LT05_013030_20100517,36.0,40315.64144290509,17167,22.500148100000047,10.716738936305209,10.286202258288192,7.946218939999994,9.050242210638674,11.757718782172047,1.3214265633892512,2.043545237605994,NCEP,"{""type"":""MultiPoint"",""coordinates"":[]}"
1_2_1_LE07_013030_20100525,9.0,40323.642369918976,11985,29.069582540000056,18.133622662258645,17.930130575802224,14.037130580000053,17.4680209349779,18.84933213518975,1.4835127897561626,1.7384562619813013,NCEP,"{""type"":""MultiPoint"",""coordinates"":[]}"
1_1_2_1_LT05_013030_20100602,4.0,40331.641381354166,15497,32.385061940000014,21.71089266157312,21.665971017589815,19.12656235999998,21.005623037244455,22.32690829830242,1.7227714415025028,1.280031596918604,NCEP,"{""type"":""MultiPoint"",""coordinates"":[]}"
1_1_2_1_LT05_013030_20100618,5.0,40347.641332430554,16947,31.482704660000024,17.30163318456549,17.447039650027357,10.42428344000001,16.2276545967414,18.648985058973448,0.33362696565562006,2.469393726911018,NCEP,"{""type"":""MultiPoint"",""coordinates"":[]}"
1_1_2_1_LT05_013030_20100704,40.0,40363.641277835646,6423,33.051575840000055,21.801864246803923,21.61387023491119,18.719817980000016,20.923643599411992,22.273516690422415,1.796318615826602,1.5102247650763079,NCEP,"{""type"":""MultiPoint"",""coordinates"":[]}"
1_2_1_LE07_013030_20100728,24.0,40387.64244278935,9644,31.786908440000047,22.01092722891223,22.320649365046794,15.592329680000034,21.086921053035972,23.13368925996724,-0.4139371558775424,1.9399870813169462,NCEP,"{""type"":""MultiPoint"",""coordinates"":[]}"
1_2_1_LE07_013030_20100829,0.0,40419.64247421296,14791,32.364553820000026,21.830609943105603,21.764758580391963,20.527950560000022,21.356304793703558,22.173260269955698,3.0579060611489943,1.1103282499915754,NCEP,"{""type"":""MultiPoint"",""coordinates"":[]}"
1_1_2_1_LT05_013030_20100906,28.0,40427.641073067134,14000,25.95918433999998,20.56282960600061,20.730265086112674,16.593809540000052,20.16778312667637,21.14318162228131,-0.7795702395484939,0.8655046487548383,NCEP,"{""type"":""MultiPoint"",""coordinates"":[]}"
1_2_1_LE07_013030_20100914,61.0,40435.642488240745,8043,22.042133420000027,17.82088387855766,18.331419863250495,10.578094340000007,17.937721713237273,18.727139260890908,-2.0231383617162613,1.4001971150285104,NCEP,"{""type"":""MultiPoint"",""coordinates"":[]}"
1_1_2_1_LT05_013030_20100922,62.0,40443.64100855324,15023,26.365928720000056,17.725145091830143,17.750411842702654,15.937549699999977,16.94757431422672,17.83770655885983,1.5979930946396055,1.0826720760086481,NCEP,"{""type"":""MultiPoint"",""coordinates"":[]}"
1_1_2_1_LT05_013030_20101008,3.0,40459.640914398144,17167,20.87317058000002,15.163629137334091,15.167489296936719,14.430202880000024,15.030683575528546,15.167489296936719,3.1268444008129217,0.46966252844576567,NCEP,"{""type"":""MultiPoint"",""coordinates"":[]}"
1_2_1_LE07_013030_20101117,75.0,40499.642815115745,15233,12.263178200000027,7.591251467156831,7.4478683750680155,6.558502820000058,7.4478683750680155,7.883736459314701,2.7200966990051616,0.5569607596499346,NCEP,"{""type"":""MultiPoint"",""coordinates"":[]}"
1_2_1_LE07_013030_20110512,25.0,40675.643387268516,13930,23.46402974,11.497725802542861,11.428281037699003,8.29485698000002,10.658341396310727,12.18041825237739,2.0349903239832043,1.581512589109865,NCEP,"{""type"":""MultiPoint"",""coordinates"":[]}"
1_1_2_1_LT05_013030_20110621,3.0,40715.64040829861,17167,33.33868952,21.29353846540113,21.069874035402194,19.70762576000004,20.31958562935198,21.67556067026374,1.9790587303731406,1.2314440162964215,NCEP,"{""type"":""MultiPoint"",""coordinates"":[]}"
1_2_1_LE07_013030_20110629,49.0,40723.643343275464,13881,32.10136627999998,22.262502362176978,22.12102801372803,20.363885600000003,21.677756534155133,22.561614296707365,2.172522106563094,1.0938824216286045,NCEP,"{""type"":""MultiPoint"",""coordinates"":[]}"
1_2_1_LE07_013030_20110715,16.0,40739.64334353009,14861,35.00668328000006,25.00599512769274,24.63273357083969,23.42984954000002,24.232871605751885,25.754945565102435,1.4756748288782726,1.0866497902324086,NCEP,"{""type"":""MultiPoint"",""coordinates"":[]}"
1_2_1_LE07_013030_20110731,12.0,40755.643304791665,15208,32.774716220000016,24.131499636326655,23.917202112250965,22.79067980000002,23.88488432597341,24.277376937641325,3.4998472269819834,0.7369243082036745,NCEP,"{""type"":""MultiPoint"",""coordinates"":[]}"
1_1_2_1_LT05_013030_20110824,62.0,40779.640041238425,17138,20.039173699999992,12.80240097616892,12.752628957039445,5.864644760000033,11.844286871290906,13.834934935413358,0.2562298426798215,1.4932020562137185,NCEP,"{""type"":""MultiPoint"",""coordinates"":[]}"
1_2_1_LE07_013030_20110901,42.0,40787.64322989583,14601,30.136004780000007,21.557529261577375,21.42529606153051,19.020603740000013,21.42529606153051,21.909464401576958,1.261637801356084,0.7167694519657222,NCEP,"{""type"":""MultiPoint"",""coordinates"":[]}"
1_1_2_1_LT05_013030_20111011,1.0,40827.6395409838,17167,21.372201500000017,15.843652950384309,15.866065339863468,15.185585300000014,15.715880712406689,15.866065339863468,3.382083185368185,0.44929483063293757,NCEP,"{""type"":""MultiPoint"",""coordinates"":[]}"
1_2_1_LE07_013030_20111104,16.0,40851.64327414352,13987,11.935048280000046,9.205453532478206,9.260767308668749,1.2674078600000485,8.919646092394618,9.595990701939561,-2.6244925653669218,0.5992113047378372,NCEP,"{""type"":""MultiPoint"",""coordinates"":[]}"
1_1_2_1_LT05_013030_20111112,32.0,40859.63919135417,17035,9.942342619999977,8.105024672891103,8.145094684065514,3.878775140000016,8.005067057328914,8.56893210704686,-1.6813142260360097,0.5640721588432712,NCEP,"{""type"":""MultiPoint"",""coordinates"":[]}"
1_2_1_LE07_013030_20120615,0.0,41075.6439702662,14979,30.337667960000033,20.312304550237304,20.291127251097475,18.839448680000032,19.926730917446427,20.650071644090442,2.679611285551751,1.0247478767241778,NCEP,"{""type"":""MultiPoint"",""coordinates"":[]}"
1_2_1_LE07_013030_20120802,23.0,41123.644348182876,12861,35.49546013999998,25.593204914633592,25.614678125079216,23.669110939999996,25.13728600192427,25.614678125079216,2.814209126084272,0.8570266885276968,NCEP,"{""type"":""MultiPoint"",""coordinates"":[]}"
1_2_1_LE07_013030_20120818,36.0,41139.64448892361,9616,33.28741922000006,25.045983546455968,25.036112000673693,17.311593740000035,24.636905496275947,25.43549283699864,1.193710745548845,0.5851493556898474,NCEP,"{""type"":""MultiPoint"",""coordinates"":[]}"
1_2_1_LE07_013030_20120903,1.0,41155.644606180555,15328,29.15845106000006,21.644816901345322,21.51393185774822,20.753539880000005,21.49631557966257,21.872785378551033,3.398332338655431,0.5774986189596479,NCEP,"{""type"":""MultiPoint"",""coordinates"":[]}"
1_2_1_LE07_013030_20120919,9.0,41171.64469635417,15061,24.438165440000034,18.994293012504997,19.177109498934783,13.609878080000044,18.841449647284197,19.177109498934783,-0.17787700659473463,0.46968487034897255,NCEP,"{""type"":""MultiPoint"",""coordinates"":[]}"
1_2_1_LE07_013030_20121005,2.0,41187.64480898148,14974,23.68961906000004,16.882843095700746,16.95187315321496,15.288125900000011,16.53651270559418,16.95187315321496,2.9434814605184307,0.742218644382158,NCEP,"{""type"":""MultiPoint"",""coordinates"":[]}"
1_2_1_LE07_013030_20121106,0.0,41219.64495047454,15220,10.99509278000005,9.442119179180859,9.464330405798272,3.0550323200000093,9.126705643991425,9.811879543708727,-1.9350113295619347,0.8720622733910899,NCEP,"{""type"":""MultiPoint"",""coordinates"":[]}"
1_2_1_LE07_013030_20121122,0.0,41235.64505777778,15305,10.393521260000057,6.705913787708842,6.637909543209335,4.13170862000004,6.637909543209335,6.995882979549966,0.5132198367582537,0.46101691379387244,NCEP,"{""type"":""MultiPoint"",""coordinates"":[]}"
1_2_1_LE07_013030_20130501,0.0,41395.64500478009,14849,28.488519139999994,12.650733535545628,12.641968310600856,8.185480340000026,11.540916894798158,13.731809792167942,1.153166349505215,2.327374606913216,NCEP,"{""type"":""MultiPoint"",""coordinates"":[]}"
1_2_1_LE07_013030_20130517,34.0,41411.644977083335,9414,23.050449319999984,12.622720966648647,12.570517835310412,9.935506580000038,12.194379885327539,12.942819921743192,1.8520004493693951,1.127457510128239,NCEP,"{""type"":""MultiPoint"",""coordinates"":[]}"
1_2_1_LE07_013030_20130602,14.0,41427.644872453704,14825,37.76502542000003,19.97674174901201,19.855757927352997,16.515195080000012,18.741264452994926,20.75239583897676,1.8234822158845372,2.1312506985574857,NCEP,"{""type"":""MultiPoint"",""coordinates"":[]}"
1_2_1_LE07_013030_20130720,61.0,41475.64461314815,12697,36.72936536000003,26.41785615920226,26.41817065199882,19.054783939999993,25.819599462936903,27.01422285559438,0.05293014993373649,1.53387765622925,NCEP,"{""type"":""MultiPoint"",""coordinates"":[]}"
1_2_1_LE07_013030_20130805,0.0,41491.644548564815,14862,28.57738766,21.97421956629182,21.72770773035326,17.790116539999985,21.408032260737464,22.260926404002696,0.8754507841883999,0.7062672349248152,NCEP,"{""type"":""MultiPoint"",""coordinates"":[]}"
1_2_1_LE07_013030_20130821,0.0,41507.64462128472,15112,31.503212780000013,21.972699877106674,22.031892125286916,20.377557679999995,21.62413556711222,22.031892125286916,3.150683650489075,0.8529442806031191,NCEP,"{""type"":""MultiPoint"",""coordinates"":[]}"
1_2_1_LE07_013030_20130906,2.0,41523.64475721065,15446,27.05295074000003,20.157666575204644,20.51802272579376,14.573759719999998,19.843673821771237,20.836794683503694,-1.1143178498712158,1.0701450598242774,NCEP,"{""type"":""MultiPoint"",""coordinates"":[]}"
2_1_LC08_013030_20130930,3.88,41547.649148530094,14941,23.57682440000002,17.698248660919756,17.651153041904138,15.927295640000011,17.549494685023266,17.84930203041282,3.5336263693960173,0.49757154764968975,MODIS,"{""type"":""MultiPoint"",""coordinates"":[]}"
1_2_1_LE07_013030_20131008,1.0,41555.64501587963,15355,19.837510520000023,15.714149751426543,15.620330062166161,13.55177174000005,15.620330062166161,15.950929418170753,0.9930303155246708,0.39670224305701607,NCEP,"{""type"":""MultiPoint"",""coordinates"":[]}"
1_2_1_LE07_013030_20131109,58.0,41587.64517887731,14879,9.887654300000008,7.980822624539692,8.043982133015065,0.3650505800000019,7.676511358528313,8.408114616059601,-1.988971703925942,0.8535224055271073,NCEP,"{""type"":""MultiPoint"",""coordinates"":[]}"
1_2_1_LE07_013030_20131125,26.0,41603.64524097222,15323,6.056053880000036,3.7169281460221075,3.9781988529683683,-4.97047864000001,3.267711794144849,4.329802040921865,-2.0291670006232057,1.2650836005556365,NCEP,"{""type"":""MultiPoint"",""coordinates"":[]}"
2_1_LC08_013030_20140512,2.85,41771.647553518516,17167,28.290273980000052,11.944169532876987,11.249023182500023,9.713335280000024,10.548321187960163,12.648018541871297,1.8297768974445663,2.5330395067055034,MODIS,"{""type"":""MultiPoint"",""coordinates"":[]}"
1_2_1_LE07_013030_20140520,2.0,41779.646006828705,14771,24.725279119999982,12.95932647714038,12.854434985088753,10.455045620000021,11.985115492587349,13.758828610725299,1.7942810977814836,1.5556873032463268,NCEP,"{""type"":""MultiPoint"",""coordinates"":[]}"
2_1_LC08_013030_20140629,23.38,41819.64766792824,16261,32.99346950000006,21.325086060655405,21.751426300466882,11.610336380000035,20.149159732120722,22.65086820664127,-0.4507898706766549,2.3520517169075847,MODIS,"{""type"":""MultiPoint"",""coordinates"":[]}"
1_2_1_LE07_013030_20140707,42.0,41827.646125046296,14967,36.69860318000002,22.656794518158573,22.4364153447074,20.391229759999987,21.931231445970607,22.937545093252997,2.6303252163590654,1.2288634349410064,NCEP,"{""type"":""MultiPoint"",""coordinates"":[]}"
1_2_1_LE07_013030_20140723,33.0,41843.64616237269,9334,38.94082430000003,25.107046325484806,25.177020900643925,20.750121860000036,24.63083604561868,25.72028725932669,2.2445137790482197,1.2106969595964012,NCEP,"{""type"":""MultiPoint"",""coordinates"":[]}"
1_2_1_LE07_013030_20140808,13.0,41859.64621648148,13907,29.031984319999992,22.999024933600232,22.765012654861966,20.31603332000003,22.765012654861966,23.16864608681579,2.0259572212720833,0.6591021328851625,NCEP,"{""type"":""MultiPoint"",""coordinates"":[]}"
1_2_1_LE07_013030_20140824,14.0,41875.646188819446,8400,31.168246820000036,22.234168839319782,22.385770752496867,18.849702739999998,21.966131817344117,22.40912771197979,1.7617275257814067,0.881530900262749,NCEP,"{""type"":""MultiPoint"",""coordinates"":[]}"
2_1_LC08_013030_20140901,24.68,41883.647915636575,12242,29.008058180000035,22.482805798322673,22.34485175340217,21.259406839999997,22.155193663246408,22.54543591422661,2.939071930960238,0.7222069417751512,MODIS,"{""type"":""MultiPoint"",""coordinates"":[]}"
2_1_LC08_013030_20140917,15.91,41899.647934699075,13243,22.999179020000042,18.020335607895394,18.145766621247724,14.601103879999982,17.749799920119642,18.454507072087786,-0.9451776927489879,0.5909144647192239,MODIS,"{""type"":""MultiPoint"",""coordinates"":[]}"
2_1_LC08_013030_20141003,0.02,41915.647968530095,17167,20.89367870000001,16.670717549230982,16.651000513923027,15.42484669999999,16.551249038074747,16.847810340957814,3.1006967114077626,0.3245300551307821,MODIS,"{""type"":""MultiPoint"",""coordinates"":[]}"
1_2_1_LE07_013030_20141027,40.0,41939.646529641206,9347,14.102072959999987,11.553499274903567,11.894229927346796,4.309445660000051,11.173227292412461,11.915310836583911,-2.0893237465765173,0.7717735664219463,NCEP,"{""type"":""MultiPoint"",""coordinates"":[]}"
2_1_LC08_013030_20141120,37.92,41963.64795005787,16697,7.040443640000035,5.09350189002648,5.249319261636668,1.2400637000000074,4.753068121611795,5.65172778076953,-1.1768749969022954,0.7327994204186103,MODIS,"{""type"":""MultiPoint"",""coordinates"":[]}"
1_2_1_LE07_013030_20141128,47.0,41971.64669119213,7135,4.336789820000035,1.098737085371643,1.5902509269038745,-14.537516619999963,0.4837518193335509,2.3403535908129363,-1.5445078135043901,1.7776351193041258,NCEP,"{""type"":""MultiPoint"",""coordinates"":[]}"
1_2_1_LE07_013030_20150507,0.0,42131.64739945602,15229,22.780425740000055,11.341880039681458,10.921907861885476,7.597580900000025,10.176392668052651,12.359997224794924,1.3607707867151588,1.9983811591734628,NCEP,"{""type"":""MultiPoint"",""coordinates"":[]}"
1_2_1_LE07_013030_20150523,0.0,42147.64746875,15102,20.702269580000006,12.886593320921373,12.694242851593792,7.840260320000027,12.361315519750873,13.745419302868973,-0.11702626762225288,1.2063712781471303,NCEP,"{""type"":""MultiPoint"",""coordinates"":[]}"
1_2_1_LE07_013030_20150624,13.0,42179.647567430555,13016,31.431434360000026,21.048342809130165,21.072191191107052,16.487850920000028,20.3905835520176,21.75426582466688,1.1732402813560605,1.0689874363488834,NCEP,"{""type"":""MultiPoint"",""coordinates"":[]}"
2_1_LC08_013030_20150702,38.28,42187.647434178245,12924,28.526117360000057,20.789454134745107,20.84658540949297,17.17145492000003,20.05137327912812,21.449152476862807,0.5946472464527008,0.9361503329577409,MODIS,"{""type"":""MultiPoint"",""coordinates"":[]}"
1_2_1_LE07_013030_20150710,21.0,42195.647648125,8460,29.814710900000023,22.40290885207724,22.38800756554839,19.96055924000001,21.9859908377619,22.786744215541585,1.6385612976690045,0.963855972585364,NCEP,"{""type"":""MultiPoint"",""coordinates"":[]}"
2_1_LC08_013030_20150803,4.47,42219.64758123843,17167,36.07310552000001,25.719452271999778,25.446545830943446,24.807311600000048,25.250377785459357,25.848011341127535,2.4875278824385636,1.026096898655492,MODIS,"{""type"":""MultiPoint"",""coordinates"":[]}"
2_1_LC08_013030_20150819,9.14,42235.64766756944,11109,32.514946699999996,24.677589063517292,24.65019138144849,23.228186359999995,24.35427618275845,25.051604824257314,1.65071119869542,0.6035762461363782,MODIS,"{""type"":""MultiPoint"",""coordinates"":[]}"
1_2_1_LE07_013030_20150912,43.0,42259.647785821755,15106,29.520761180000022,23.529017909429307,23.685824543349277,21.51234032000002,23.28851259687292,23.685824543349277,2.773348073941929,0.45253405056836304,NCEP,"{""type"":""MultiPoint"",""coordinates"":[]}"
1_2_1_LE07_013030_20150928,23.0,42275.64782532408,15219,26.355674659999977,19.5768814711495,19.437321164732843,18.521572820000017,19.437321164732843,19.862783739756402,3.2607604464259388,0.597444994313143,NCEP,"{""type"":""MultiPoint"",""coordinates"":[]}"
2_1_LC08_013030_20151022,65.01,42299.64789114583,7058,10.205530160000023,7.176461135314629,7.247487586078754,4.189814960000035,6.747426183725095,7.6476074195927435,-0.4793901347077783,0.660869512164674,MODIS,"{""type"":""MultiPoint"",""coordinates"":[]}"
1_2_1_LE07_013030_20151030,32.0,42307.64814664352,11434,13.353526579999993,10.167059804909426,10.123722462734836,5.4066300800000135,10.123722462734836,10.475496862679277,-1.9940721246006161,0.5492223335539053,NCEP,"{""type"":""MultiPoint"",""coordinates"":[]}"
2_1_LC08_013030_20151123,1.2,42331.64794863426,17167,7.358319499999993,6.257692419488351,6.448611327777783,1.192211420000035,5.852427478756609,6.8489830722904745,-1.36356430232473,0.9634444717017824,MODIS,"{""type"":""MultiPoint"",""coordinates"":[]}"
1_2_1_LE07_013030_20160525,12.0,42515.6495524537,13306,29.185795220000045,15.474375106558744,15.737881873754993,9.515090120000025,13.692535807560978,16.92918359322814,0.38542232607096677,2.484154062918453,NCEP,"{""type"":""MultiPoint"",""coordinates"":[]}"
2_1_LC08_013030_20160618,1.39,42539.647649293984,17167,33.09259208000003,20.856988063844057,20.5468102174021,18.94198928000003,20.255946188300886,21.246632856376475,2.1271403255906,1.3163429467699248,MODIS,"{""type"":""MultiPoint"",""coordinates"":[]}"
1_2_1_LE07_013030_20160626,4.0,42547.64962482639,13140,24.650082680000025,12.769844065255096,12.727933657879795,8.154718160000016,11.447955389872792,13.669792930863961,0.843294426687647,2.061081497641218,NCEP,"{""type"":""MultiPoint"",""coordinates"":[]}"
2_1_LC08_013030_20160704,0.37,42555.64775837963,17167,33.615549139999985,22.641891149217194,22.249140614341144,21.649061120000056,22.050785909857527,23.052234445392703,2.176107697404575,1.0677735925770635,MODIS,"{""type"":""MultiPoint"",""coordinates"":[]}"
1_2_1_LE07_013030_20160712,6.0,42563.649613483794,15395,33.348943580000025,23.256214521363432,23.050415643259797,21.785781919999977,22.63392696482595,23.462145185664742,2.7612637053655895,1.041161041613921,NCEP,"{""type"":""MultiPoint"",""coordinates"":[]}"
2_1_LC08_013030_20160720,10.86,42571.647830312504,16946,30.159930920000022,23.884616921128195,23.74976776767031,22.636868900000024,23.549501368991734,24.051416839681092,1.7618268420424041,0.6644487182607912,MODIS,"{""type"":""MultiPoint"",""coordinates"":[]}"
2_1_LC08_013030_20160805,6.44,42587.6478625,11609,26.93673806000004,19.743451303386113,21.052619039928423,9.562942399999997,18.551566128564644,21.846254949808365,-1.0962978460509256,3.1752320835315393,MODIS,"{""type"":""MultiPoint"",""coordinates"":[]}"
1_2_1_LE07_013030_20160829,21.0,42611.649705567135,12379,33.971023220000006,24.21329099363423,24.29128177371628,20.480098279999993,23.8792914723856,24.309302634085807,2.389568995096009,0.8712870486223454,NCEP,"{""type"":""MultiPoint"",""coordinates"":[]}"
1_2_1_LE07_013030_20160914,73.0,42627.6497256713,12171,26.659878440000057,19.967763680343385,20.225559988076764,15.376994420000017,19.68404315175963,20.754706130602035,-0.6759593670191586,1.0088525833702162,NCEP,"{""type"":""MultiPoint"",""coordinates"":[]}"
2_1_LC08_013030_20160922,0.01,42635.64800751157,17167,28.594477760000018,22.297072069695343,22.148181542452214,21.67982330000001,22.056495295074665,22.343876656616104,3.5648170278620626,0.5620878392354832,MODIS,"{""type"":""MultiPoint"",""coordinates"":[]}"
2_1_LC08_013030_20161024,22.58,42667.64808701389,14496,14.522489420000056,12.165557712796707,12.354141195391307,8.32561916000003,11.950317222410257,12.548807865184152,-1.4446119881700132,0.6169527510980201,MODIS,"{""type"":""MultiPoint"",""coordinates"":[]}"
2_1_LC08_013030_20170504,20.2,42859.647354016204,15608,15.551313440000058,6.458406520538867,6.6503747645359494,-6.881151820000014,5.749876557754449,7.548441002865442,-0.8456899813111917,2.039821355825259,MODIS,"{""type"":""MultiPoint"",""coordinates"":[]}"
2_1_LC08_013030_20170520,0.01,42875.6474918287,17167,22.41469760000001,13.059273000730771,12.648247173750535,11.159157740000012,12.247861507519126,13.649463032275227,1.5574035079539787,1.2635599662843173,MODIS,"{""type"":""MultiPoint"",""coordinates"":[]}"
2_1_LC08_013030_20170621,38.01,42907.64766318287,13921,29.657481980000057,21.673574986608067,21.344638440123287,14.70364447999998,21.148947776813404,22.352337888868718,0.7473044693737155,1.036359351704642,MODIS,"{""type"":""MultiPoint"",""coordinates"":[]}"
1_2_1_LE07_013030_20170715,55.0,42931.64969200231,7170,28.519281320000005,21.797051038463767,21.671783017030695,19.276955240000007,21.206533141799454,22.142605167319374,1.5988031153020297,0.8380525803676871,NCEP,"{""type"":""MultiPoint"",""coordinates"":[]}"
2_1_LC08_013030_20170723,50.68,42939.647773680554,14917,32.58672511999998,25.663702371669935,25.547851169515052,23.173498040000027,25.357463166447648,25.746546120126094,1.90973921756544,0.6152630965539897,MODIS,"{""type"":""MultiPoint"",""coordinates"":[]}"
1_2_1_LE07_013030_20170731,3.0,42947.64967696759,14942,35.53305836000004,22.824178316647643,22.88288601993855,21.173956340000018,22.45846210965763,22.906023204028106,3.0256619661970956,0.9917796055941352,NCEP,"{""type"":""MultiPoint"",""coordinates"":[]}"
2_1_LC08_013030_20170824,22.47,42971.64790391204,8200,27.565653740000016,21.58064959228608,21.548728301144866,18.463466480000022,21.35193164413948,21.953648759220595,0.42277483427456414,0.5028555456092052,MODIS,"{""type"":""MultiPoint"",""coordinates"":[]}"
1_2_1_LE07_013030_20170917,8.0,42995.64963049769,15208,30.42653647999998,21.78068648973447,21.559347767829536,19.76231408000001,21.559347767829536,22.013576106950097,2.155315982191038,0.7489746065124633,NCEP,"{""type"":""MultiPoint"",""coordinates"":[]}"
2_1_LC08_013030_20170925,3.35,43003.64798171296,17137,32.24834113999998,24.654772947286443,24.65101852186621,22.749663560000045,24.253619729824422,24.948286545744942,2.112352722317823,0.824417964875208,MODIS,"{""type"":""MultiPoint"",""coordinates"":[]}"
1_2_1_LE07_013030_20171003,4.0,43011.64964783565,13641,23.56657034,17.874137292569237,17.878313304385497,14.727570620000051,17.50955711693344,18.263765485962153,2.0377319867928794,0.45453219748486595,NCEP,"{""type"":""MultiPoint"",""coordinates"":[]}"
2_1_LC08_013030_20171011,67.15,43019.648039733795,8305,19.376077819999978,14.66409500762665,15.951893148729614,-0.004095580000011978,13.450486133491857,16.948452518492836,-1.4644502810378102,3.0876011326540973,MODIS,"{""type"":""MultiPoint"",""coordinates"":[]}"
1_2_1_LE07_013030_20171019,4.0,43027.649675532404,14571,18.689055800000006,15.105083903223235,15.23864181366992,12.064933040000028,14.885142927601617,15.584647176760546,-0.49795884971999416,0.6989577262118472,NCEP,"{""type"":""MultiPoint"",""coordinates"":[]}"
2_1_LC08_013030_20171027,4.67,43035.648054895835,17167,15.56498552000005,13.768752513717684,13.855538878839948,10.96433060000004,13.653687534544709,14.049395363753026,-1.7106868416369077,0.45904549120248833,MODIS,"{""type"":""MultiPoint"",""coordinates"":[]}"
1_2_1_LE07_013030_20171104,54.0,43043.64966914352,12402,9.255320600000005,6.17656863510041,6.146467901468203,1.0178924000000507,5.559116834427871,6.859108874134286,-0.4005567527588005,1.0464764741098478,NCEP,"{""type"":""MultiPoint"",""coordinates"":[]}"
2_1_LC08_013030_20171112,28.47,43051.64802496528,17167,9.19721426000001,8.054555883298672,8.252169302138565,3.133646780000049,7.752205369540332,8.652981972674121,-1.3354758608225572,0.946693458891836,MODIS,"{""type"":""MultiPoint"",""coordinates"":[]}"
2_1_LC08_013030_20171128,49.63,43067.647949826394,16858,3.369490160000055,1.4077806036107716,1.5508457628491028,-3.357173199999977,1.0517509904985334,2.05107118909017,-1.1877183048071127,0.90796591261419,MODIS,"{""type"":""MultiPoint"",""coordinates"":[]}"
2_1_LC08_013030_20180523,0.29,43243.647084895834,17167,26.782927159999986,15.768933474486563,15.553181939049331,14.242211780000048,14.85089229634445,16.14771986159512,1.9200768681137235,1.5485024319445375,MODIS,"{""type"":""MultiPoint"",""coordinates"":[]}"
1_2_1_LE07_013030_20180531,32.0,43251.647818020836,14883,23.956224620000057,13.32437358430834,13.73255799761101,3.49595690000001,12.04978675194857,15.05001834882014,-0.38839597755570426,2.677361350279394,NCEP,"{""type"":""MultiPoint"",""coordinates"":[]}"
1_2_1_LE07_013030_20180702,15.0,43283.6474040625,11455,34.78109396000002,23.456664139176215,23.08060693359087,21.026981480000018,23.08060693359087,23.610931346638765,2.1865860346640034,1.1476274305653495,NCEP,"{""type"":""MultiPoint"",""coordinates"":[]}"
2_1_LC08_013030_20180710,24.33,43291.64724266204,14201,35.76890174000005,25.057762480223374,24.946214772041508,12.779299219999984,24.551939210039347,25.646523812053996,0.38507478669193446,1.4184800128113357,MODIS,"{""type"":""MultiPoint"",""coordinates"":[]}"
1_2_1_LE07_013030_20180718,2.0,43299.64719672454,15134,32.46025838000003,24.516955257011613,24.441817247965755,21.919084699999985,24.093108909016625,24.943144078919186,0.6880525783947807,0.7766993154056595,NCEP,"{""type"":""MultiPoint"",""coordinates"":[]}"
1_2_1_LE07_013030_20180819,19.0,43331.64679018519,14628,28.922607680000056,23.332102411620397,23.382355990802072,20.77746602000002,23.041020727378072,23.41544369823811,3.0829277966297863,0.47014573136545845,NCEP,"{""type"":""MultiPoint"",""coordinates"":[]}"
2_1_LC08_013030_20180827,24.93,43339.64751513889,7658,29.664318019999996,23.336322659310888,23.24904118046662,21.549938540000028,23.049197932800507,23.445702885553985,2.7568821632813765,0.6639189358360857,MODIS,"{""type"":""MultiPoint"",""coordinates"":[]}"
1_2_1_LE07_013030_20180904,24.0,43347.64656032408,9178,29.01831224,22.669392197749946,22.57732851758113,19.160742560000017,22.119941616920816,23.057959474000914,1.2573191110666393,0.8571290648941462,NCEP,"{""type"":""MultiPoint"",""coordinates"":[]}"
2_1_LC08_013030_20181014,11.47,43387.64772984954,17102,15.411174619999997,13.58062886895029,14.152604754656936,5.717669900000033,13.250834800927489,14.354403154913065,-2.134861229646072,1.3447980219797053,MODIS,"{""type"":""MultiPoint"",""coordinates"":[]}"
1_2_1_LE07_013030_20181022,45.0,43395.64578385417,14386,13.086921019999977,10.452968570625957,10.525169722871084,4.2650114000000485,10.180184169410039,10.869956968979729,-2.132230616706384,0.6277978989292159,NCEP,"{""type"":""MultiPoint"",""coordinates"":[]}"
1_2_1_LE07_013030_20181107,30.0,43411.64554321759,8374,13.476575300000036,8.060540381009579,7.979402325035573,4.5213628999999855,7.979402325035573,8.357639334800586,2.3382620531487595,0.603123616782216,NCEP,"{""type"":""MultiPoint"",""coordinates"":[]}"
1_2_1_LE07_013030_20190518,5.0,43603.6413177662,14717,21.67640528000004,10.737787022453643,10.231555085887818,8.711855420000006,9.854860230358526,11.450293221976091,1.9220882824758936,1.5464723756435161,NCEP,"{""type"":""MultiPoint"",""coordinates"":[]}"
2_1_LC08_013030_20190526,33.12,43611.647622372686,10415,26.60860814,15.06253758763236,14.64610008408967,12.338374639999984,13.849205211153892,15.544221895835253,1.7885201413047411,2.2413286013123703,MODIS,"{""type"":""MultiPoint"",""coordinates"":[]}"
1_2_1_LE07_013030_20190603,20.0,43619.640920046295,14750,25.128605480000033,15.120022013877586,15.015528583245004,13.27491212000001,14.31513119574702,15.651654351359612,1.7365481493682255,1.049996301109098,NCEP,"{""type"":""MultiPoint"",""coordinates"":[]}"
2_1_LC08_013030_20190627,31.28,43643.64776685185,11872,31.98515359999999,22.67597535017467,22.64867588153028,17.12360264000006,22.150163369848354,23.245973704206033,0.45127384880552707,1.470187657107227,MODIS,"{""type"":""MultiPoint"",""coordinates"":[]}"
1_2_1_LE07_013030_20190705,6.0,43651.640098738426,14815,35.53989439999998,24.70899382696979,24.955116573297442,19.471782380000036,24.497021419525883,25.389549949431494,0.6808939045928313,1.6543450381928257,NCEP,"{""type"":""MultiPoint"",""coordinates"":[]}"
2_1_LC08_013030_20190713,26.46,43659.64780344907,8509,31.711712000000034,24.74484055604898,24.749076943366017,22.927400600000055,24.44977026308137,24.949069232811716,2.649354676609101,0.6414127873174166,MODIS,"{""type"":""MultiPoint"",""coordinates"":[]}"
2_1_LC08_013030_20190729,15.71,43675.64786861111,13452,34.10774402000004,25.682220881225984,25.548417658820192,24.031421060000014,25.352170937179178,25.846793293397038,2.7027892140671037,0.7735540387941864,MODIS,"{""type"":""MultiPoint"",""coordinates"":[]}"
1_2_1_LE07_013030_20190806,12.0,43683.63921248843,14315,31.383582079999996,23.806577274978626,23.896784680537237,22.387353440000027,23.561226642644204,23.943259539582854,2.9406075402697547,0.6725041119316741,NCEP,"{""type"":""MultiPoint"",""coordinates"":[]}"
2_1_LC08_013030_20190814,33.61,43691.647935393514,9742,33.68390954000006,23.553868942679,24.252539156603884,15.291543919999981,22.34713343105509,24.645960252058543,-0.277977918689715,1.753307719746944,MODIS,"{""type"":""MultiPoint"",""coordinates"":[]}"
1_2_1_LE07_013030_20190822,61.0,43699.638747233796,10626,34.72640564000005,25.691438143903714,25.405312848453775,23.62809470000002,25.371251344254812,25.947473041409413,2.065314192686114,0.8331522697674959,NCEP,"{""type"":""MultiPoint"",""coordinates"":[]}"
2_1_LC08_013030_20190830,42.99,43707.64797958333,15089,29.91725150000002,22.47838047037469,22.350873866173345,21.078251780000016,22.251168575370077,22.547686675788583,3.4647914087187384,0.6108089809306849,MODIS,"{""type"":""MultiPoint"",""coordinates"":[]}"
1_2_1_LE07_013030_20190907,8.0,43715.63826774305,12974,26.13008534000005,20.06856009408785,20.07678422296784,16.542539239999996,19.723999837616738,20.470450751697303,0.4912203468185945,0.5122817810801072,NCEP,"{""type"":""MultiPoint"",""coordinates"":[]}"
2_1_LC08_013030_20190915,15.63,43723.648036666666,13520,24.547542080000028,18.35606287285672,18.346736181863108,16.41949052000001,18.155700394635566,18.447865892389,3.355005947581844,0.49177130031798877,MODIS,"{""type"":""MultiPoint"",""coordinates"":[]}"
1_2_1_LE07_013030_20191009,63.0,43747.63731615741,14357,18.395106080000005,14.79084799951107,14.976465207965038,12.516111679999995,14.640144209636238,14.976465207965038,0.5652336862980173,0.3958963764397335,NCEP,"{""type"":""MultiPoint"",""coordinates"":[]}"
2_1_LC08_013030_20191102,1.41,43771.6481132176,17167,11.921376200000054,10.03528206713625,10.150913689480683,6.305569340000034,9.852735786177885,10.346123415613192,-1.6540944304603462,0.5860929279444119,MODIS,"{""type"":""MultiPoint"",""coordinates"":[]}"
1_2_1_LE07_013030_20191126,37.0,43795.63582217593,13258,5.44422830000002,1.642165737541278,1.6088059982092742,-1.6823433999999793,1.183143868581551,2.3937127935903306,-0.25795520013636636,0.935208573443807,NCEP,"{""type"":""MultiPoint"",""coordinates"":[]}"
1_2_1_LE07_013030_20200520,0.0,43971.62921254629,14606,24.721861100000012,12.965420772380487,12.842325247133022,10.400357299999996,12.483797197231098,13.533543063400385,2.189728451404136,1.4706161249276613,NCEP,"{""type"":""MultiPoint"",""coordinates"":[]}"
1_2_1_LE07_013030_20200621,11.0,44003.62790694444,13233,36.44908772000002,25.040119628556845,25.06525866488989,19.14023444000003,24.56574914275712,25.561848170473628,1.1755641714204739,1.4241737878154548,NCEP,"{""type"":""MultiPoint"",""coordinates"":[]}"
2_1_LC08_013030_20200715,67.71,44027.647756493054,7395,29.551523360000033,25.102547407039882,25.15093792462147,21.044071580000036,24.852336445630925,25.352909438815313,0.8639718580996244,0.6475995890112108,MODIS,"{""type"":""MultiPoint"",""coordinates"":[]}"
2_1_LC08_013030_20200731,6.71,44043.647806539346,17077,32.92852712000001,25.65639473563953,25.545830566493972,24.793639520000056,25.453396593291803,25.745528048364314,3.9687718390240474,0.5951106481566278,MODIS,"{""type"":""MultiPoint"",""coordinates"":[]}"
1_2_1_LE07_013030_20200824,21.0,44067.625152465276,14068,32.80206038000006,23.497222413179813,23.671013909033356,22.17201818000001,23.17256132256394,23.671013909033356,2.450753075609641,0.8028809511839051,NCEP,"{""type"":""MultiPoint"",""coordinates"":[]}"
1_2_1_LE07_013030_20200909,39.0,44083.624424837966,14563,27.011934500000052,18.303735822366395,18.480690078323864,14.854037360000007,17.685787503212836,18.883040934086186,0.6062445853320519,0.9914142461648182,NCEP,"{""type"":""MultiPoint"",""coordinates"":[]}"
2_1_LC08_013030_20200917,60.95,44091.648023217596,14974,21.43030784000001,15.357708651939706,15.552185445268073,7.840260320000027,13.950498576023731,17.350248020070836,-0.6657833951566413,2.176956514233907,MODIS,"{""type"":""MultiPoint"",""coordinates"":[]}"
1_2_1_LE07_013030_20200925,7.0,44099.62369152778,14289,24.53386999999998,17.737680156712322,17.78135208006667,16.347712100000024,17.326430014389985,17.809116434317783,2.876899041646427,0.7038437615722513,NCEP,"{""type"":""MultiPoint"",""coordinates"":[]}"
2_1_LC08_013030_20201003,51.92,44107.64806612268,7726,16.163139020000017,14.662351382330183,15.149612356665122,5.4271382000000585,14.151251825717441,15.646227264029848,-1.9229531361741836,1.4706913097370944,MODIS,"{""type"":""MultiPoint"",""coordinates"":[]}"
1_2_1_LE07_013030_20201011,3.0,44115.62298694444,13988,17.304757699999982,14.229120281783299,14.423870258975127,10.297816699999998,14.089019852775674,14.423870258975127,-1.028792429224794,0.4829644901696719,NCEP,"{""type"":""MultiPoint"",""coordinates"":[]}"
