"X1","system:index","azimuth","cloud_cover","elev","esd","l_exceltime","landsat_time","pct_lake","pixel_count","surface_temp_count","surface_temp_max","surface_temp_mean","surface_temp_median","surface_temp_min","surface_temp_p25","surface_temp_p75","surface_temp_skew","surface_temp_stdDev","sza",".geo","landsat_time_utc","scene","temp_avg","t_stdev","depth_avg","d_stdev","temp_med","insitu_count","HerrickCoveSouth_median","HerrickCoveSouth_mean","HerrickCoveSouth_std","HerrickCoveSouth_count","Newbury_median","Newbury_mean","Newbury_std","Newbury_count","NorthSunapeeHarbor_median","NorthSunapeeHarbor_mean","NorthSunapeeHarbor_std","NorthSunapeeHarbor_count","SouthOfTheFells_median","SouthOfTheFells_mean","SouthOfTheFells_std","SouthOfTheFells_count","loon_median","loon_mean","loon_std","loon_count","harbor_median","harbor_mean","harbor_std","harbor_count","GeorgesMills_median","GeorgesMills_mean","GeorgesMills_std","GeorgesMills_count","HerrickCove_median","HerrickCove_mean","HerrickCove_std","HerrickCove_count","StateBeach_median","StateBeach_mean","StateBeach_std","StateBeach_count","date","LSmission","collection","month","doy","freeze_QAQC","temp_spread","spread_QAQC","IQR","IQR_QAQC"
0,"1_2_1_LE07_013030_20060717",131.03422466,8,60.56458205,1.0163383,38915.640739375,1153149759882,0.872356539469851,14974,15873,35.471534,26.4823202634885,26.1936746712049,24.67400882,26.1936746712049,26.6914061950101,2.63241466792768,0.99584827177527,29.43541795,"{""type"":""MultiPoint"",""coordinates"":[]}",2006-07-17 15:22:39,"LE07_013030_20060717",24.41,NA,1.5,NA,24.41,1,24.41,24.41,NA,1,NA,NA,NA,NA,NA,NA,NA,NA,NA,NA,NA,NA,NA,NA,NA,NA,NA,NA,NA,NA,NA,NA,NA,NA,NA,NA,NA,NA,NA,NA,NA,NA,2006-07-17,"LS 7",2,"07","198","P",10.8,"F",0.5,"P"
1,"1_1_2_1_LT05_013030_20060725",134.22257343,15,59.77714192,1.0157178,38923.6431098727,1153841164693,1,17165,18205,33.92658896,24.0104191079157,24.0959273112312,22.5685085,23.2900449556952,24.1348494622768,2.12190963243846,0.982956157109079,30.22285808,"{""type"":""MultiPoint"",""coordinates"":[]}",2006-07-25 15:26:04,"LT05_013030_20060725",23.89,NA,1.5,NA,23.89,1,23.89,23.89,NA,1,NA,NA,NA,NA,NA,NA,NA,NA,NA,NA,NA,NA,NA,NA,NA,NA,NA,NA,NA,NA,NA,NA,NA,NA,NA,NA,NA,NA,NA,NA,NA,NA,2006-07-25,"LS 5",2,"07","206","P",11.3,"F",0.800000000000001,"P"
2,"1_2_1_LE07_013030_20060802",134.79728016,22,57.68323206,1.0148086,38931.6406833449,1154532155041,0.851907952228372,14623,15463,36.14146592,25.5476316472114,25.3065471764843,22.67446712,24.6607926945988,25.9519314300911,1.91393294006377,1.28721026838005,32.31676794,"{""type"":""MultiPoint"",""coordinates"":[]}",2006-08-02 15:22:35,"LE07_013030_20060802",26.49,NA,1.5,NA,26.49,1,26.49,26.49,NA,1,NA,NA,NA,NA,NA,NA,NA,NA,NA,NA,NA,NA,NA,NA,NA,NA,NA,NA,NA,NA,NA,NA,NA,NA,NA,NA,NA,NA,NA,NA,NA,NA,2006-08-02,"LS 7",2,"08","214","P",13.4,"F",1.3,"P"
3,"1_1_2_1_LT05_013030_20060911",149.88598224,3,47.44752268,1.0066447,38971.6434978935,1157988398218,0.979318380425284,16810,17780,21.77894588,15.7123766276626,15.8394539174693,11.92479422,15.1544766214702,16.3672807490624,-0.119907228548382,0.884641365601495,42.55247732,"{""type"":""MultiPoint"",""coordinates"":[]}",2006-09-11 15:26:38,"LT05_013030_20060911",18.77,NA,1.5,NA,18.77,1,18.77,18.77,NA,1,NA,NA,NA,NA,NA,NA,NA,NA,NA,NA,NA,NA,NA,NA,NA,NA,NA,NA,NA,NA,NA,NA,NA,NA,NA,NA,NA,NA,NA,NA,NA,NA,2006-09-11,"LS 5",2,"09","254","P",9.9,"P",1.2,"P"
16,"1_1_2_1_LT05_013030_20070712",131.99929322,15,61.91173813,1.0165832,39275.6434687847,1184253995703,0.570171861345762,9787,10386,31.85526884,21.3656996288585,21.336547408125,19.0035136400001,20.7664936764074,21.9415928247205,1.50347341673302,1.0557235083546,28.08826187,"{""type"":""MultiPoint"",""coordinates"":[]}",2007-07-12 15:26:35,"LT05_013030_20070712",21.11,0.50616202939375,1.5,0,20.965,4,21.84,21.84,NA,1,20.67,20.67,NA,1,20.97,20.97,NA,1,20.96,20.96,NA,1,NA,NA,NA,NA,NA,NA,NA,NA,NA,NA,NA,NA,NA,NA,NA,NA,NA,NA,NA,NA,2007-07-12,"LS 5",2,"07","193","P",12.9,"F",1.1,"P"
17,"1_2_1_LE07_013030_20070805",135.72512738,0,57.13146774,1.0144331,39299.6409673148,1186327379576,0.854354791727352,14665,15571,30.17702102,24.6091259609938,24.6546181698775,21.9190847,24.3111571303875,24.6546181698775,2.78454836463558,0.49940981358008,32.86853226,"{""type"":""MultiPoint"",""coordinates"":[]}",2007-08-05 15:22:59,"LE07_013030_20070805",24.88,0.526687763290548,1.5,0,24.965,4,25.07,25.07,NA,1,25.42,25.42,NA,1,24.17,24.17,NA,1,24.86,24.86,NA,1,NA,NA,NA,NA,NA,NA,NA,NA,NA,NA,NA,NA,NA,NA,NA,NA,NA,NA,NA,NA,2007-08-05,"LS 7",2,"08","217","P",8.3,"P",0.399999999999999,"P"
18,"1_1_2_1_LT05_013030_20070813",139.75161244,49,55.7917812,1.0131619,39307.6432451389,1187018776380,0.79627148266822,13668,14477,32.1218744,24.0067972632032,24.0171333670385,21.72083954,23.3946827800735,24.1562887968567,2.07962680144183,0.860652100575074,34.2082188,"{""type"":""MultiPoint"",""coordinates"":[]}",2007-08-13 15:26:16,"LT05_013030_20070813",23.7525,0.377392368762275,1.5,0,23.745,4,24.21,24.21,NA,1,23.85,23.85,NA,1,23.31,23.31,NA,1,23.64,23.64,NA,1,NA,NA,NA,NA,NA,NA,NA,NA,NA,NA,NA,NA,NA,NA,NA,NA,NA,NA,NA,NA,2007-08-13,"LS 5",2,"08","225","P",10.4,"F",0.800000000000001,"P"
19,"1_1_2_1_LT05_013030_20070829",145.20798098,1,51.47234426,1.009913,39323.6431142593,1188401165072,1,17165,18205,32.0706041,23.5371775058576,23.2186664918285,22.3634273,23.0989629632924,23.8039934256285,2.38761954677818,0.883853568121905,38.52765574,"{""type"":""MultiPoint"",""coordinates"":[]}",2007-08-29 15:26:05,"LT05_013030_20070829",22.825,0.545654550873435,0.9,0.516397779494322,23.08,10,22.34,22.34,NA,1,21.83,21.83,NA,1,22.3,22.3,NA,1,22.46,22.46,NA,1,23.21,23.22,0.147918896696802,6,NA,NA,NA,NA,NA,NA,NA,NA,NA,NA,NA,NA,NA,NA,NA,NA,2007-08-29,"LS 5",2,"08","241","P",9.7,"P",0.699999999999999,"P"
20,"1_2_1_LE07_013030_20070906",146.59894761,39,48.63549834,1.0079926,39331.6408068171,1189092165709,0.811593358578503,13931,14712,23.56315232,18.8520989403141,18.654933394354,16.36138418,18.654933394354,19.1779346491607,0.89864309934002,0.550934134885868,41.36450166,"{""type"":""MultiPoint"",""coordinates"":[]}",2007-09-06 15:22:45,"LE07_013030_20070906",20.607,0.170688149689557,0.9,0.516397779494322,20.675,10,20.68,20.68,NA,1,20.67,20.67,NA,1,20.16,20.16,NA,1,20.47,20.47,NA,1,20.69,20.6816666666667,0.0132916013582509,6,NA,NA,NA,NA,NA,NA,NA,NA,NA,NA,NA,NA,NA,NA,NA,NA,2007-09-06,"LS 7",2,"09","249","P",7.2,"P",0.5,"P"
21,"1_1_2_1_LT05_013030_20070914",150.54677068,30,46.49819316,1.0059195,39339.643047419,1189783559297,0.999883483833382,17163,18203,25.49433362,19.3339184716458,19.1325934113851,18.38485202,18.9895812414676,19.7348691918768,2.5385681142377,0.536225561161766,43.50180684,"{""type"":""MultiPoint"",""coordinates"":[]}",2007-09-14 15:25:59,"LT05_013030_20070914",19.508,0.194696344769661,0.9,0.516397779494322,19.59,10,19.71,19.71,NA,1,19.37,19.37,NA,1,19.18,19.18,NA,1,19.18,19.18,NA,1,19.62,19.6066666666667,0.0393276832100083,6,NA,NA,NA,NA,NA,NA,NA,NA,NA,NA,NA,NA,NA,NA,NA,NA,2007-09-14,"LS 5",2,"09","257","P",7.1,"P",0.699999999999999,"P"
22,"1_2_1_LE07_013030_20070922",151.7514934,59,43.46302614,1.0037313,39347.6407478588,1190474560615,0.386425866588989,6633,6846,17.74226426,8.71665828578049,8.57049493852832,3.57115334000002,7.18247083144561,10.0615482477717,0.450727206532154,2.26049585040345,46.53697386,"{""type"":""MultiPoint"",""coordinates"":[]}",2007-09-22 15:22:40,"LE07_013030_20070922",19.5666666666667,0.0847742099147306,0.5,0,19.585,6,NA,NA,NA,NA,NA,NA,NA,NA,NA,NA,NA,NA,NA,NA,NA,NA,19.585,19.5666666666667,0.0847742099147296,6,NA,NA,NA,NA,NA,NA,NA,NA,NA,NA,NA,NA,NA,NA,NA,NA,2007-09-22,"LS 7",2,"09","265","P",14.1,"F",2.9,"P"
23,"1_2_1_LE07_013030_20071125",161.08497004,37,23.81064777,0.9871101,39411.6410390278,1196004185772,0.87119137780367,14954,15836,6.22353686000002,4.18411285587155,4.45032000187747,-1.18673049999995,4.08308281957082,4.45032000187747,-1.92617306288048,0.607902032707006,66.18935223,"{""type"":""MultiPoint"",""coordinates"":[]}",2007-11-25 15:23:05,"LE07_013030_20071125",5.8,0.0244948974278316,0.5,0,5.81,6,NA,NA,NA,NA,NA,NA,NA,NA,NA,NA,NA,NA,NA,NA,NA,NA,5.81,5.8,0.024494897427832,6,NA,NA,NA,NA,NA,NA,NA,NA,NA,NA,NA,NA,NA,NA,NA,NA,2007-11-25,"LS 7",2,"11","329","F",7.4,"P",0.4,"P"
24,"1_1_2_1_LT05_013030_20080511",137.91458057,0,59.17399627,1.0101572,39579.6399402778,1210519290840,1,17165,18205,23.6315127200001,11.29096723406,10.803466611407,9.00580514000001,10.2535427546453,11.7389548426856,2.12823784490885,1.74363986857605,30.82600373,"{""type"":""MultiPoint"",""coordinates"":[]}",2008-05-11 15:21:30,"LT05_013030_20080511",10.4566666666667,0.356520219155473,0.5,0,10.475,6,NA,NA,NA,NA,NA,NA,NA,NA,NA,NA,NA,NA,NA,NA,NA,NA,10.475,10.4566666666667,0.356520219155474,6,NA,NA,NA,NA,NA,NA,NA,NA,NA,NA,NA,NA,NA,NA,NA,NA,2008-05-11,"LS 5",2,"05","132","P",14.6,"F",1.4,"P"
25,"1_1_2_1_LT05_013030_20080612",130.20899042,1,62.82824199,1.015551,39611.6393478125,1213284039651,1,17165,18205,28.5158633,20.5264262909932,20.32120037423,16.7578745,19.7997510519353,21.447250808332,0.0420238521838341,1.31171071428919,27.17175801,"{""type"":""MultiPoint"",""coordinates"":[]}",2008-06-12 15:20:39,"LT05_013030_20080612",20.23,0.0384707681233424,0.5,0,20.225,6,NA,NA,NA,NA,NA,NA,NA,NA,NA,NA,NA,NA,NA,NA,NA,NA,20.225,20.23,0.0384707681233417,6,NA,NA,NA,NA,NA,NA,NA,NA,NA,NA,NA,NA,NA,NA,NA,NA,2008-06-12,"LS 5",2,"06","164","P",11.7,"F",1.6,"P"
26,"1_2_1_LE07_013030_20080706",129.5362263,27,61.85412354,1.0166967,39635.6405555903,1215357744003,0.821089426157879,14094,14919,33.22247684,25.1032432132398,25.172706279225,21.88832252,24.7372481863269,25.5839105631553,2.06479038861659,1.0283249925919,28.14587646,"{""type"":""MultiPoint"",""coordinates"":[]}",2008-07-06 15:22:24,"LE07_013030_20080706",22.767,0.573605555528652,0.9,0.516397779494322,22.89,10,22.84,22.84,NA,1,21.66,21.66,NA,1,22.47,22.47,NA,1,21.96,21.96,NA,1,23.165,23.1233333333333,0.214071639099314,6,NA,NA,NA,NA,NA,NA,NA,NA,NA,NA,NA,NA,NA,NA,NA,NA,2008-07-06,"LS 7",2,"07","188","P",11.3,"F",0.900000000000002,"P"
27,"1_2_1_LE07_013030_20080807",136.24668969,64,56.40158459,1.0140263,39667.6403500926,1218122526248,0.522633265365569,8971,9372,29.86939922,22.1066977372817,22.3626871023734,18.1079924000001,21.931178445608,22.4039212974502,0.675107995904011,0.817403021186347,33.59841541,"{""type"":""MultiPoint"",""coordinates"":[]}",2008-08-07 15:22:06,"LE07_013030_20080807",22.124,0.682710285064854,0.9,0.516397779494322,22.33,10,22.17,22.17,NA,1,20.5,20.5,NA,1,21.97,21.97,NA,1,21.46,21.46,NA,1,22.58,22.5233333333333,0.163666327223002,6,NA,NA,NA,NA,NA,NA,NA,NA,NA,NA,NA,NA,NA,NA,NA,NA,2008-08-07,"LS 7",2,"08","220","P",11.8,"F",0.5,"P"
28,"1_1_2_1_LT05_013030_20080815",137.85106299,70,54.17313488,1.0126687,39675.6380559144,1218813528031,0.273346926886105,4692,5002,24.25359236,18.3939193336838,18.3652135901894,14.93606984,17.6928776743726,19.0170347174649,0.0376519194796547,1.20532871359884,35.82686512,"{""type"":""MultiPoint"",""coordinates"":[]}",2008-08-15 15:18:48,"LT05_013030_20080815",21.787,0.28806056461947,0.9,0.516397779494322,21.835,10,21.84,21.84,NA,1,21.83,21.83,NA,1,21.13,21.13,NA,1,21.46,21.46,NA,1,21.925,21.935,0.120124934963562,6,NA,NA,NA,NA,NA,NA,NA,NA,NA,NA,NA,NA,NA,NA,NA,NA,2008-08-15,"LS 5",2,"08","228","P",9.4,"P",1.3,"P"
29,"1_2_1_LE07_013030_20080823",141.63443424,6,52.39040003,1.0110754,39683.6402728125,1219504919571,0.866705505388873,14877,15742,32.53887284,22.8543368728331,22.6857482620865,21.4439799200001,22.2755320548302,23.0954461039488,2.8071616150464,0.859058088498983,37.60959997,"{""type"":""MultiPoint"",""coordinates"":[]}",2008-08-23 15:21:59,"LE07_013030_20080823",21.951,0.391987811601898,0.9,0.516397779494322,22.12,10,22.17,22.17,NA,1,20.99,20.99,NA,1,21.63,21.63,NA,1,21.79,21.79,NA,1,22.16,22.155,0.0809320702811916,6,NA,NA,NA,NA,NA,NA,NA,NA,NA,NA,NA,NA,NA,NA,NA,NA,2008-08-23,"LS 7",2,"08","236","P",11.1,"F",0.800000000000001,"P"
30,"1_1_2_1_LT05_013030_20080831",143.34253844,6,49.79288004,1.0092744,39691.6377624074,1220195902672,0.743140110690358,12756,13492,29.75660456,21.4934568486408,21.4347706579077,18.87362888,21.2957484390022,21.8937177461237,2.40603097386401,0.712061584371923,40.20711996,"{""type"":""MultiPoint"",""coordinates"":[]}",2008-08-31 15:18:22,"LT05_013030_20080831",21.048,0.323412361476112,0.9,0.516397779494322,20.955,10,21.84,21.84,NA,1,21.33,21.33,NA,1,20.64,20.64,NA,1,20.96,20.96,NA,1,20.945,20.9516666666667,0.0306050104830346,6,NA,NA,NA,NA,NA,NA,NA,NA,NA,NA,NA,NA,NA,NA,NA,NA,2008-08-31,"LS 5",2,"08","244","P",10.9,"F",0.599999999999998,"P"
31,"1_2_1_LE07_013030_20080908",147.18656929,12,47.67072441,1.0072977,39699.6401819444,1220887311720,0.552869210602971,9490,10099,26.3625107,20.6042830767386,20.7060436319401,17.61921554,20.3251481034175,20.7060436319401,1.48219806988431,0.537532542090519,42.32927559,"{""type"":""MultiPoint"",""coordinates"":[]}",2008-09-08 15:21:51,"LE07_013030_20080908",21.107,0.116623801649197,0.9,0.516397779494322,21.13,10,21.34,21.34,NA,1,20.99,20.99,NA,1,20.97,20.97,NA,1,20.96,20.96,NA,1,21.135,21.135,0.0432434966208802,6,NA,NA,NA,NA,NA,NA,NA,NA,NA,NA,NA,NA,NA,NA,NA,NA,2008-09-08,"LS 7",2,"09","252","P",8.8,"P",0.399999999999999,"P"
32,"1_2_1_LE07_013030_20080924",152.21640997,0,42.43980495,1.0029624,39715.6400765625,1222269702615,0.769822312845907,13214,14001,24.87909002,18.5347751164267,18.5296450416704,16.4331626000001,18.1288842756954,18.5296450416704,2.79102811963962,0.522703812170353,47.56019505,"{""type"":""MultiPoint"",""coordinates"":[]}",2008-09-24 15:21:42,"LE07_013030_20080924",18.315,0.117260393995586,0.5,0,18.31,6,NA,NA,NA,NA,NA,NA,NA,NA,NA,NA,NA,NA,NA,NA,NA,NA,18.31,18.315,0.117260393995587,6,NA,NA,NA,NA,NA,NA,NA,NA,NA,NA,NA,NA,NA,NA,NA,NA,2008-09-24,"LS 7",2,"09","268","P",8.5,"P",0.399999999999999,"P"
33,"1_2_1_LE07_013030_20081010",156.32908491,0,36.99332606,0.9983859,39731.6399206829,1223652089147,0.875618992135159,15030,15954,20.19982064,14.9072481545245,14.6877354772324,13.9721882,14.6877354772324,15.0370304375184,3.46060540031324,0.495411103622531,53.00667394,"{""type"":""MultiPoint"",""coordinates"":[]}",2008-10-10 15:21:29,"LE07_013030_20081010",14.5566666666667,0.0280475786239502,0.5,0,14.55,6,NA,NA,NA,NA,NA,NA,NA,NA,NA,NA,NA,NA,NA,NA,NA,NA,14.55,14.5566666666667,0.02804757862395,6,NA,NA,NA,NA,NA,NA,NA,NA,NA,NA,NA,NA,NA,NA,NA,NA,2008-10-10,"LS 7",2,"10","284","P",6.2,"P",0.300000000000001,"P"
34,"1_1_2_1_LT05_013030_20081018",156.56749226,9,33.98145804,0.9961141,39739.6367281944,1224343013316,0.935100495193708,16051,16941,15.2539457,11.3565210987295,11.842091811522,4.47009260000004,10.7839349426447,12.3675952931143,-1.3989994720765,1.61995079847264,56.01854196,"{""type"":""MultiPoint"",""coordinates"":[]}",2008-10-18 15:16:53,"LT05_013030_20081018",13.875,0.058566201857385,0.5,0,13.88,6,NA,NA,NA,NA,NA,NA,NA,NA,NA,NA,NA,NA,NA,NA,NA,NA,13.88,13.875,0.0585662018573848,6,NA,NA,NA,NA,NA,NA,NA,NA,NA,NA,NA,NA,NA,NA,NA,NA,2008-10-18,"LS 5",2,"10","292","P",10.8,"F",1.6,"P"
35,"1_2_1_LE07_013030_20081026",159.20371333,3,31.67713164,0.9939112,39747.6401120718,1225034505683,0.868394989804835,14906,15787,16.81256282,11.9514021242493,11.9061763650745,10.46188166,11.9061763650745,11.9061763650745,3.43592844855645,0.442962029167405,58.32286836,"{""type"":""MultiPoint"",""coordinates"":[]}",2008-10-26 15:21:45,"LE07_013030_20081026",11.8783333333333,0.0248327740429192,0.5,0,11.88,6,NA,NA,NA,NA,NA,NA,NA,NA,NA,NA,NA,NA,NA,NA,NA,NA,11.88,11.8783333333333,0.0248327740429193,6,NA,NA,NA,NA,NA,NA,NA,NA,NA,NA,NA,NA,NA,NA,NA,NA,2008-10-26,"LS 7",2,"10","300","P",6.3,"P",0,"P"
36,"1_2_1_LE07_013030_20081127",160.83076556,60,23.21967927,0.9866177,39779.6404206366,1227799332343,0.793009030002913,13612,14387,6.97208324000002,3.58066184548684,3.82068086029725,-1.57638478000001,3.44755587845074,3.82068086029725,-1.53653304649974,0.701318548240331,66.78032073,"{""type"":""MultiPoint"",""coordinates"":[]}",2008-11-27 15:22:12,"LE07_013030_20081127",4.705,0.0258843582110898,0.5,0,4.7,6,NA,NA,NA,NA,NA,NA,NA,NA,NA,NA,NA,NA,NA,NA,NA,NA,4.7,4.705,0.0258843582110896,6,NA,NA,NA,NA,NA,NA,NA,NA,NA,NA,NA,NA,NA,NA,NA,NA,2008-11-27,"LS 7",2,"11","332","F",8.6,"P",0.4,"P"
37,"1_2_1_LE07_013030_20090522",135.96067735,7,61.41612282,1.0123974,39955.6412065278,1243005800244,0.841887561899214,14451,15348,26.57784596,13.2299492544415,12.9219042079415,8.66400313999998,12.1894617701525,13.7628295777828,1.65246303506592,2.05237299295528,28.58387718,"{""type"":""MultiPoint"",""coordinates"":[]}",2009-05-22 15:23:20,"LE07_013030_20090522",14.04875,1.16403776939214,1.5,0,14.095,8,15.54,15.54,0,2,14.11,14.11,0,2,12.465,12.465,0.106066017177981,2,14.08,14.08,0,2,NA,NA,NA,NA,NA,NA,NA,NA,NA,NA,NA,NA,NA,NA,NA,NA,NA,NA,NA,NA,2009-05-22,"LS 7",2,"05","142","P",17.9,"F",1.6,"P"
38,"1_1_2_1_LT05_013030_20090530",133.12551622,50,62.15374484,1.0137994,39963.6395335764,1243696855701,0.565278182347801,9703,10302,26.7726731,16.1663306971843,15.9458778619191,14.63528408,15.2951498670499,16.5917231821308,2.09273716451585,1.49308673952232,27.84625516,"{""type"":""MultiPoint"",""coordinates"":[]}",2009-05-30 15:20:55,"LT05_013030_20090530",13.62125,0.841332913553589,1.5,0,13.8,8,14.28,14.28,0,2,12.485,12.485,0.332340187157678,2,14.4,14.4,0,2,13.32,13.32,0,2,NA,NA,NA,NA,NA,NA,NA,NA,NA,NA,NA,NA,NA,NA,NA,NA,NA,NA,NA,NA,2009-05-30,"LS 5",2,"05","150","P",12.2,"F",1.3,"P"
39,"1_1_2_1_LT05_013030_20090818",140.14211902,0,53.92915572,1.0121479,40043.6404577778,1250608935552,1,17165,18205,36.5140301,25.683102488568,25.2019721612333,24.33562484,25.0752710560246,25.9216602441345,2.4780139136804,1.08810888933864,36.07084428,"{""type"":""MultiPoint"",""coordinates"":[]}",2009-08-18 15:22:15,"LT05_013030_20090818",25.1057142857143,0.351977147110309,1.28571428571429,0.256776295506548,25.24,14,25.24,25.24,0,2,25.24,25.24,0,2,24.34,24.34,0,2,24.945,24.945,0.120208152801714,2,25.31,25.325,0.0472228758124696,6,NA,NA,NA,NA,NA,NA,NA,NA,NA,NA,NA,NA,NA,NA,NA,NA,2009-08-18,"LS 5",2,"08","230","P",12.2,"F",0.799999999999997,"P"
40,"1_1_2_1_LT05_013030_20090903",145.83840504,53,49.46065009,1.0086151,40059.6406263889,1251991350120,0.361258374599476,6201,6335,23.74430738,12.513632032868,12.0813845247191,7.14298424000003,10.6926460158987,14.2706119070082,0.485542763800879,2.45707907334259,40.53934991,"{""type"":""MultiPoint"",""coordinates"":[]}",2009-09-03 15:22:30,"LT05_013030_20090903",20.9578571428571,0.301539092284606,1.28571428571429,0.256776295506548,21.005,14,21.255,21.255,0.120208152801713,2,21.245,21.245,0.120208152801713,2,20.4,20.4,0.113137084989849,2,20.79,20.79,0,2,21.005,21.005,0.146116391962023,6,NA,NA,NA,NA,NA,NA,NA,NA,NA,NA,NA,NA,NA,NA,NA,NA,2009-09-03,"LS 5",2,"09","246","P",16.6,"F",3.6,"F"
41,"1_1_2_1_LT05_013030_20090919",151.19207559,14,44.38442029,1.0044302,40075.6407741204,1253373762884,0.575356830760268,9876,10421,18.93173522,16.273203932478,16.6961646107739,11.36423894,15.7978254349304,16.8388369335477,-1.44264305588802,0.969336114552691,45.61557971,"{""type"":""MultiPoint"",""coordinates"":[]}",2009-09-19 15:22:42,"LT05_013030_20090919",17.8242857142857,0.0607281819908362,1.28571428571429,0.256776295506548,17.83,14,17.85,17.85,0.113137084989849,2,17.75,17.75,0,2,17.89,17.89,0,2,17.8,17.8,0.113137084989849,2,17.83,17.8266666666667,0.00516397779494521,6,NA,NA,NA,NA,NA,NA,NA,NA,NA,NA,NA,NA,NA,NA,NA,NA,2009-09-19,"LS 5",2,"09","262","P",7.5,"P",1,"P"
42,"1_1_2_1_LT05_013030_20091005",155.65796847,66,38.96546805,0.9998961,40091.6409036806,1254756174078,0.274453830468978,4711,5166,18.46346648,14.3158604706245,14.4282278109396,10.6054385,13.8241099057913,15.0297442725702,-0.220321347834735,0.847137097277142,51.03453195,"{""type"":""MultiPoint"",""coordinates"":[]}",2009-10-05 15:22:54,"LT05_013030_20091005",15.21,1.9459014222362e-15,1,0,15.21,6,NA,NA,NA,NA,NA,NA,NA,NA,NA,NA,NA,NA,NA,NA,NA,NA,15.21,15.21,0,6,NA,NA,NA,NA,NA,NA,NA,NA,NA,NA,NA,NA,NA,NA,NA,NA,2009-10-05,"LS 5",2,"10","278","P",7.9,"P",1.2,"P"
43,"1_1_2_1_LT05_013030_20091021",158.89959364,36,33.53601388,0.9953496,40107.6410132639,1256138583546,0.732187591028255,12568,13412,16.75103846,10.9831331056196,10.8543536636369,9.55268834000003,10.7277062176489,11.4916202711402,2.09189993129772,0.827417942585236,56.46398612,"{""type"":""MultiPoint"",""coordinates"":[]}",2009-10-21 15:23:03,"LT05_013030_20091021",11.04,0.0309838667696596,1,0,11.02,6,NA,NA,NA,NA,NA,NA,NA,NA,NA,NA,NA,NA,NA,NA,NA,NA,11.02,11.04,0.0309838667696596,6,NA,NA,NA,NA,NA,NA,NA,NA,NA,NA,NA,NA,NA,NA,NA,NA,2009-10-21,"LS 5",2,"10","294","P",7.2,"P",0.800000000000001,"P"
44,"1_1_2_1_LT05_013030_20091122",161.29596051,27,24.42046622,0.9875894,40139.6411766204,1258903397660,0.999941741916691,17164,18203,11.13864962,7.53910169268826,7.71721157962831,6.17910260000002,7.30363209547992,7.86071282559806,1.89089446082583,0.436039824505028,65.57953378,"{""type"":""MultiPoint"",""coordinates"":[]}",2009-11-22 15:23:17,"LT05_013030_20091122",8.08333333333333,0.0366969571853942,1,0,8.09,6,NA,NA,NA,NA,NA,NA,NA,NA,NA,NA,NA,NA,NA,NA,NA,NA,8.09,8.08333333333333,0.0366969571853938,6,NA,NA,NA,NA,NA,NA,NA,NA,NA,NA,NA,NA,NA,NA,NA,NA,2009-11-22,"LS 5",2,"11","326","P",4.9,"P",0.600000000000001,"P"
47,"1_2_1_LE07_013030_20100525",136.0581855,9,62.05745666,1.0129046,40323.642369919,1274801100761,0.698397902709001,11988,12811,28.72778054,18.1662312979355,17.929847442614,14.0371305800001,17.4670747968857,18.8439334771985,1.49466107440989,1.77003132448877,27.94254334,"{""type"":""MultiPoint"",""coordinates"":[]}",2010-05-25 15:25:00,"LE07_013030_20100525",19.8616666666667,0.119401284191865,1,0,19.86,6,NA,NA,NA,NA,NA,NA,NA,NA,NA,NA,NA,NA,NA,NA,NA,NA,19.86,19.8616666666667,0.119401284191865,6,NA,NA,NA,NA,NA,NA,NA,NA,NA,NA,NA,NA,NA,NA,NA,NA,2010-05-25,"LS 7",2,"05","145","P",14.7,"F",1.3,"P"
48,"1_1_2_1_LT05_013030_20100602",133.53642009,4,62.74109899,1.0142216,40331.6413813542,1275492215349,0.903175065540344,15503,16418,32.38506194,21.7283757561096,21.6659841241973,19.12656236,21.0056918493457,22.4600330657058,1.7039454139286,1.30187187294352,27.25890101,"{""type"":""MultiPoint"",""coordinates"":[]}",2010-06-02 15:23:35,"LT05_013030_20100602",19.29,0.414326763155201,1.2,0.258198889747161,19.35,10,19.38,19.38,NA,1,20.02,20.02,NA,1,18.37,18.37,NA,1,19.5,19.5,NA,1,19.275,19.2716666666667,0.149320683988072,6,NA,NA,NA,NA,NA,NA,NA,NA,NA,NA,NA,NA,NA,NA,NA,NA,2010-06-02,"LS 5",2,"06","153","P",13.3,"F",1.5,"P"
49,"1_1_2_1_LT05_013030_20100618",130.6832996,5,63.26365956,1.0160488,40347.6413324306,1276874611122,0.986891931255462,16940,17939,29.20972136,17.3135091006161,17.4443218626487,10.42428344,16.2256765207363,18.6738771544715,0.34925591052153,2.4866576669,26.73634044,"{""type"":""MultiPoint"",""coordinates"":[]}",2010-06-18 15:23:31,"LT05_013030_20100618",17.794,0.337447938371404,1.2,0.258198889747161,17.835,10,17.77,17.77,NA,1,17.43,17.43,NA,1,17.24,17.24,NA,1,17.41,17.41,NA,1,18.02,18.015,0.16991174179556,6,NA,NA,NA,NA,NA,NA,NA,NA,NA,NA,NA,NA,NA,NA,NA,NA,2010-06-18,"LS 5",2,"06","169","P",18.8,"F",2.5,"P"
50,"1_1_2_1_LT05_013030_20100704",130.07694463,40,62.35034344,1.0167037,40363.6412778356,1278257006405,0.369297990096126,6339,6789,31.75614626,21.8141995147776,21.6031617119136,18.71981798,20.9236147829516,22.2948853161029,1.7503636412655,1.52169462412327,27.64965656,"{""type"":""MultiPoint"",""coordinates"":[]}",2010-07-04 15:23:26,"LT05_013030_20100704",21.644,0.484038565956612,1.2,0.258198889747161,21.825,10,22.17,22.17,NA,1,21.49,21.49,NA,1,20.64,20.64,NA,1,20.96,20.96,NA,1,21.84,21.8633333333333,0.0935236155560021,6,NA,NA,NA,NA,NA,NA,NA,NA,NA,NA,NA,NA,NA,NA,NA,NA,2010-07-04,"LS 5",2,"07","185","P",13.1,"F",1.4,"P"
51,"1_2_1_LE07_013030_20100712",131.44896681,25,61.67453959,1.0165742,40371.6424396065,1278948306782,0.334051849694145,5734,6000,32.82598652,25.4801429835681,25.5211557601824,18.40877816,25.0848504177622,26.3910186149895,-0.521473996492254,1.46685549175132,28.32546041,"{""type"":""MultiPoint"",""coordinates"":[]}",2010-07-12 15:25:06,"LE07_013030_20100712",24.842,0.547251719453164,1.2,0.258198889747161,25.06,10,25.24,25.24,NA,1,23.68,23.68,NA,1,25.04,25.04,NA,1,23.98,23.98,NA,1,25.1,25.08,0.113666177907066,6,NA,NA,NA,NA,NA,NA,NA,NA,NA,NA,NA,NA,NA,NA,NA,NA,2010-07-12,"LS 7",2,"07","193","P",14.4,"F",1.3,"P"
52,"1_2_1_LE07_013030_20100728",134.59711296,24,59.07965381,1.0154126,40387.6424427894,1280330707057,0.560792309933003,9626,10095,31.24686128,22.0255506920179,22.3202635437375,15.59232968,21.0882330505922,23.1351177980028,-0.387613264983982,1.9517493236766,30.92034619,"{""type"":""MultiPoint"",""coordinates"":[]}",2010-07-28 15:25:07,"LE07_013030_20100728",23.032,0.344699547109911,1.2,0.258198889747161,22.885,10,23.68,23.68,NA,1,23.51,23.51,NA,1,22.63,22.63,NA,1,23.3,23.3,NA,1,22.855,22.8666666666667,0.0686051504383368,6,NA,NA,NA,NA,NA,NA,NA,NA,NA,NA,NA,NA,NA,NA,NA,NA,2010-07-28,"LS 7",2,"07","209","P",15.6,"F",2,"P"
53,"1_2_1_LE07_013030_20100829",144.92147483,0,51.2765677,1.0098616,40419.642474213,1283095509772,0.862277891057384,14801,15693,32.36455382,21.8576774614932,21.7668009682208,20.52795056,21.3563017298988,22.1732439814642,2.96592024350152,1.14558800058019,38.7234323,"{""type"":""MultiPoint"",""coordinates"":[]}",2010-08-29 15:25:09,"LE07_013030_20100829",20.823,0.222962378490682,1.2,0.258198889747161,20.785,10,21.34,21.34,NA,1,20.99,20.99,NA,1,20.48,20.48,NA,1,20.79,20.79,NA,1,20.77,20.7716666666667,0.0594698803317003,6,NA,NA,NA,NA,NA,NA,NA,NA,NA,NA,NA,NA,NA,NA,NA,NA,2010-08-29,"LS 7",2,"08","241","P",11.9,"F",0.800000000000001,"P"
54,"1_1_2_1_LT05_013030_20100906",146.95940977,28,48.65947916,1.0079366,40427.6410730671,1283786588713,0.817885231575881,14039,14795,25.96260236,20.5668796169196,20.7300269521262,16.5938095400001,20.167798771608,21.1432578648107,-0.715290923137106,0.875721740496862,41.34052084,"{""type"":""MultiPoint"",""coordinates"":[]}",2010-09-06 15:23:08,"LT05_013030_20100906",20.098,0.952783057970469,1.2,0.258198889747161,19.445,10,21.34,21.34,NA,1,21.66,21.66,NA,1,20.48,20.48,NA,1,21.13,21.13,NA,1,19.4,19.395,0.048062459362791,6,NA,NA,NA,NA,NA,NA,NA,NA,NA,NA,NA,NA,NA,NA,NA,NA,2010-09-06,"LS 5",2,"09","249","P",9.4,"P",0.900000000000002,"P"
55,"1_2_1_LE07_013030_20100914",150.31899714,61,46.3166553,1.00586,40435.6424882407,1284477910984,0.467637634721818,8027,8465,22.04213342,17.824920901449,18.3313532630598,10.57809434,17.9376708198858,18.7241550916912,-2.01743874635423,1.40225848696919,43.6833447,"{""type"":""MultiPoint"",""coordinates"":[]}",2010-09-14 15:25:10,"LE07_013030_20100914",18.005,0.683979369409472,1.2,0.258198889747161,17.51,10,19.06,19.06,NA,1,18.72,18.72,NA,1,18.69,18.69,NA,1,18.69,18.69,NA,1,17.485,17.4816666666667,0.0299443929086356,6,NA,NA,NA,NA,NA,NA,NA,NA,NA,NA,NA,NA,NA,NA,NA,NA,2010-09-14,"LS 7",2,"09","257","P",11.4,"F",0.800000000000001,"P"
56,"1_1_2_1_LT05_013030_20100922",152.07256796,62,43.47270131,1.0036693,40443.6410085532,1285168983139,0.870783571220507,14947,15828,26.3659287200001,17.7339523898649,17.7220778787817,15.9375497,16.9465531493062,17.8181014891711,1.58996040995644,1.10178389844623,46.52729869,"{""type"":""MultiPoint"",""coordinates"":[]}",2010-09-22 15:23:03,"LT05_013030_20100922",17.194,0.190449760071027,1.2,0.258198889747161,17.15,10,17.61,17.61,NA,1,17.11,17.11,NA,1,17.41,17.41,NA,1,17.24,17.24,NA,1,17.11,17.095,0.0880340843082967,6,NA,NA,NA,NA,NA,NA,NA,NA,NA,NA,NA,NA,NA,NA,NA,NA,2010-09-22,"LS 5",2,"09","265","P",10.5,"F",0.900000000000002,"P"
57,"1_1_2_1_LT05_013030_20101008",156.24245596,3,37.99198895,0.9991087,40459.6409143981,1286551375004,1,17165,18205,20.28527114,15.1694696070175,15.1675042120328,14.43020288,15.0306865569551,15.1675042120328,3.08220915347832,0.477421946915902,52.00801105,"{""type"":""MultiPoint"",""coordinates"":[]}",2010-10-08 15:22:55,"LT05_013030_20101008",14.1366666666667,0.0711805216802086,1,0,14.12,6,NA,NA,NA,NA,NA,NA,NA,NA,NA,NA,NA,NA,NA,NA,NA,NA,14.12,14.1366666666667,0.0711805216802082,6,NA,NA,NA,NA,NA,NA,NA,NA,NA,NA,NA,NA,NA,NA,NA,NA,2010-10-08,"LS 5",2,"10","281","P",5.9,"P",0.199999999999999,"P"
59,"1_2_1_LE07_013030_20110512",139.95139381,25,59.86502579,1.0102063,40675.6433872685,1305213988660,0.813690649577629,13967,14787,23.46402974,11.5334514190507,11.4282174403211,8.29485698000002,10.6585135388026,12.1908542162299,2.05370939308701,1.62613170253678,30.13497421,"{""type"":""MultiPoint"",""coordinates"":[]}",2011-05-12 15:26:28,"LE07_013030_20110512",9.55,0.112694276695846,0.833333333333333,0.577350269189626,9.61,3,NA,NA,NA,NA,NA,NA,NA,NA,NA,NA,NA,NA,NA,NA,NA,NA,9.61,9.55,0.112694276695846,3,NA,NA,NA,NA,NA,NA,NA,NA,NA,NA,NA,NA,NA,NA,NA,NA,2011-05-12,"LS 7",2,"05","132","P",15.2,"F",1.5,"P"
60,"1_1_2_1_LT05_013030_20110621",129.85707336,3,63.01580496,1.0162461,40715.6404082986,1308669731277,1,17165,18205,30.6692159,21.3112832763319,21.0698734971557,19.70762576,20.3195853211377,21.6755568620483,1.94623716641039,1.25981526747162,26.98419504,"{""type"":""MultiPoint"",""coordinates"":[]}",2011-06-21 15:22:11,"LT05_013030_20110621",19.98,0.221302959763308,0.811111111111111,0.467558671303518,19.96,9,NA,NA,NA,NA,20.51,20.51,NA,1,20,20,NA,1,19.67,19.67,NA,1,19.96,19.94,0.0309838667696568,6,NA,NA,NA,NA,NA,NA,NA,NA,NA,NA,NA,NA,NA,NA,NA,NA,2011-06-21,"LS 5",2,"06","172","P",11,"F",1.4,"P"
61,"1_2_1_LE07_013030_20110629",131.1982263,49,63.20412934,1.0166218,40723.6433432755,1309361184859,0.808097873579959,13871,14699,32.10136628,22.2814873755159,22.1125418731854,20.3638856,21.6786751838918,22.5632069569342,2.1654137216022,1.11855880455393,26.79587066,"{""type"":""MultiPoint"",""coordinates"":[]}",2011-06-29 15:26:24,"LE07_013030_20110629",20.5088888888889,0.789943739206224,0.811111111111111,0.467558671303518,20.97,9,NA,NA,NA,NA,18.89,18.89,NA,1,19.51,19.51,NA,1,20.31,20.31,NA,1,20.97,20.9783333333333,0.0483390801181277,6,NA,NA,NA,NA,NA,NA,NA,NA,NA,NA,NA,NA,NA,NA,NA,NA,2011-06-29,"LS 7",2,"06","180","P",11.7,"F",0.900000000000002,"P"
62,"1_1_2_1_LT05_013030_20110707",129.69343806,16,61.86865653,1.0166933,40731.6403385069,1310052125247,0.290008738712496,4978,5468,28.4475029,22.2741284135615,21.9386631741796,20.06309984,21.7946856546236,22.5534992409934,1.11793529096391,0.953236305257871,28.13134347,"{""type"":""MultiPoint"",""coordinates"":[]}",2011-07-07 15:22:05,"LT05_013030_20110707",23.0866666666667,0.483140766236922,0.811111111111111,0.467558671303518,23.04,9,NA,NA,NA,NA,24.2,24.2,NA,1,22.31,22.31,NA,1,22.97,22.97,NA,1,23.04,23.05,0.0244948974278324,6,NA,NA,NA,NA,NA,NA,NA,NA,NA,NA,NA,NA,NA,NA,NA,NA,2011-07-07,"LS 5",2,"07","188","P",8.3,"P",0.800000000000001,"P"
63,"1_2_1_LE07_013030_20110715",132.33631963,16,61.46996744,1.0164594,40739.6433435301,1310743584881,0.866355956889018,14871,15763,35.0066832800001,25.0196262019094,24.6429189786197,23.42984954,24.2292455291363,25.8119794436161,1.49133020509007,1.10178926387981,28.53003256,"{""type"":""MultiPoint"",""coordinates"":[]}",2011-07-15 15:26:24,"LE07_013030_20110715",23.42,0.396232255123178,0.811111111111111,0.467558671303518,23.23,9,NA,NA,NA,NA,24.38,24.38,NA,1,23.49,23.49,NA,1,23.65,23.65,NA,1,23.2,23.21,0.048989794855662,6,NA,NA,NA,NA,NA,NA,NA,NA,NA,NA,NA,NA,NA,NA,NA,NA,2011-07-15,"LS 7",2,"07","196","P",11.6,"F",1.6,"P"
64,"1_2_1_LE07_013030_20110731",135.8011344,12,58.69336407,1.0150966,40755.6433047917,1312125981534,0.886396737547335,15215,16122,32.77471622,24.1467839281754,23.9025410041234,22.7906798,23.9025410041234,24.2777986894035,3.45928133040687,0.760600986541519,31.30663593,"{""type"":""MultiPoint"",""coordinates"":[]}",2011-07-31 15:26:21,"LE07_013030_20110731",24.0555555555556,0.113038833052088,0.811111111111111,0.467558671303518,24.04,9,NA,NA,NA,NA,24.2,24.2,NA,1,24.18,24.18,NA,1,23.82,23.82,NA,1,24.04,24.05,0.0451663591625463,6,NA,NA,NA,NA,NA,NA,NA,NA,NA,NA,NA,NA,NA,NA,NA,NA,2011-07-31,"LS 7",2,"07","212","P",10,"P",0.400000000000002,"P"
65,"1_1_2_1_LT05_013030_20110824",141.81414762,62,52.36918784,1.0110274,40779.6400412384,1314199299563,0.997902709000874,17129,18164,20.7227777000001,12.8087283515808,12.6941287817156,5.86464476000003,11.8244959022986,13.8306692216147,0.277158154106516,1.50462042883598,37.63081216,"{""type"":""MultiPoint"",""coordinates"":[]}",2011-08-24 15:21:39,"LT05_013030_20110824",22.3422222222222,0.052625511346157,0.811111111111111,0.467558671303518,22.34,9,NA,NA,NA,NA,22.33,22.33,NA,1,22.47,22.47,NA,1,22.3,22.3,NA,1,22.34,22.33,0.0244948974278356,6,NA,NA,NA,NA,NA,NA,NA,NA,NA,NA,NA,NA,NA,NA,NA,NA,2011-08-24,"LS 5",2,"08","236","P",14.8,"F",2,"P"
66,"1_2_1_LE07_013030_20110901",146.28126128,42,50.57603209,1.0092212,40787.6432298958,1314890775063,0.848412467229828,14563,15420,29.831801,21.5650448415218,21.4252072235841,19.02060374,21.4252072235841,21.8989584041258,1.23143575003404,0.723886094296977,39.42396791,"{""type"":""MultiPoint"",""coordinates"":[]}",2011-09-01 15:26:15,"LE07_013030_20110901",21.5177777777778,0.249388140143922,0.811111111111111,0.467558671303518,21.53,9,NA,NA,NA,NA,21,21,NA,1,21.97,21.97,NA,1,21.63,21.63,NA,1,21.5,21.51,0.0489897948556646,6,NA,NA,NA,NA,NA,NA,NA,NA,NA,NA,NA,NA,NA,NA,NA,NA,2011-09-01,"LS 7",2,"09","244","P",10.8,"F",0.5,"P"
67,"1_1_2_1_LT05_013030_20111011",156.3268844,1,36.93492219,0.9983227,40827.6395409838,1318346456341,1,17165,18205,21.3722015,15.8505964923071,15.8660616329207,15.1855853,15.7158788701366,15.8660616329207,3.34595748706008,0.459343473691459,53.06507781,"{""type"":""MultiPoint"",""coordinates"":[]}",2011-10-11 15:20:56,"LT05_013030_20111011",16.54,0.0244948974278327,0.5,0,16.55,6,NA,NA,NA,NA,NA,NA,NA,NA,NA,NA,NA,NA,NA,NA,NA,NA,16.55,16.54,0.0244948974278325,6,NA,NA,NA,NA,NA,NA,NA,NA,NA,NA,NA,NA,NA,NA,NA,NA,2011-10-11,"LS 5",2,"10","284","P",6.2,"P",0.200000000000001,"P"
68,"1_2_1_LE07_013030_20111104",161.45083653,16,29.45775357,0.9917652,40851.6432741435,1320420378886,0.815088843577046,13991,14823,11.93504828,9.19823756661409,9.26700687685118,1.26740786000005,8.91325002807933,9.6086438372082,-2.5595758002205,0.6130241637887,60.54224643,"{""type"":""MultiPoint"",""coordinates"":[]}",2011-11-04 15:26:18,"LE07_013030_20111104",10.27,0.0178885438199985,1.5,0,10.265,6,NA,NA,NA,NA,NA,NA,NA,NA,NA,NA,NA,NA,NA,NA,NA,NA,NA,NA,NA,NA,10.265,10.27,0.0178885438199987,6,NA,NA,NA,NA,NA,NA,NA,NA,NA,NA,NA,NA,2011-11-04,"LS 7",2,"11","308","P",10.6,"F",0.699999999999999,"P"
69,"1_1_2_1_LT05_013030_20111112",160.39132198,32,26.82625862,0.9898324,40859.6391913542,1321111226133,0.993125546169531,17047,18057,9.94917866000003,8.10377736333911,8.14523160483016,3.87877514000002,8.00516833329489,8.56911847351611,-1.67281360012041,0.571435692391249,63.17374138,"{""type"":""MultiPoint"",""coordinates"":[]}",2011-11-12 15:20:26,"LT05_013030_20111112",9.47333333333333,0.00516397779494311,1.5,0,9.47,6,NA,NA,NA,NA,NA,NA,NA,NA,NA,NA,NA,NA,NA,NA,NA,NA,NA,NA,NA,NA,9.47,9.47333333333333,0.00516397779494325,6,NA,NA,NA,NA,NA,NA,NA,NA,NA,NA,NA,NA,2011-11-12,"LS 5",2,"11","316","P",6,"P",0.6,"P"
70,"1_2_1_LE07_013030_20120615",132.62309677,0,63.82087721,1.0158358,41075.6439702662,1339774039031,0.872589571803088,14978,15904,29.83521902,20.3334083109285,20.2911356867459,18.83944868,19.9267237305608,20.6502101496741,2.60537669790025,1.04504500891427,26.17912279,"{""type"":""MultiPoint"",""coordinates"":[]}",2012-06-15 15:27:19,"LE07_013030_20120615",19.357,0.221512477702222,0.82,0.421109645262767,19.46,10,18.9,18.9,NA,1,19.37,19.37,NA,1,19.34,19.34,NA,1,19.02,19.02,NA,1,19.46,19.49,0.0501996015920458,6,NA,NA,NA,NA,NA,NA,NA,NA,NA,NA,NA,NA,NA,NA,NA,NA,2012-06-15,"LS 7",2,"06","167","P",11,"F",0.800000000000001,"P"
71,"1_2_1_LE07_013030_20120802",137.21638444,23,58.33457711,1.014748,41123.6443481829,1343921271683,0.7498397902709,12871,13558,35.49546014,25.6135607287118,25.6092962215103,23.66911094,25.1413631634631,25.6295316658695,2.81182366086991,0.882135839479076,31.66542289,"{""type"":""MultiPoint"",""coordinates"":[]}",2012-08-02 15:27:51,"LE07_013030_20120802",23.907,0.391891424872871,0.82,0.421109645262767,24.1,10,24.21,24.21,NA,1,23.16,23.16,NA,1,23.66,23.66,NA,1,23.3,23.3,NA,1,24.1,24.1233333333333,0.0665331997326651,6,NA,NA,NA,NA,NA,NA,NA,NA,NA,NA,NA,NA,NA,NA,NA,NA,2012-08-02,"LS 7",2,"08","215","P",11.8,"F",0.5,"P"
72,"1_2_1_LE07_013030_20120818",142.40647683,36,54.52697828,1.0121038,41139.6444889236,1345303683843,0.56096708418293,9629,10128,30.9597476,25.0510813031297,25.0360550935225,17.31159374,24.6485446599573,25.4350445844682,1.0750072179547,0.59470059694609,35.47302172,"{""type"":""MultiPoint"",""coordinates"":[]}",2012-08-18 15:28:03,"LE07_013030_20120818",24.284,0.239731331100278,0.82,0.421109645262767,24.35,10,24.72,24.72,NA,1,24.02,24.02,NA,1,23.83,23.83,NA,1,24.16,24.16,NA,1,24.35,24.3516666666667,0.0411906138175498,6,NA,NA,NA,NA,NA,NA,NA,NA,NA,NA,NA,NA,NA,NA,NA,NA,2012-08-18,"LS 7",2,"08","231","P",13.7,"F",0.799999999999997,"P"
73,"1_2_1_LE07_013030_20120903",147.98201552,1,49.95617242,1.0085604,41155.6446061806,1346686093974,0.893737256044276,15341,16256,29.1584510600001,21.6562054723112,21.513925985479,20.75353988,21.4963209194838,21.8634418446091,3.41898383417921,0.596633641841972,40.04382758,"{""type"":""MultiPoint"",""coordinates"":[]}",2012-09-03 15:28:13,"LE07_013030_20120903",22.331,0.223081948071904,0.82,0.421109645262767,22.41,10,22.34,22.34,NA,1,22.16,22.16,NA,1,21.97,21.97,NA,1,21.96,21.96,NA,1,22.5,22.48,0.0589915248150118,6,NA,NA,NA,NA,NA,NA,NA,NA,NA,NA,NA,NA,NA,NA,NA,NA,2012-09-03,"LS 7",2,"09","247","P",8.4,"P",0.399999999999999,"P"
74,"1_2_1_LE07_013030_20120919",153.1829561,9,44.78675316,1.0043688,41171.6446963542,1348068501765,0.876958928051267,15053,15990,24.43816544,18.9948329822768,19.1770933980471,13.60987808,18.8413195474174,19.1770933980471,-0.0487662077836506,0.477807864383247,45.21324684,"{""type"":""MultiPoint"",""coordinates"":[]}",2012-09-19 15:28:21,"LE07_013030_20120919",19.255,0.255484289580049,0.82,0.421109645262767,19.26,10,19.87,19.87,NA,1,18.88,18.88,NA,1,19.34,19.34,NA,1,19.02,19.02,NA,1,19.26,19.24,0.0309838667696568,6,NA,NA,NA,NA,NA,NA,NA,NA,NA,NA,NA,NA,NA,NA,NA,NA,2012-09-19,"LS 7",2,"09","263","P",10.8,"F",0.399999999999999,"P"
75,"1_2_1_LE07_013030_20121005",157.48461694,2,39.28645531,0.9998326,41187.6448089815,1349450911496,0.872880862219633,14983,15886,23.68961906,16.8972093395112,16.9518692755463,15.2881259,16.5365243160608,16.9518692755463,2.89530122119182,0.761693951155716,50.71354469,"{""type"":""MultiPoint"",""coordinates"":[]}",2012-10-05 15:28:31,"LE07_013030_20121005",16.46,0.0328633534503093,0.5,0,16.46,6,NA,NA,NA,NA,NA,NA,NA,NA,NA,NA,NA,NA,NA,NA,NA,NA,16.46,16.46,0.0328633534503085,6,NA,NA,NA,NA,NA,NA,NA,NA,NA,NA,NA,NA,NA,NA,NA,NA,2012-10-05,"LS 7",2,"10","279","P",8.4,"P",0.5,"P"
77,"1_2_1_LE07_013030_20121106",162.29822492,0,28.7801346,0.9910839,41219.6449504745,1352215723721,0.885289833964463,15196,16130,10.99509278,9.42418077060634,9.46430775453124,3.05503232000001,9.13159339288444,9.80056735259596,-1.95335764107432,0.900709737839334,61.2198654,"{""type"":""MultiPoint"",""coordinates"":[]}",2012-11-06 15:28:43,"LE07_013030_20121106",10.9233333333333,0.0314112506383728,1.5,0,10.915,6,NA,NA,NA,NA,NA,NA,NA,NA,NA,NA,NA,NA,NA,NA,NA,NA,NA,NA,NA,NA,10.915,10.9233333333333,0.0314112506383731,6,NA,NA,NA,NA,NA,NA,NA,NA,NA,NA,NA,NA,2012-11-06,"LS 7",2,"11","311","P",7.9,"P",0.700000000000001,"P"
78,"1_2_1_LE07_013030_20121122",162.69163844,0,24.67119631,0.9875474,41235.6450577778,1353598132992,0.892222545878241,15315,16258,10.3935212600001,6.70257483484915,6.63788969458289,4.02916802000004,6.63788969458289,6.99578135237949,0.515033424094395,0.470276675237256,65.32880369,"{""type"":""MultiPoint"",""coordinates"":[]}",2012-11-22 15:28:52,"LE07_013030_20121122",7.84833333333333,0.0132916013582513,1.5,0,7.85,6,NA,NA,NA,NA,NA,NA,NA,NA,NA,NA,NA,NA,NA,NA,NA,NA,NA,NA,NA,NA,7.85,7.84833333333333,0.0132916013582515,6,NA,NA,NA,NA,NA,NA,NA,NA,NA,NA,NA,NA,2012-11-22,"LS 7",2,"11","327","P",6.4,"P",0.4,"P"
79,"1_2_1_LE07_013030_20130501",143.24660547,0,57.49223022,1.0076833,41395.6450047801,1367422128413,0.865831634139237,14862,15750,28.48851914,12.6990847120114,12.64208704953,8.18548034000003,11.5408974775848,13.7299874231636,1.18593725732507,2.37569195467594,32.50776978,"{""type"":""MultiPoint"",""coordinates"":[]}",2013-05-01 15:28:48,"LE07_013030_20130501",9.45166666666667,0.127187525593773,1.5,0,9.44,6,NA,NA,NA,NA,NA,NA,NA,NA,NA,NA,NA,NA,NA,NA,NA,NA,NA,NA,NA,NA,9.44,9.45166666666667,0.127187525593772,6,NA,NA,NA,NA,NA,NA,NA,NA,NA,NA,NA,NA,2013-05-01,"LS 7",2,"05","121","P",20.3,"F",2.2,"P"
80,"1_2_1_LE07_013030_20130517",139.53267734,34,61.25221336,1.0113929,41411.6449770833,1368804526020,0.553160501019516,9495,10018,23.05044932,12.6489525107871,12.5705425436455,9.93550658000004,12.1982357950298,13.0770398437715,1.88369393021949,1.16866777790679,28.74778664,"{""type"":""MultiPoint"",""coordinates"":[]}",2013-05-17 15:28:46,"LE07_013030_20130517",11.86,0.0328633534503102,0.5,0,11.86,6,NA,NA,NA,NA,NA,NA,NA,NA,NA,NA,NA,NA,NA,NA,NA,NA,11.86,11.86,0.0328633534503105,6,NA,NA,NA,NA,NA,NA,NA,NA,NA,NA,NA,NA,NA,NA,NA,NA,2013-05-17,"LS 7",2,"05","137","P",13.2,"F",0.9,"P"
81,"1_2_1_LE07_013030_20130602",135.61134949,14,63.41863771,1.0142533,41427.6448724537,1370186916980,0.86437518205651,14837,15727,37.76502542,20.0213975950866,19.8436388050851,16.51519508,18.7342524188001,20.8178070027608,1.80848575927407,2.18616395917255,26.58136229,"{""type"":""MultiPoint"",""coordinates"":[]}",2013-06-02 15:28:36,"LE07_013030_20130602",16.9011111111111,1.55614463052478,0.811111111111111,0.467558671303518,17.5,9,NA,NA,NA,NA,13.64,13.64,NA,1,14.88,14.88,NA,1,18.39,18.39,NA,1,17.53,17.5333333333333,0.0871014733897615,6,NA,NA,NA,NA,NA,NA,NA,NA,NA,NA,NA,NA,NA,NA,NA,NA,2013-06-02,"LS 7",2,"06","153","P",21.3,"F",2.1,"P"
82,"1_2_1_LE07_013030_20130720",134.04255941,61,60.86595567,1.016124,41475.6446131481,1374334094576,0.737896883192543,12666,13362,36.72936536,26.4319387346841,26.4179967945066,19.05478394,25.8195162419669,27.0142212096145,0.0972888495427317,1.54677177630138,29.13404433,"{""type"":""MultiPoint"",""coordinates"":[]}",2013-07-20 15:28:14,"LE07_013030_20130720",26.3866666666667,0.500849278725646,0.811111111111111,0.467558671303518,26.36,9,NA,NA,NA,NA,27.53,27.53,NA,1,25.57,25.57,NA,1,26.27,26.27,NA,1,26.36,26.3516666666667,0.0483390801181267,6,NA,NA,NA,NA,NA,NA,NA,NA,NA,NA,NA,NA,NA,NA,NA,NA,2013-07-20,"LS 7",2,"07","201","P",17.6,"F",1.2,"P"
83,"1_2_1_LE07_013030_20130805",138.06841884,0,57.74016306,1.0143674,41491.6445485648,1375716488996,0.864666472473056,14842,15774,28.57738766,21.9748961208707,21.7272395013371,17.79011654,21.3988222317898,22.3165747928887,0.901379067951421,0.712580161927054,32.25983694,"{""type"":""MultiPoint"",""coordinates"":[]}",2013-08-05 15:28:08,"LE07_013030_20130805",22.2933333333333,0.085000000000001,0.811111111111111,0.467558671303518,22.28,9,NA,NA,NA,NA,22.33,22.33,NA,1,22.48,22.48,NA,1,22.15,22.15,NA,1,22.28,22.28,0,6,NA,NA,NA,NA,NA,NA,NA,NA,NA,NA,NA,NA,NA,NA,NA,NA,2013-08-05,"LS 7",2,"08","217","P",10.8,"F",0.900000000000002,"P"
84,"1_2_1_LE07_013030_20130821",143.44258896,0,53.81480164,1.0115542,41507.6446212847,1377098895279,0.880104864549956,15107,16041,31.50321278,21.9916301535526,22.0318860213304,20.37755768,21.6132070935897,22.0318860213304,3.08519880164329,0.880552777969711,36.18519836,"{""type"":""MultiPoint"",""coordinates"":[]}",2013-08-21 15:28:15,"LE07_013030_20130821",22.0066666666667,0.305859444843543,1.47777777777778,0.0440958551844099,22.02,9,NA,NA,NA,NA,22.49,22.49,NA,1,21.31,21.31,NA,1,21.98,21.98,NA,1,22.04,22.0466666666667,0.061860057118198,6,NA,NA,NA,NA,NA,NA,NA,NA,NA,NA,NA,NA,NA,NA,NA,NA,2013-08-21,"LS 7",2,"08","233","P",11.1,"F",0.399999999999999,"P"
85,"1_2_1_LE07_013030_20130906",148.99936779,2,49.1201076,1.0078805,41523.6447572106,1378481307023,0.900145645208273,15451,16403,27.05295074,20.1551177623693,20.5181002848366,14.57375972,19.8426226570544,20.8367298739376,-1.10196233328844,1.07573195338164,40.8798924,"{""type"":""MultiPoint"",""coordinates"":[]}",2013-09-06 15:28:27,"LE07_013030_20130906",21.32,0.215058131676064,1.47777777777778,0.0440958551844099,21.44,9,NA,NA,NA,NA,20.99,20.99,NA,1,21.14,21.14,NA,1,20.99,20.99,NA,1,21.455,21.46,0.0209761769634056,6,NA,NA,NA,NA,NA,NA,NA,NA,NA,NA,NA,NA,NA,NA,NA,NA,2013-09-06,"LS 7",2,"09","249","P",12.5,"F",1,"P"
86,"2_1_LC08_013030_20130930",158.19667165,3.88,41.54173133,1.0013445,41547.6491485301,1380555286433,0.866763763472182,14878,15734,23.6622749000001,17.7050199167969,17.6811987458621,15.92729564,17.5625951236311,17.8121133215804,3.54390167152511,0.508033888123318,48.45826867,"{""type"":""MultiPoint"",""coordinates"":[]}",2013-09-30 15:34:46,"LC08_013030_20130930",16.955,0.0668580586017874,1,0.547722557505166,16.96,6,NA,NA,NA,NA,NA,NA,NA,NA,NA,NA,NA,NA,NA,NA,NA,NA,16.96,16.955,0.0668580586017868,6,NA,NA,NA,NA,NA,NA,NA,NA,NA,NA,NA,NA,NA,NA,NA,NA,2013-09-30,"LS 8",2,"09","273","P",7.8,"P",0.199999999999999,"P"
87,"1_2_1_LE07_013030_20131008",158.17658584,1,38.34535341,0.9990453,41555.6450158796,1381246129372,0.895426740460239,15370,16294,19.83751052,15.714205873618,15.6288871659443,13.45606718,15.6120439757458,15.9508663158148,1.04678878473388,0.405368833621981,51.65464659,"{""type"":""MultiPoint"",""coordinates"":[]}",2013-10-08 15:28:49,"LE07_013030_20131008",16.2366666666667,0.0621825270205921,1,0.547722557505166,16.235,6,NA,NA,NA,NA,NA,NA,NA,NA,NA,NA,NA,NA,NA,NA,NA,NA,16.235,16.2366666666667,0.0621825270205926,6,NA,NA,NA,NA,NA,NA,NA,NA,NA,NA,NA,NA,NA,NA,NA,NA,2013-10-08,"LS 7",2,"10","281","P",6.3,"P",0.4,"P"
92,"2_1_LC08_013030_20140629",133.87596305,23.38,64.03352295,1.0166299,41819.6476679282,1404055958509,0.94739295077192,16262,17230,33.46857428,21.3467452654587,21.6829768144616,11.61033638,20.1896409285802,22.6902103770561,-0.414453271880265,2.37349640373726,25.96647705,"{""type"":""MultiPoint"",""coordinates"":[]}",2014-06-29 15:32:38,"LC08_013030_20140629",21.249,0.668105946355484,1.15,0.457651007258199,21.53,10,22.09,22.09,NA,1,20.02,20.02,NA,1,20.49,20.49,NA,1,20.49,20.49,NA,1,21.53,21.5666666666667,0.0915787457146411,6,NA,NA,NA,NA,NA,NA,NA,NA,NA,NA,NA,NA,NA,NA,NA,NA,2014-06-29,"LS 8",2,"06","180","P",21.9,"F",2.5,"P"
93,"1_2_1_LE07_013030_20140707",133.11453466,42,62.99630198,1.0166897,41827.6461250463,1404747025204,0.872298281386542,14973,15867,33.41730398,22.6822180283037,22.4364065949372,20.39122976,21.9312382811069,22.9374000490046,2.55458811734872,1.26211888605119,27.00369802,"{""type"":""MultiPoint"",""coordinates"":[]}",2014-07-07 15:30:25,"LE07_013030_20140707",21.361,0.287458209523093,1.45,0.097182531580755,21.475,10,21.26,21.26,NA,1,21.33,21.33,NA,1,20.66,20.66,NA,1,21.15,21.15,NA,1,21.535,21.535,0.0546808924579706,6,NA,NA,NA,NA,NA,NA,NA,NA,NA,NA,NA,NA,NA,NA,NA,NA,2014-07-07,"LS 7",2,"07","188","P",13,"F",1,"P"
94,"1_2_1_LE07_013030_20140723",135.53272044,33,60.68943833,1.0159039,41843.6461623727,1406129428429,0.544480046606467,9346,9887,38.9408243,25.1285329866739,25.1770812257109,20.75012186,24.6208726879112,25.7201931992983,2.15925151190861,1.23405039136088,29.31056167,"{""type"":""MultiPoint"",""coordinates"":[]}",2014-07-23 15:30:28,"LE07_013030_20140723",24.117,0.523026449299333,1.45,0.097182531580755,24.185,10,25.17,25.17,NA,1,23.16,23.16,NA,1,23.49,23.49,NA,1,24.18,24.18,NA,1,24.195,24.195,0.0273861278752589,6,NA,NA,NA,NA,NA,NA,NA,NA,NA,NA,NA,NA,NA,NA,NA,NA,2014-07-23,"LS 7",2,"07","204","P",18.1,"F",1.1,"P"
95,"1_2_1_LE07_013030_20140808",139.87010269,13,57.40529035,1.0139557,41859.6462164815,1407511833104,0.808505680163123,13878,14760,29.44214672,23.0079965788269,22.7669682033115,20.31603332,22.7669682033115,23.1686601212933,2.05012097719425,0.668613283080225,32.59470965,"{""type"":""MultiPoint"",""coordinates"":[]}",2014-08-08 15:30:33,"LE07_013030_20140808",22.739,0.277786888739471,1.05,0.481317635939788,22.82,10,22.59,22.59,NA,1,22.66,22.66,NA,1,22.14,22.14,NA,1,22.48,22.48,NA,1,22.92,22.92,0.0933809402394299,6,NA,NA,NA,NA,NA,NA,NA,NA,NA,NA,NA,NA,NA,NA,NA,NA,2014-08-08,"LS 7",2,"08","220","P",9.1,"P",0.399999999999999,"P"
96,"1_2_1_LE07_013030_20140824",145.19359718,14,53.27072912,1.0109793,41875.6461888194,1408894230714,0.492572094378095,8455,9063,31.16824682,22.2530952691843,22.404530952392,18.84970274,21.9660724768979,22.404530952392,1.78536102729975,0.901710011513138,36.72927088,"{""type"":""MultiPoint"",""coordinates"":[]}",2014-08-24 15:30:30,"LE07_013030_20140824",20.788,0.398101048032336,1.05,0.481317635939788,20.97,10,20.6,20.6,NA,1,20.02,20.02,NA,1,20.82,20.82,NA,1,20.17,20.17,NA,1,21.055,21.045,0.0662570750939114,6,NA,NA,NA,NA,NA,NA,NA,NA,NA,NA,NA,NA,NA,NA,NA,NA,2014-08-24,"LS 7",2,"08","236","P",12.4,"F",0.399999999999999,"P"
97,"2_1_LC08_013030_20140901",148.85292408,24.68,51.16009626,1.0091627,41883.6479156366,1409585579911,0.711039906787067,12205,12948,29.41822058,22.4940977075615,22.3087000704659,21.25940684,22.1915002766673,22.5564630486108,2.90454697646905,0.745570902684076,38.83990374,"{""type"":""MultiPoint"",""coordinates"":[]}",2014-09-01 15:32:59,"LC08_013030_20140901",21.744,0.242954042293325,1.05,0.481317635939788,21.835,10,21.93,21.93,NA,1,21.66,21.66,NA,1,21.31,21.31,NA,1,21.32,21.32,NA,1,21.9,21.87,0.072387844283418,6,NA,NA,NA,NA,NA,NA,NA,NA,NA,NA,NA,NA,NA,NA,NA,NA,2014-09-01,"LS 8",2,"09","244","P",8.1,"P",0.400000000000002,"P"
98,"2_1_LC08_013030_20140917",154.00900596,15.91,45.99582689,1.0050675,41899.6479346991,1410967981558,0.774657733760559,13297,13965,23.2008422,18.0214152351471,18.180327620848,14.60110388,17.8143576485486,18.4467226755342,-0.86537637415832,0.596504197181338,44.00417311,"{""type"":""MultiPoint"",""coordinates"":[]}",2014-09-17 15:33:01,"LC08_013030_20140917",18.554,0.322221455937785,1.05,0.481317635939788,18.7,10,18.49,18.49,NA,1,18.23,18.23,NA,1,18.06,18.06,NA,1,18.07,18.07,NA,1,18.76,18.7816666666667,0.0849509662491648,6,NA,NA,NA,NA,NA,NA,NA,NA,NA,NA,NA,NA,NA,NA,NA,NA,2014-09-17,"LS 8",2,"09","260","P",8.6,"P",0.599999999999998,"P"
99,"2_1_LC08_013030_20141003",158.31998501,0.02,40.45809409,1.0005507,41915.6479685301,1412350384481,1,17165,18205,20.92444088,16.6743732662286,16.6843801644592,15.4248467,16.5671066032656,16.8124392800434,3.07241321629046,0.330225288589116,49.54190591,"{""type"":""MultiPoint"",""coordinates"":[]}",2014-10-03 15:33:04,"LC08_013030_20141003",17.3566666666667,0.107269131937695,0.833333333333333,0.516397779494322,17.345,6,NA,NA,NA,NA,NA,NA,NA,NA,NA,NA,NA,NA,NA,NA,NA,NA,17.345,17.3566666666667,0.107269131937695,6,NA,NA,NA,NA,NA,NA,NA,NA,NA,NA,NA,NA,NA,NA,NA,NA,2014-10-03,"LS 8",2,"10","276","P",5.5,"P",0.199999999999999,"P"
100,"1_2_1_LE07_013030_20141027",161.97132063,40,32.13336148,0.9937933,41939.6465296412,1414423860161,0.549373725604428,9430,9894,14.3823506,11.5524530223744,11.901055088281,4.30944566000005,11.1745309910896,11.901055088281,-2.06818609370214,0.774190901653891,57.86663852,"{""type"":""MultiPoint"",""coordinates"":[]}",2014-10-27 15:31:00,"LE07_013030_20141027",12.57,0.103816076682649,1.5,0,12.505,10,NA,NA,NA,NA,NA,NA,NA,NA,NA,NA,NA,NA,NA,NA,NA,NA,12.69,12.69,0,4,12.49,12.49,0.0141421356237304,6,NA,NA,NA,NA,NA,NA,NA,NA,NA,NA,NA,NA,2014-10-27,"LS 7",2,"10","300","P",10.1,"P",0.700000000000001,"P"
101,"2_1_LC08_013030_20141120",163.797951,37.92,25.45111419,0.9880979,41963.6479500579,1416497582885,0.972793475094669,16698,17639,7.04044364000003,5.08785018550382,5.18501940609257,1.24006370000001,4.81578130331692,5.5644910071491,-1.2142250892668,0.748177330785064,64.54888581,"{""type"":""MultiPoint"",""coordinates"":[]}",2014-11-20 15:33:02,"LC08_013030_20141120",6.9336,0.0856533063511789,1.5,0,6.965,10,NA,NA,NA,NA,NA,NA,NA,NA,NA,NA,NA,NA,NA,NA,NA,NA,6.8765,6.8765,0.117202104645495,4,6.965,6.97166666666667,0.0248327740429188,6,NA,NA,NA,NA,NA,NA,NA,NA,NA,NA,NA,NA,2014-11-20,"LS 8",2,"11","324","P",5.8,"P",0.8,"P"
102,"1_2_1_LE07_013030_20141128",163.13995878,47,23.68242217,0.9865431,41971.6466911921,1417188674119,0.417302650742791,7163,7438,4.33678982000004,1.08870076086198,1.59995410879185,-14.53751662,0.482981547749949,2.33981387636663,-1.52136907897775,1.78302981828829,66.31757783,"{""type"":""MultiPoint"",""coordinates"":[]}",2014-11-28 15:31:14,"LE07_013030_20141128",5.3784,0.111026723509853,1.5,0,5.305,10,NA,NA,NA,NA,NA,NA,NA,NA,NA,NA,NA,NA,NA,NA,NA,NA,5.501,5.501,0.0588897274573421,4,5.295,5.29666666666667,0.00816496580927724,6,NA,NA,NA,NA,NA,NA,NA,NA,NA,NA,NA,NA,2014-11-28,"LS 7",2,"11","332","F",18.8,"F",1.8,"P"
103,"1_2_1_LE07_013030_20150507",143.52886271,0,59.35243196,1.0090339,42131.647399456,1431012735313,0.889076609379551,15261,16149,22.7804257400001,11.3791337097611,10.9202175358084,7.59758090000003,10.1814971694204,12.3359842877446,1.36158386058043,2.0331494038367,30.64756804,"{""type"":""MultiPoint"",""coordinates"":[]}",2015-05-07 15:32:15,"LE07_013030_20150507",10.846,0,1.5,0,10.846,4,NA,NA,NA,NA,NA,NA,NA,NA,NA,NA,NA,NA,NA,NA,NA,NA,10.846,10.846,0,4,NA,NA,NA,NA,NA,NA,NA,NA,NA,NA,NA,NA,NA,NA,NA,NA,2015-05-07,"LS 7",2,"05","127","P",15.2,"F",2.1,"P"
104,"1_2_1_LE07_013030_20150523",139.78596488,0,62.64127742,1.0124792,42147.64746875,1432395141300,0.880279638799883,15110,15997,20.70226958,12.8968354932641,12.6994653643597,7.84026032000003,12.3567648186182,13.6867768519937,-0.108563229237739,1.2122073396645,27.35872258,"{""type"":""MultiPoint"",""coordinates"":[]}",2015-05-23 15:32:21,"LE07_013030_20150523",13.1725,0.136236314297379,1.5,0,13.1245,4,NA,NA,NA,NA,NA,NA,NA,NA,NA,NA,NA,NA,NA,NA,NA,NA,13.1245,13.1725,0.136236314297379,4,NA,NA,NA,NA,NA,NA,NA,NA,NA,NA,NA,NA,NA,NA,NA,NA,2015-05-23,"LS 7",2,"05","143","P",12.9,"F",1.3,"P"
105,"1_2_1_LE07_013030_20150624",133.98424554,13,64.32254769,1.0164187,42179.6475674306,1435159949826,0.758636760850568,13022,13771,31.43143436,21.0655924156111,21.0805910754753,16.48785092,20.3935402983649,21.6859451045173,1.2243164773089,1.08810550810789,25.67745231,"{""type"":""MultiPoint"",""coordinates"":[]}",2015-06-24 15:32:29,"LE07_013030_20150624",20.409,0.307334417930118,1.47,0.0483045891539648,20.57,10,20.64,20.64,NA,1,20.18,20.18,NA,1,19.68,19.68,NA,1,20.17,20.17,NA,1,20.57,20.57,0.00632455532033749,6,NA,NA,NA,NA,NA,NA,NA,NA,NA,NA,NA,NA,NA,NA,NA,NA,2015-06-24,"LS 7",2,"06","175","P",14.9,"F",1.3,"P"
106,"2_1_LC08_013030_20150702",133.72996396,38.28,63.76875145,1.0166499,42187.6474341782,1435851138313,0.752694436353044,12920,13564,26.7897632,20.7962132108046,20.815181315805,17.17145492,20.065715152676,21.4356822613181,0.569022807874565,0.941125605083939,26.23124855,"{""type"":""MultiPoint"",""coordinates"":[]}",2015-07-02 15:32:18,"LC08_013030_20150702",19.823,0.95630132396762,1.47,0.0483045891539648,20.28,10,19.99,19.99,NA,1,17.27,17.27,NA,1,19.52,19.52,NA,1,19.52,19.52,NA,1,20.32,20.3216666666667,0.043089055068159,6,NA,NA,NA,NA,NA,NA,NA,NA,NA,NA,NA,NA,NA,NA,NA,NA,2015-07-02,"LS 8",2,"07","183","P",9.6,"P",1.3,"P"
107,"1_2_1_LE07_013030_20150710",134.27905884,21,62.9639826,1.0166406,42195.647648125,1436542356798,0.493387707544422,8469,9072,31.35623792,22.4232426112094,22.4001459057509,19.96055924,21.9859977031891,22.7991520549967,1.71364052317891,0.992114826359425,27.0360174,"{""type"":""MultiPoint"",""coordinates"":[]}",2015-07-10 15:32:36,"LE07_013030_20150710",21.87,0.344995974211618,1.47,0.0483045891539648,22.03,10,22.13,22.13,NA,1,21.16,21.16,NA,1,21.81,21.81,NA,1,21.32,21.32,NA,1,22.045,22.0466666666667,0.035023801430839,6,NA,NA,NA,NA,NA,NA,NA,NA,NA,NA,NA,NA,NA,NA,NA,NA,2015-07-10,"LS 7",2,"07","191","P",11.4,"F",0.800000000000001,"P"
108,"2_1_LC08_013030_20150803",139.14819971,4.47,58.83560768,1.0146895,42219.6475812384,1438615951019,1,17165,18205,34.7264056400001,25.7370424158092,25.4325271377143,24.8073116000001,25.1899155482475,25.8092162187324,2.43280942616508,1.05395248690131,31.16439232,"{""type"":""MultiPoint"",""coordinates"":[]}",2015-08-03 15:32:31,"LC08_013030_20150803",23.981,0.335574134879315,1.47,0.0483045891539648,24.1,10,24.52,24.52,NA,1,23.68,23.68,NA,1,23.32,23.32,NA,1,23.66,23.66,NA,1,24.105,24.105,0.00547722557505735,6,NA,NA,NA,NA,NA,NA,NA,NA,NA,NA,NA,NA,NA,NA,NA,NA,2015-08-03,"LS 8",2,"08","215","P",9.9,"P",0.600000000000001,"P"
109,"2_1_LC08_013030_20150819",144.2445821,9.14,54.94710635,1.012069,42235.6476675694,1439998358478,0.644975240314594,11071,11571,29.16870512,24.6828276760829,24.6863213591549,23.22818636,24.3172863528561,25.0619910758288,1.48547554260863,0.602978352430473,35.05289365,"{""type"":""MultiPoint"",""coordinates"":[]}",2015-08-19 15:32:38,"LC08_013030_20150819",24.9235,0.2031222202607,1.14166666666667,0.475697255392417,24.9405,12,25.38,25.38,NA,1,24.72,24.72,NA,1,24.52,24.52,NA,1,25.05,25.05,NA,1,24.9405,24.9265,0.0599452130818502,8,NA,NA,NA,NA,NA,NA,NA,NA,NA,NA,NA,NA,NA,NA,NA,NA,2015-08-19,"LS 8",2,"08","231","P",6,"P",0.800000000000001,"P"
110,"1_2_1_LE07_013030_20150912",152.28634873,43,47.72301079,1.0064691,42259.6477858218,1442071968695,0.881969123215846,15139,16015,29.52076118,23.5344260314771,23.6899954163378,21.51234032,23.2971595652878,23.6899954163378,2.84029531914009,0.462643715804604,42.27698921,"{""type"":""MultiPoint"",""coordinates"":[]}",2015-09-12 15:32:48,"LE07_013030_20150912",23.285,0.323814200373665,1.14166666666667,0.475697255392417,23.455,12,23.31,23.31,NA,1,22.83,22.83,NA,1,22.64,22.64,NA,1,22.82,22.82,NA,1,23.484,23.4775,0.0493703207547671,8,NA,NA,NA,NA,NA,NA,NA,NA,NA,NA,NA,NA,NA,NA,NA,NA,2015-09-12,"LS 7",2,"09","255","P",8,"P",0.399999999999999,"P"
111,"1_2_1_LE07_013030_20150928",156.92375645,23,42.27579659,1.0020602,42275.6478253241,1443454372108,0.887445383046898,15233,16141,26.35567466,19.5877772857194,19.4330379842736,18.52157282,19.4330379842736,19.8516103956704,3.25787109217148,0.611578450349501,47.72420341,"{""type"":""MultiPoint"",""coordinates"":[]}",2015-09-28 15:32:52,"LE07_013030_20150928",19.729,0.0314597248194298,1,0.534522483824849,19.734,8,NA,NA,NA,NA,NA,NA,NA,NA,NA,NA,NA,NA,NA,NA,NA,NA,19.734,19.729,0.0314597248194293,8,NA,NA,NA,NA,NA,NA,NA,NA,NA,NA,NA,NA,NA,NA,NA,NA,2015-09-28,"LS 7",2,"09","271","P",7.9,"P",0.5,"P"
112,"2_1_LC08_013030_20151022",161.84605564,65.01,33.96441302,0.9951999,42299.6478911458,1445527977795,0.412933294494611,7088,7200,10.20553016,7.17763095562552,7.19039463143024,4.18981496000004,6.81606827526583,7.56812696774226,-0.463460704567319,0.663459818373232,56.03558698,"{""type"":""MultiPoint"",""coordinates"":[]}",2015-10-22 15:32:57,"LC08_013030_20151022",13.02825,0.0964999999999998,1.5,0,12.98,4,NA,NA,NA,NA,NA,NA,NA,NA,NA,NA,NA,NA,NA,NA,NA,NA,12.98,13.02825,0.0965,4,NA,NA,NA,NA,NA,NA,NA,NA,NA,NA,NA,NA,NA,NA,NA,NA,2015-10-22,"LS 8",2,"10","295","P",6,"P",0.8,"P"
113,"1_2_1_LE07_013030_20151030",162.93167924,32,31.38579871,0.9930649,42307.6481466435,1446219199870,0.663210020390329,11384,12031,13.35352658,10.1677818981232,10.1319363500633,5.40663008000001,10.1092233791151,10.4753539062938,-1.97946738129855,0.55016865673344,58.61420129,"{""type"":""MultiPoint"",""coordinates"":[]}",2015-10-30 15:33:19,"LE07_013030_20151030",11.236,0,1.5,0,11.236,4,NA,NA,NA,NA,NA,NA,NA,NA,NA,NA,NA,NA,NA,NA,NA,NA,11.236,11.236,0,4,NA,NA,NA,NA,NA,NA,NA,NA,NA,NA,NA,NA,NA,NA,NA,NA,2015-10-30,"LS 7",2,"10","303","P",8,"P",0.4,"P"
114,"2_1_LC08_013030_20151123",163.74683602,1.2,24.82983673,0.9874694,42331.6479486343,1448292782762,1,17165,18205,7.35831949999999,6.24728671077951,6.43715640375298,1.19221142000003,5.94126749446842,6.94097167704901,-1.3763550554528,0.984637568811383,65.17016327,"{""type"":""MultiPoint"",""coordinates"":[]}",2015-11-23 15:33:02,"LC08_013030_20151123",8.282,0,1.5,0,8.282,4,NA,NA,NA,NA,NA,NA,NA,NA,NA,NA,NA,NA,NA,NA,NA,NA,8.282,8.282,0,4,NA,NA,NA,NA,NA,NA,NA,NA,NA,NA,NA,NA,NA,NA,NA,NA,2015-11-23,"LS 8",2,"11","327","P",6.2,"P",1,"P"
115,"1_2_1_LE07_013030_20160525",140.43989064,12,63.39375297,1.0129819,42515.6495524537,1464190521332,0.773900378677541,13284,14074,28.02366842,15.5076791020622,15.7360889701497,9.51509012000002,13.6989329089442,16.9290327327966,0.399421200752332,2.51017752316801,26.60624703,"{""type"":""MultiPoint"",""coordinates"":[]}",2016-05-25 15:35:21,"LE07_013030_20160525",15.29,0.024494897427832,1.5,0,15.28,6,NA,NA,NA,NA,NA,NA,NA,NA,NA,NA,NA,NA,NA,NA,NA,NA,15.28,15.29,0.0244948974278321,6,NA,NA,NA,NA,NA,NA,NA,NA,NA,NA,NA,NA,NA,NA,NA,NA,2016-05-25,"LS 7",2,"05","146","P",18.5,"F",3.2,"F"
116,"2_1_LC08_013030_20160618",134.57008546,1.39,64.50011369,1.0160777,42539.647649294,1466263956899,1,17165,18205,31.54764704,20.8781117795375,20.5580320412517,18.94198928,20.3148856247977,21.1837283093742,2.09430981080885,1.34631965338063,25.49988631,"{""type"":""MultiPoint"",""coordinates"":[]}",2016-06-18 15:32:36,"LC08_013030_20160618",18.92,0.719046988331481,1.4875,0.0353553390593274,19.105,8,NA,NA,NA,NA,19.04,19.04,NA,1,17.42,17.42,NA,1,NA,NA,NA,NA,19.24,19.15,0.455499725576207,6,NA,NA,NA,NA,NA,NA,NA,NA,NA,NA,NA,NA,NA,NA,NA,NA,2016-06-18,"LS 8",2,"06","170","P",12.6,"F",0.899999999999999,"P"
117,"1_2_1_LE07_013030_20160626",135.13090893,4,64.55780621,1.0165427,42547.6496248264,1466955327585,0.7665598601806,13158,13973,24.65008268,12.7946206072883,12.7244384499276,8.15471816000002,11.438981741619,13.6713134375495,0.864768172185115,2.09379632498698,25.44219379,"{""type"":""MultiPoint"",""coordinates"":[]}",2016-06-26 15:35:27,"LE07_013030_20160626",22.275,1.13618408971182,1.4875,0.0353553390593274,22.735,8,NA,NA,NA,NA,19.86,19.86,NA,1,21.48,21.48,NA,1,NA,NA,NA,NA,22.895,22.81,0.413473094650665,6,NA,NA,NA,NA,NA,NA,NA,NA,NA,NA,NA,NA,NA,NA,NA,NA,2016-06-26,"LS 7",2,"06","178","P",16.5,"F",2.3,"P"
118,"2_1_LC08_013030_20160704",134.01464955,0.37,63.57486272,1.0167509,42555.6477583796,1467646366324,0.999941741916691,17164,18204,31.6604417,22.6576731347395,22.3079832368844,21.6490611200001,22.0640713219881,23.0646292077799,2.11769301608526,1.08898563713204,26.42513728,"{""type"":""MultiPoint"",""coordinates"":[]}",2016-07-04 15:32:46,"LC08_013030_20160704",21.6325,0.455937025726768,1.4875,0.0353553390593274,21.835,8,NA,NA,NA,NA,20.99,20.99,NA,1,20.82,20.82,NA,1,NA,NA,NA,NA,21.865,21.875,0.0766159252375122,6,NA,NA,NA,NA,NA,NA,NA,NA,NA,NA,NA,NA,NA,NA,NA,NA,2016-07-04,"LS 8",2,"07","186","P",10.1,"P",1,"P"
119,"1_2_1_LE07_013030_20160712",135.8092909,6,62.97865885,1.0165557,42563.6496134838,1468337726605,0.896358869793184,15386,16348,33.34894358,23.2822595886507,23.0504510184835,21.78578192,22.6427723270714,23.4622304335499,2.7154837785164,1.07311497436426,27.02134115,"{""type"":""MultiPoint"",""coordinates"":[]}",2016-07-12 15:35:26,"LE07_013030_20160712",22.21875,0.770925927514626,1.4875,0.0353553390593274,22.58,8,NA,NA,NA,NA,20.83,20.83,NA,1,21.14,21.14,NA,1,NA,NA,NA,NA,22.63,22.63,0.103150375665822,6,NA,NA,NA,NA,NA,NA,NA,NA,NA,NA,NA,NA,NA,NA,NA,NA,2016-07-12,"LS 7",2,"07","194","P",11.5,"F",0.899999999999999,"P"
120,"2_1_LC08_013030_20160720",136.03628261,10.86,61.43123596,1.0160836,42571.6478303125,1469028772539,0.98764928633848,16953,17950,28.78588688,23.8927086134235,23.6932483720048,22.6368689,23.5651832661635,24.0642151232978,1.71981571698442,0.671409140853289,28.56876404,"{""type"":""MultiPoint"",""coordinates"":[]}",2016-07-20 15:32:52,"LC08_013030_20160720",23.16875,0.278897702700162,1.4875,0.0353553390593274,23.265,8,NA,NA,NA,NA,22.83,22.83,NA,1,22.64,22.64,NA,1,NA,NA,NA,NA,23.295,23.3133333333333,0.0703325434394822,6,NA,NA,NA,NA,NA,NA,NA,NA,NA,NA,NA,NA,NA,NA,NA,NA,2016-07-20,"LS 8",2,"07","202","P",6.2,"P",0.5,"P"
121,"2_1_LC08_013030_20160805",140.11159294,6.44,58.27156628,1.014357,42587.6478625,1470411175320,0.678065831634139,11639,12350,26.93673806,19.7601789410467,21.0642846120838,9.5629424,18.5596306447267,21.8120351185104,-1.08561905157936,3.18609805074416,31.72843372,"{""type"":""MultiPoint"",""coordinates"":[]}",2016-08-05 15:32:55,"LC08_013030_20160805",24.26625,0.493238206723109,1.4875,0.0353553390593274,24.46,8,NA,NA,NA,NA,23.68,23.68,NA,1,23.32,23.32,NA,1,NA,NA,NA,NA,24.495,24.5216666666667,0.120402104079067,6,NA,NA,NA,NA,NA,NA,NA,NA,NA,NA,NA,NA,NA,NA,NA,NA,2016-08-05,"LS 8",2,"08","218","P",17.3,"F",3.2,"F"
122,"1_2_1_LE07_013030_20160829",148.94913886,21,52.16272494,1.0097582,42611.6497055671,1472484934561,0.725487911447713,12453,13182,33.97102322,24.2299711809289,24.3017505041916,20.48009828,23.8702864974903,24.3017505041916,2.41527830577709,0.894869886029364,37.83727506,"{""type"":""MultiPoint"",""coordinates"":[]}",2016-08-29 15:35:34,"LE07_013030_20160829",23.5325,0.411226388814168,1.4875,0.0353553390593274,23.73,8,NA,NA,NA,NA,22.66,22.66,NA,1,23.14,23.14,NA,1,NA,NA,NA,NA,23.745,23.7433333333333,0.0186189867250217,6,NA,NA,NA,NA,NA,NA,NA,NA,NA,NA,NA,NA,NA,NA,NA,NA,2016-08-29,"LS 7",2,"08","242","P",13.5,"F",0.400000000000002,"P"
123,"1_2_1_LE07_013030_20160914",154.10804203,73,47.03652514,1.0057406,42627.6497256713,1473867336298,0.706087969705797,12120,12715,26.6598784400001,19.9774608742885,20.2206369872708,15.37699442,19.6898138439732,20.7417147421449,-0.621483878394614,1.01708984567504,42.96347486,"{""type"":""MultiPoint"",""coordinates"":[]}",2016-09-14 15:35:36,"LE07_013030_20160914",21.80125,0.217021230034562,1.4875,0.0353553390593274,21.895,8,NA,NA,NA,NA,21.66,21.66,NA,1,21.31,21.31,NA,1,NA,NA,NA,NA,21.905,21.9066666666667,0.0186189867250223,6,NA,NA,NA,NA,NA,NA,NA,NA,NA,NA,NA,NA,NA,NA,NA,NA,2016-09-14,"LS 7",2,"09","258","P",11.3,"F",1,"P"
124,"2_1_LC08_013030_20160922",155.64857824,0.01,44.12501793,1.0035061,42635.6480075116,1474558387849,1,17165,18205,28.76879678,22.3075247822148,22.1812173782872,21.6798233,22.0711156549463,22.43183545214,3.48174538639625,0.578216231584567,45.87498207,"{""type"":""MultiPoint"",""coordinates"":[]}",2016-09-22 15:33:07,"LC08_013030_20160922",21.50625,0.443136144832651,1.4875,0.0353553390593274,21.66,8,NA,NA,NA,NA,21.33,21.33,NA,1,20.49,20.49,NA,1,NA,NA,NA,NA,21.71,21.705,0.12144957801491,6,NA,NA,NA,NA,NA,NA,NA,NA,NA,NA,NA,NA,NA,NA,NA,NA,2016-09-22,"LS 8",2,"09","266","P",7.1,"P",0.299999999999997,"P"
125,"2_1_LC08_013030_20161024",162.28449524,22.58,33.0642366,0.9944494,42667.6480870139,1477323194718,0.844509175648121,14496,15394,14.5224894200001,12.1640258941739,12.4437085786523,8.32561916000003,11.9410424190573,12.5597805178105,-1.42474534085388,0.621335097610591,56.9357634,"{""type"":""MultiPoint"",""coordinates"":[]}",2016-10-24 15:33:14,"LC08_013030_20161024",13.4266,0.405871408207082,1.5,0,13.17,10,NA,NA,NA,NA,NA,NA,NA,NA,NA,NA,NA,NA,NA,NA,NA,NA,13.894,13.894,0.0554256258422056,4,13.11,13.115,0.058223706512039,6,NA,NA,NA,NA,NA,NA,NA,NA,NA,NA,NA,NA,2016-10-24,"LS 8",2,"10","298","P",6.2,"P",0.699999999999999,"P"
126,"2_1_LC08_013030_20170504",144.08742426,20.2,58.70404718,1.0084302,42859.6473540162,1493911931387,0.907427905621905,15576,16514,15.5513134400001,6.47440150719328,6.68721524528488,-6.88115182000001,5.68889668385757,7.56027076780221,-0.809100897064055,2.05167628911009,31.29595282,"{""type"":""MultiPoint"",""coordinates"":[]}",2017-05-04 15:32:11,"LC08_013030_20170504",8.18333333333333,0.354833294191323,1.5,0,8.3,6,NA,NA,NA,NA,NA,NA,NA,NA,NA,NA,NA,NA,NA,NA,NA,NA,NA,NA,NA,NA,8.3,8.18333333333333,0.354833294191323,6,NA,NA,NA,NA,NA,NA,NA,NA,NA,NA,NA,NA,2017-05-04,"LS 8",2,"05","124","F",22.5,"F",1.9,"P"
128,"2_1_LC08_013030_20170621",134.26765186,38.01,64.43097667,1.0162964,42907.6476631829,1498059158099,0.813049810661229,13956,14718,29.1584510600001,21.6861015548573,21.3076952571163,14.70364448,21.0676676482153,22.4425734684405,0.777624824630908,1.05300268039737,25.56902333,"{""type"":""MultiPoint"",""coordinates"":[]}",2017-06-21 15:32:38,"LC08_013030_20170621",20.1711111111111,1.30585646650431,1.48888888888889,0.0333333333333334,20.57,9,21.31,21.31,NA,1,16.8,16.8,NA,1,20.01,20.01,NA,1,NA,NA,NA,NA,20.57,20.57,0,6,NA,NA,NA,NA,NA,NA,NA,NA,NA,NA,NA,NA,NA,NA,NA,NA,2017-06-21,"LS 8",2,"06","172","P",14.5,"F",1.3,"P"
129,"1_2_1_LE07_013030_20170715",136.15875088,55,62.58043528,1.0164352,42931.6496920023,1500132933389,0.417710457325954,7170,7640,27.63059612,21.813776099831,21.6718870008025,19.27695524,21.1980028449906,22.1454382193706,1.59685483549734,0.857097578975939,27.41956472,"{""type"":""MultiPoint"",""coordinates"":[]}",2017-07-15 15:35:33,"LE07_013030_20170715",21.7911111111111,0.794330605674433,1.48888888888889,0.0333333333333334,22.24,9,21.14,21.14,NA,1,20.02,20.02,NA,1,21.48,21.48,NA,1,NA,NA,NA,NA,22.29,22.2466666666667,0.170254711143826,6,NA,NA,NA,NA,NA,NA,NA,NA,NA,NA,NA,NA,NA,NA,NA,NA,2017-07-15,"LS 7",2,"07","196","P",8.3,"P",0.900000000000002,"P"
130,"2_1_LC08_013030_20170723",136.58370464,50.68,60.94443102,1.0158982,42939.6477736806,1500823967646,0.86874453830469,14912,15828,33.23614892,25.6706044120157,25.5599063646852,23.17349804,25.4408311180618,25.8115140549759,1.99283666876419,0.626634029452403,29.05556898,"{""type"":""MultiPoint"",""coordinates"":[]}",2017-07-23 15:32:47,"LC08_013030_20170723",24.1411111111111,0.458923861997948,1.48888888888889,0.0333333333333334,24.11,9,24.87,24.87,NA,1,24.55,24.55,NA,1,23.15,23.15,NA,1,NA,NA,NA,NA,24.11,24.1166666666667,0.0103279555898856,6,NA,NA,NA,NA,NA,NA,NA,NA,NA,NA,NA,NA,NA,NA,NA,NA,2017-07-23,"LS 8",2,"07","204","P",10,"P",0.400000000000002,"P"
131,"1_2_1_LE07_013030_20170731",139.58562656,3,59.70322169,1.0150403,42947.6496769676,1501515332090,0.871657442470143,14962,15836,33.1814606,22.847521698013,22.8679984876251,21.17395634,22.4584357777956,22.8933978724451,2.89306467675944,1.01865984886622,30.29677831,"{""type"":""MultiPoint"",""coordinates"":[]}",2017-07-31 15:35:32,"LE07_013030_20170731",22.4522222222222,0.48378140150738,1.48888888888889,0.0333333333333334,22.74,9,21.97,21.97,NA,1,21.83,21.83,NA,1,21.65,21.65,NA,1,NA,NA,NA,NA,22.775,22.77,0.0252982212813481,6,NA,NA,NA,NA,NA,NA,NA,NA,NA,NA,NA,NA,NA,NA,NA,NA,2017-07-31,"LS 7",2,"07","212","P",12,"F",0.399999999999999,"P"
132,"2_1_LC08_013030_20170824",146.22676986,22.47,53.44886176,1.010927,42971.647903912,1503588778898,0.475152927468686,8156,8570,26.6530424,21.5829833301605,21.5607428939955,18.46346648,21.3134054293529,21.9437725719221,0.248669210452892,0.500402784033962,36.55113824,"{""type"":""MultiPoint"",""coordinates"":[]}",2017-08-24 15:32:58,"LC08_013030_20170824",22.3766666666667,0.385519130524025,1.48888888888889,0.0333333333333334,22.55,9,22.64,22.64,NA,1,22,22,NA,1,21.48,21.48,NA,1,NA,NA,NA,NA,22.55,22.545,0.0273861278752577,6,NA,NA,NA,NA,NA,NA,NA,NA,NA,NA,NA,NA,NA,NA,NA,NA,2017-08-24,"LS 8",2,"08","236","P",8.2,"P",0.599999999999998,"P"
133,"1_2_1_LE07_013030_20170901",149.82034806,21,51.30168087,1.0091146,42979.6496583449,1504280130481,0.300495193708127,5158,5616,22.5890166200001,19.1491587860002,19.2327412531962,13.1689535,18.8950785906492,19.5717298657264,-1.5764655132091,0.953154432178461,38.69831913,"{""type"":""MultiPoint"",""coordinates"":[]}",2017-09-01 15:35:30,"LE07_013030_20170901",20.1766666666667,0.257050578680539,1.48888888888889,0.0333333333333334,20.34,9,20,20,NA,1,19.86,19.86,NA,1,19.69,19.69,NA,1,NA,NA,NA,NA,20.34,20.34,0.0063245553203355,6,NA,NA,NA,NA,NA,NA,NA,NA,NA,NA,NA,NA,NA,NA,NA,NA,2017-09-01,"LS 7",2,"09","244","P",9.4,"P",0.700000000000003,"P"
134,"2_1_LC08_013030_20170909",151.60365988,61.93,48.5586222,1.0070687,42987.6479208449,1504971180361,0.26315176230702,4517,4808,21.98402708,17.6531304195151,17.6789017744131,14.21828564,17.3106589471291,18.1816581821097,-0.56782596457289,0.631268470386639,41.4413778,"{""type"":""MultiPoint"",""coordinates"":[]}",2017-09-09 15:33:00,"LC08_013030_20170909",18.6322222222222,0.302645740833146,1.48888888888889,0.0333333333333334,18.76,9,18.86,18.86,NA,1,18.4,18.4,NA,1,17.9,17.9,NA,1,NA,NA,NA,NA,18.76,18.755,0.00836660026533907,6,NA,NA,NA,NA,NA,NA,NA,NA,NA,NA,NA,NA,NA,NA,NA,NA,2017-09-09,"LS 8",2,"09","252","P",7.8,"P",0.899999999999999,"P"
135,"1_2_1_LE07_013030_20170917",154.88249609,8,46.08854595,1.004999,42995.6496304977,1505662528075,0.884590736964754,15184,16070,30.42653648,21.794604788983,21.9875855370104,19.76231408,21.5593034862674,22.0135698682051,2.17081575188289,0.762140007975974,43.91145405,"{""type"":""MultiPoint"",""coordinates"":[]}",2017-09-17 15:35:28,"LE07_013030_20170917",20.7577777777778,0.221798206585276,1.48888888888889,0.0333333333333334,20.83,9,20.48,20.48,NA,1,20.67,20.67,NA,1,20.33,20.33,NA,1,NA,NA,NA,NA,20.895,20.89,0.0644980619863874,6,NA,NA,NA,NA,NA,NA,NA,NA,NA,NA,NA,NA,NA,NA,NA,NA,2017-09-17,"LS 7",2,"09","260","P",10.6,"F",0.399999999999999,"P"
136,"2_1_LC08_013030_20170925",156.37240745,3.35,43.16117086,1.0027526,43003.647981713,1506353585620,0.998543547917274,17140,18166,32.24834114,24.6682692667884,24.5653846329024,22.74966356,24.3121093890669,24.9344963729278,2.1417153764189,0.845175299332025,46.83882914,"{""type"":""MultiPoint"",""coordinates"":[]}",2017-09-25 15:33:05,"LC08_013030_20170925",21.3266666666667,0.297702312162114,1.5,0,21.32,6,NA,NA,NA,NA,NA,NA,NA,NA,NA,NA,NA,NA,NA,NA,NA,NA,21.32,21.3266666666667,0.297702312162115,6,NA,NA,NA,NA,NA,NA,NA,NA,NA,NA,NA,NA,NA,NA,NA,NA,2017-09-25,"LS 8",2,"09","268","P",9.5,"P",0.599999999999998,"P"
137,"1_2_1_LE07_013030_20171003",159.09341814,4,40.51219885,1.0004927,43011.6496478356,1507044929573,0.795106321002039,13648,14511,23.56657034,17.8794248046883,17.8848268734041,14.7275706200001,17.5098865705158,18.2644856048794,2.10874230182513,0.461589295749679,49.48780115,"{""type"":""MultiPoint"",""coordinates"":[]}",2017-10-03 15:35:29,"LE07_013030_20171003",18.6066666666667,0.0717402722790118,1.5,0,18.615,6,NA,NA,NA,NA,NA,NA,NA,NA,NA,NA,NA,NA,NA,NA,NA,NA,18.615,18.6066666666667,0.0717402722790123,6,NA,NA,NA,NA,NA,NA,NA,NA,NA,NA,NA,NA,NA,NA,NA,NA,2017-10-03,"LS 7",2,"10","276","P",8.9,"P",0.800000000000001,"P"
138,"2_1_LC08_013030_20171011",160.11483282,67.15,37.56598033,0.9981547,43019.6480397338,1507735990633,0.482027381299155,8274,8856,19.37607782,14.6630191198569,15.9380966386798,-0.00409558000001198,13.4403145027302,16.9382582300651,-1.46987265219157,3.08325534904885,52.43401967,"{""type"":""MultiPoint"",""coordinates"":[]}",2017-10-11 15:33:10,"LC08_013030_20171011",18.0333333333333,0.032041639575196,1.5,0,18.045,6,NA,NA,NA,NA,NA,NA,NA,NA,NA,NA,NA,NA,NA,NA,NA,NA,18.045,18.0333333333333,0.0320416395751959,6,NA,NA,NA,NA,NA,NA,NA,NA,NA,NA,NA,NA,NA,NA,NA,NA,2017-10-11,"LS 8",2,"10","284","F",19.4,"F",3.5,"F"
141,"1_2_1_LE07_013030_20171104",163.87946937,54,29.76898669,0.9916552,43043.6496691435,1509809731414,0.724497524031459,12436,13239,9.2553206,6.16044631301562,6.15267155987871,1.01789240000005,5.41638607705175,6.83299517412486,-0.425392215697192,1.05850891438629,60.23101331,"{""type"":""MultiPoint"",""coordinates"":[]}",2017-11-04 15:35:31,"LE07_013030_20171104",13,0,1.5,0,13,4,NA,NA,NA,NA,NA,NA,NA,NA,NA,NA,NA,NA,NA,NA,NA,NA,13,13,0,4,NA,NA,NA,NA,NA,NA,NA,NA,NA,NA,NA,NA,NA,NA,NA,NA,2017-11-04,"LS 7",2,"11","308","P",8.3,"P",1.4,"P"
142,"2_1_LC08_013030_20171112",163.71901035,28.47,27.38811643,0.9897209,43051.6480249653,1510500789357,1,17165,18204,9.19721426000001,8.04546737635532,8.31305287821562,3.13364678000005,7.68885090518958,8.69157949637504,-1.33603177172803,0.964669095519147,62.61188357,"{""type"":""MultiPoint"",""coordinates"":[]}",2017-11-12 15:33:09,"LC08_013030_20171112",10.18,0,1.5,0,10.18,4,NA,NA,NA,NA,NA,NA,NA,NA,NA,NA,NA,NA,NA,NA,NA,NA,10.18,10.18,0,4,NA,NA,NA,NA,NA,NA,NA,NA,NA,NA,NA,NA,NA,NA,NA,NA,2017-11-12,"LS 8",2,"11","316","P",6.1,"P",0.999999999999999,"P"
143,"2_1_LC08_013030_20171128",163.57854245,49.63,23.72063951,0.9864813,43067.6479498264,1511883182865,0.980133993591611,16824,17799,3.36949016000006,1.39797037000392,1.56386438501119,-3.35717319999998,1.06398173672557,2.06411777300077,-1.23299679271128,0.928993815957221,66.27936049,"{""type"":""MultiPoint"",""coordinates"":[]}",2017-11-28 15:33:02,"LC08_013030_20171128",6.14,0,1.5,0,6.14,4,NA,NA,NA,NA,NA,NA,NA,NA,NA,NA,NA,NA,NA,NA,NA,NA,6.14,6.14,0,4,NA,NA,NA,NA,NA,NA,NA,NA,NA,NA,NA,NA,NA,NA,NA,NA,2017-11-28,"LS 8",2,"11","332","F",6.8,"P",1,"P"
144,"2_1_LC08_013030_20180523",139.42024726,0.29,62.59185055,1.0125102,43243.6470848958,1527089508135,1,17165,18205,27.24094184,15.79388714098,15.5634356919971,14.24221178,14.8174758512035,16.1817217791473,1.91290714037011,1.59030502224736,27.40814945,"{""type"":""MultiPoint"",""coordinates"":[]}",2018-05-23 15:31:48,"LC08_013030_20180523",13.9866666666667,0.086216781042517,0.85,0,13.97,3,NA,NA,NA,NA,NA,NA,NA,NA,NA,NA,NA,NA,NA,NA,NA,NA,13.97,13.9866666666667,0.0862167810425161,3,NA,NA,NA,NA,NA,NA,NA,NA,NA,NA,NA,NA,NA,NA,NA,NA,2018-05-23,"LS 8",2,"05","143","P",13,"F",1.4,"P"
145,"1_2_1_LE07_013030_20180531",137.93598512,32,63.7309947,1.0139012,43251.6478180208,1527780771477,0.867055053888727,14883,15773,23.9562246200001,13.3495704664275,13.7854741600679,3.49595690000001,12.0569683080374,15.0632325167395,-0.358833023997553,2.69272222601469,26.2690053,"{""type"":""MultiPoint"",""coordinates"":[]}",2018-05-31 15:32:51,"LE07_013030_20180531",16.59,0.341935666463737,0.45,0.309838667696593,16.39,6,NA,NA,NA,NA,NA,NA,NA,NA,NA,NA,NA,NA,NA,NA,NA,NA,16.39,16.59,0.341935666463737,6,NA,NA,NA,NA,NA,NA,NA,NA,NA,NA,NA,NA,NA,NA,NA,NA,2018-05-31,"LS 7",2,"05","151","P",20.5,"F",3,"F"
146,"1_2_1_LE07_013030_20180702",133.61339619,15,63.7110563,1.0166839,43283.6474040625,1530545535711,0.666647247305564,11443,12115,34.78109396,23.4820790124552,23.0815941982121,21.02698148,23.0815941982121,23.5905350468717,2.20271940323874,1.18424466616816,26.2889437,"{""type"":""MultiPoint"",""coordinates"":[]}",2018-07-02 15:32:15,"LE07_013030_20180702",23.6545833333333,0.248175589428947,0.1875,0.21174738846498,23.68,24,NA,NA,NA,NA,NA,NA,NA,NA,NA,NA,NA,NA,NA,NA,NA,NA,23.45,23.5783333333333,0.268657154504894,6,NA,NA,NA,NA,23.97,23.97,0,6,23.68,23.68,0,6,23.39,23.39,0,6,2018-07-02,"LS 7",2,"07","183","P",13.8,"F",0.5,"P"
147,"2_1_LC08_013030_20180710",134.11927854,24.33,62.86432354,1.016655,43291.647242662,1531236721766,0.823011942907078,14127,15032,35.55356648,25.0707911504292,24.931666124539,12.77929922,24.56358458194,25.5619115728567,0.395141460677248,1.43081231543735,27.13567646,"{""type"":""MultiPoint"",""coordinates"":[]}",2018-07-10 15:32:01,"LC08_013030_20180710",24.3804166666667,0.576394182502902,0.1875,0.21174738846498,24.25,24,NA,NA,NA,NA,NA,NA,NA,NA,NA,NA,NA,NA,NA,NA,NA,NA,23.85,23.965,0.206082507748716,6,NA,NA,NA,NA,24.25,24.2666666666667,0.0408248290463877,6,25.32,25.32,0,6,23.97,23.97,0,6,2018-07-10,"LS 8",2,"07","191","P",22.8,"F",1,"P"
148,"1_2_1_LE07_013030_20180718",135.09932315,2,61.68721521,1.0162793,43299.6471967245,1531927917797,0.881677832799301,15134,16078,32.46025838,24.5195996626409,24.4399177109376,21.66956924,24.0943237336914,24.9315418715815,0.703910969011778,0.783107270210595,28.31278479,"{""type"":""MultiPoint"",""coordinates"":[]}",2018-07-18 15:31:57,"LE07_013030_20180718",24.50875,0.519425372302225,0.1875,0.21174738846498,24.645,24,NA,NA,NA,NA,NA,NA,NA,NA,NA,NA,NA,NA,NA,NA,NA,NA,24.23,24.2566666666667,0.0752772652709068,6,NA,NA,NA,NA,25.03,25.045,0.0367423461417486,6,24.93,24.93,0,6,23.77,23.8033333333333,0.051639777949433,6,2018-07-18,"LS 7",2,"07","199","P",10.8,"F",0.799999999999997,"P"
149,"1_2_1_LE07_013030_20180819",143.7430742,19,54.70633965,1.0120151,43331.6467901852,1534692682672,0.851966210311681,14624,15497,28.9226076800001,23.3391237040505,23.398837254167,20.77746602,23.0409803138237,23.398837254167,3.03931703261394,0.476379551025984,35.29366035,"{""type"":""MultiPoint"",""coordinates"":[]}",2018-08-19 15:31:22,"LE07_013030_20180819",23.95875,0.175927665471525,0.5125,0.358211135214002,23.87,24,NA,NA,NA,NA,NA,NA,NA,NA,NA,NA,NA,NA,NA,NA,NA,NA,23.85,23.8783333333333,0.0530722777603002,6,NA,NA,NA,NA,23.87,23.8366666666667,0.0516397779494326,6,24.25,24.25,0,6,23.87,23.87,0,6,2018-08-19,"LS 7",2,"08","231","P",8.1,"P",0.399999999999999,"P"
150,"2_1_LC08_013030_20180827",146.97596312,24.93,52.60094779,1.0102946,43339.6475151389,1535383945308,0.444916982231285,7637,8159,29.66431802,23.3525817649365,23.3124395794593,21.54993854,23.0648961752015,23.429012747725,2.73328895525972,0.69260686680025,37.39905221,"{""type"":""MultiPoint"",""coordinates"":[]}",2018-08-27 15:32:25,"LC08_013030_20180827",23.49625,0.548062298109162,0.5125,0.358211135214002,23.735,24,NA,NA,NA,NA,NA,NA,NA,NA,NA,NA,NA,NA,NA,NA,NA,NA,23.13,23.29,0.260691388427005,6,NA,NA,NA,NA,23.77,23.77,0,6,24.16,24.16,0,6,22.765,22.765,0.0492950301754644,6,2018-08-27,"LS 8",2,"08","239","P",8.2,"P",0.299999999999997,"P"
151,"1_2_1_LE07_013030_20180904",149.0863873,24,50.0208082,1.0084507,43347.6465603241,1536075062812,0.53434314011069,9172,9735,29.9172515,22.6826071061599,22.5869766010502,19.16074256,22.1114372800167,23.0579929108766,1.31916238063456,0.871934938194542,39.9791918,"{""type"":""MultiPoint"",""coordinates"":[]}",2018-09-04 15:31:02,"LE07_013030_20180904",23.7458333333333,0.191922010126547,0.2875,0.240583529740938,23.77,24,NA,NA,NA,NA,NA,NA,NA,NA,NA,NA,NA,NA,NA,NA,NA,NA,23.5,23.6633333333333,0.259358182185691,6,NA,NA,NA,NA,23.97,23.97,0,6,23.77,23.77,0,6,23.58,23.58,0,6,2018-09-04,"LS 7",2,"09","247","P",10.7,"F",1,"P"
152,"2_1_LC08_013030_20181014",160.51838499,11.47,36.58507033,0.9974157,43387.6477298495,1539531163859,0.996213224584911,17100,18131,15.50346116,13.5710864852481,14.19302227611,5.12635244000001,13.1877082035201,14.4367209873401,-2.17159856458488,1.37966557253073,53.41492967,"{""type"":""MultiPoint"",""coordinates"":[]}",2018-10-14 15:32:43,"LC08_013030_20181014",15.2833333333333,0.0152752523165201,0.85,0,15.28,3,NA,NA,NA,NA,NA,NA,NA,NA,NA,NA,NA,NA,NA,NA,NA,NA,15.28,15.2833333333333,0.0152752523165202,3,NA,NA,NA,NA,NA,NA,NA,NA,NA,NA,NA,NA,NA,NA,NA,NA,2018-10-14,"LS 8",2,"10","287","P",10.4,"F",1.2,"P"
153,"1_2_1_LE07_013030_20181022",160.95405142,45,33.68153256,0.9951671,43395.6457838542,1540222195725,0.837401689484416,14374,15233,13.08692102,10.4422784106804,10.5251986840584,4.26501140000005,10.1803873477828,10.8580030540193,-2.131039247086,0.645924754031529,56.31846744,"{""type"":""MultiPoint"",""coordinates"":[]}",2018-10-22 15:29:55,"LE07_013030_20181022",11.255,0.00999999999999979,1.5,0,11.26,4,NA,NA,NA,NA,NA,NA,NA,NA,NA,NA,NA,NA,NA,NA,NA,NA,11.26,11.255,0.00999999999999954,4,NA,NA,NA,NA,NA,NA,NA,NA,NA,NA,NA,NA,NA,NA,NA,NA,2018-10-22,"LS 7",2,"10","295","P",8.8,"P",0.700000000000001,"P"
154,"1_2_1_LE07_013030_20181107",162.48680647,30,28.64553661,0.9909771,43411.6455432176,1541604574934,0.484882027381299,8323,8878,13.4765753,8.06451385004011,7.97886634135639,4.52136289999999,7.97886634135639,8.35689213600833,2.31524805146643,0.607220802234772,61.35446339,"{""type"":""MultiPoint"",""coordinates"":[]}",2018-11-07 15:29:34,"LE07_013030_20181107",8.275,0.0191485421551271,1.5,0,8.27,4,NA,NA,NA,NA,NA,NA,NA,NA,NA,NA,NA,NA,NA,NA,NA,NA,8.27,8.275,0.0191485421551277,4,NA,NA,NA,NA,NA,NA,NA,NA,NA,NA,NA,NA,NA,NA,NA,NA,2018-11-07,"LS 7",2,"11","311","P",9,"P",0.4,"P"
155,"1_2_1_LE07_013030_20190518",137.12954709,5,60.68392321,1.0114827,43603.6413177662,1558193009855,0.855519953393533,14685,15592,21.69007736,10.7700676605351,10.2591536829765,8.71185542000001,9.85471665697557,11.4376896609547,1.932759569746,1.58413368536539,29.31607679,"{""type"":""MultiPoint"",""coordinates"":[]}",2019-05-18 15:23:29,"LE07_013030_20190518",9.275,0.0378593889720018,1.5,0,9.29,4,NA,NA,NA,NA,NA,NA,NA,NA,NA,NA,NA,NA,NA,NA,NA,NA,9.29,9.275,0.0378593889720016,4,NA,NA,NA,NA,NA,NA,NA,NA,NA,NA,NA,NA,NA,NA,NA,NA,2019-05-18,"LS 7",2,"05","138","P",13,"F",1.5,"P"
156,"2_1_LC08_013030_20190526",139.13906051,33.12,63.09598096,1.0130392,43611.6476223727,1558884754573,0.609845616079231,10468,11067,26.60860814,15.1023197072648,14.6876820100001,12.33837464,13.8124288853489,15.5569864111127,1.775474536523,2.31368077558412,26.90401904,"{""type"":""MultiPoint"",""coordinates"":[]}",2019-05-26 15:32:34,"LC08_013030_20190526",12.365,0.0350713558334996,1.5,0,12.365,6,NA,NA,NA,NA,NA,NA,NA,NA,NA,NA,NA,NA,NA,NA,NA,NA,12.365,12.365,0.0350713558334999,6,NA,NA,NA,NA,NA,NA,NA,NA,NA,NA,NA,NA,NA,NA,NA,NA,2019-05-26,"LS 8",2,"05","146","P",14.3,"F",1.8,"P"
157,"1_2_1_LE07_013030_20190603",132.9852241,20,62.6770968,1.014316,43619.6409200463,1559575375492,0.860646664724731,14773,15645,25.12860548,15.1373988840761,15.0177567142596,13.27491212,14.3151042643171,15.6913777477804,1.74864588118129,1.07062308109136,27.3229032,"{""type"":""MultiPoint"",""coordinates"":[]}",2019-06-03 15:22:55,"LE07_013030_20190603",14.4883333333333,0.0116904519444999,1.5,0,14.49,6,NA,NA,NA,NA,NA,NA,NA,NA,NA,NA,NA,NA,NA,NA,NA,NA,14.49,14.4883333333333,0.0116904519444996,6,NA,NA,NA,NA,NA,NA,NA,NA,NA,NA,NA,NA,NA,NA,NA,NA,2019-06-03,"LS 7",2,"06","154","P",11.8,"F",1.4,"P"
158,"2_1_LC08_013030_20190627",133.9596474,31.28,64.19120022,1.0165905,43643.6477668518,1561649567056,0.686921060297116,11791,12605,31.50321278,22.6914716442324,22.6841467430769,17.1236026400001,22.1869872117007,23.3134921469583,0.445191760516105,1.47755441212419,25.80879978,"{""type"":""MultiPoint"",""coordinates"":[]}",2019-06-27 15:32:47,"LC08_013030_20190627",21.82,0.204352636391117,1.5,0,21.78,6,NA,NA,NA,NA,NA,NA,NA,NA,NA,NA,NA,NA,NA,NA,NA,NA,21.78,21.82,0.204352636391118,6,NA,NA,NA,NA,NA,NA,NA,NA,NA,NA,NA,NA,NA,NA,NA,NA,2019-06-27,"LS 8",2,"06","178","P",14.4,"F",1.1,"P"
159,"1_2_1_LE07_013030_20190705",129.3490062,6,61.97603131,1.0167008,43651.6400987384,1562340104531,0.864200407806583,14834,15712,35.5398944,24.7387836867919,24.9550768888938,19.47178238,24.4970200029255,25.3986278998368,0.723116061990077,1.68337682678008,28.02396869,"{""type"":""MultiPoint"",""coordinates"":[]}",2019-07-05 15:21:44,"LE07_013030_20190705",24.5983333333333,0.124806516923863,1.5,0,24.615,6,NA,NA,NA,NA,NA,NA,NA,NA,NA,NA,NA,NA,NA,NA,NA,NA,24.615,24.5983333333333,0.124806516923862,6,NA,NA,NA,NA,NA,NA,NA,NA,NA,NA,NA,NA,NA,NA,NA,NA,2019-07-05,"LS 7",2,"07","186","P",16,"F",0.899999999999999,"P"
160,"2_1_LC08_013030_20190713",134.75528932,26.46,62.60385571,1.016552,43659.6478034491,1563031970218,0.498863967375473,8563,9029,30.9050592800001,24.7566071828591,24.6908200585403,22.9274006000001,24.4392025114137,24.932343420661,2.549914855604,0.665066587624285,27.39614429,"{""type"":""MultiPoint"",""coordinates"":[]}",2019-07-13 15:32:50,"LC08_013030_20190713",24.92,0.137404512298542,1.5,0,24.935,6,NA,NA,NA,NA,NA,NA,NA,NA,NA,NA,NA,NA,NA,NA,NA,NA,24.935,24.92,0.137404512298541,6,NA,NA,NA,NA,NA,NA,NA,NA,NA,NA,NA,NA,NA,NA,NA,NA,2019-07-13,"LS 8",2,"07","194","P",8,"P",0.5,"P"
161,"2_1_LC08_013030_20190729",137.95031611,15.71,59.91697256,1.0153943,43675.6478686111,1564414375848,0.785610253422662,13485,14157,34.66146326,25.6940680475353,25.5625068044374,24.03142106,25.3188522200375,25.8068318824803,2.77006054103047,0.805341369143921,30.08302744,"{""type"":""MultiPoint"",""coordinates"":[]}",2019-07-29 15:32:55,"LC08_013030_20190729",25.8516666666667,0.169282800858993,1.5,0,25.87,6,NA,NA,NA,NA,NA,NA,NA,NA,NA,NA,NA,NA,NA,NA,NA,NA,25.87,25.8516666666667,0.169282800858994,6,NA,NA,NA,NA,NA,NA,NA,NA,NA,NA,NA,NA,NA,NA,NA,NA,2019-07-29,"LS 8",2,"07","210","P",10.7,"F",0.5,"P"
162,"1_2_1_LE07_013030_20190806",135.24104759,12,56.61412127,1.014301,43683.6392124884,1565104827959,0.833906204485872,14314,15178,30.35817608,23.819207216154,23.9418319827257,22.38735344,23.5618147133294,23.9418319827257,2.84067434967865,0.684642601928768,33.38587873,"{""type"":""MultiPoint"",""coordinates"":[]}",2019-08-06 15:20:27,"LE07_013030_20190806",25.3633333333333,0.122746350930146,1.5,0,25.395,6,NA,NA,NA,NA,NA,NA,NA,NA,NA,NA,NA,NA,NA,NA,NA,NA,25.395,25.3633333333333,0.122746350930147,6,NA,NA,NA,NA,NA,NA,NA,NA,NA,NA,NA,NA,NA,NA,NA,NA,2019-08-06,"LS 7",2,"08","218","P",8,"P",0.299999999999997,"P"
163,"2_1_LC08_013030_20190814",142.73684021,33.61,56.28906615,1.0130034,43691.6479353935,1565796781618,0.564870375764637,9696,10410,33.75226994,23.5637492200911,24.1937351408775,15.29154392,22.3101842536767,24.68077713707,-0.240449041134765,1.76422502071194,33.71093385,"{""type"":""MultiPoint"",""coordinates"":[]}",2019-08-14 15:33:01,"LC08_013030_20190814",23.6466666666667,0.143061758225834,1.5,0,23.625,6,NA,NA,NA,NA,NA,NA,NA,NA,NA,NA,NA,NA,NA,NA,NA,NA,23.625,23.6466666666667,0.143061758225834,6,NA,NA,NA,NA,NA,NA,NA,NA,NA,NA,NA,NA,NA,NA,NA,NA,2019-08-14,"LS 8",2,"08","226","P",18.5,"F",2.4,"P"
164,"1_2_1_LE07_013030_20190822",140.40007468,61,52.6495023,1.0114615,43699.6387472338,1566487187761,0.622837168657151,10691,11222,34.7264056400001,25.7070047882329,25.3873887648484,23.6280947,25.3590086065103,25.9457465887504,2.11682753251943,0.857510733308237,37.3504977,"{""type"":""MultiPoint"",""coordinates"":[]}",2019-08-22 15:19:47,"LE07_013030_20190822",24.13,0.0554977477020455,1.5,0,24.115,6,NA,NA,NA,NA,NA,NA,NA,NA,NA,NA,NA,NA,NA,NA,NA,NA,24.115,24.13,0.0554977477020456,6,NA,NA,NA,NA,NA,NA,NA,NA,NA,NA,NA,NA,NA,NA,NA,NA,2019-08-22,"LS 7",2,"08","234","P",11.1,"F",0.5,"P"
165,"2_1_LC08_013030_20190830",148.16000071,42.99,51.8490072,1.0097658,43707.6479795833,1567179185436,0.879813574133411,15102,16001,30.1223327,22.4892984171309,22.4345164050293,21.07825178,22.3140178413051,22.5570063688171,3.41390519321837,0.628799397861111,38.1509928,"{""type"":""MultiPoint"",""coordinates"":[]}",2019-08-30 15:33:05,"LC08_013030_20190830",22.81,0.0328633534503134,1.5,0,22.815,6,NA,NA,NA,NA,NA,NA,NA,NA,NA,NA,NA,NA,NA,NA,NA,NA,22.815,22.81,0.0328633534503121,6,NA,NA,NA,NA,NA,NA,NA,NA,NA,NA,NA,NA,NA,NA,NA,NA,2019-08-30,"LS 8",2,"08","242","P",9,"P",0.300000000000001,"P"
166,"1_2_1_LE07_013030_20190907",145.82302021,8,47.98254106,1.0077679,43715.6382677431,1567869546333,0.757005534517914,12994,13748,26.1300853400001,20.069888669831,20.0870758464452,16.54253924,19.7113284833018,20.4702904485568,0.490955947112902,0.519009342538535,42.01745894,"{""type"":""MultiPoint"",""coordinates"":[]}",2019-09-07 15:19:06,"LE07_013030_20190907",20.6333333333333,0.0366969571853944,1.5,0,20.635,6,NA,NA,NA,NA,NA,NA,NA,NA,NA,NA,NA,NA,NA,NA,NA,NA,20.635,20.6333333333333,0.0366969571853944,6,NA,NA,NA,NA,NA,NA,NA,NA,NA,NA,NA,NA,NA,NA,NA,NA,2019-09-07,"LS 7",2,"09","250","P",9.6,"P",0.800000000000001,"P"
167,"2_1_LC08_013030_20190915",153.39389515,15.63,46.75536879,1.0056728,43723.6480366667,1568561590368,0.78450334983979,13466,14134,23.37516122,18.3614036183494,18.3111540164242,16.41949052,18.194568176934,18.434743851805,3.25181868999309,0.497578498353723,43.24463121,"{""type"":""MultiPoint"",""coordinates"":[]}",2019-09-15 15:33:10,"LC08_013030_20190915",19.1666666666667,0.0206559111797724,1.5,0,19.165,6,NA,NA,NA,NA,NA,NA,NA,NA,NA,NA,NA,NA,NA,NA,NA,NA,19.165,19.1666666666667,0.020655911179772,6,NA,NA,NA,NA,NA,NA,NA,NA,NA,NA,NA,NA,NA,NA,NA,NA,2019-09-15,"LS 8",2,"09","258","P",7,"P",0.199999999999999,"P"
168,"1_2_1_LE07_013030_20191009",154.86056528,63,37.3191507,0.9989185,43747.6373161574,1570634264116,0.835537430818526,14342,15230,18.39510608,14.7929393673267,14.9763886065721,12.51611168,14.6485704351783,14.9763886065721,0.547817874568815,0.399194280751944,52.6808493,"{""type"":""MultiPoint"",""coordinates"":[]}",2019-10-09 15:17:44,"LE07_013030_20191009",15.5383333333333,0.0132916013582519,1.5,0,15.54,6,NA,NA,NA,NA,NA,NA,NA,NA,NA,NA,NA,NA,NA,NA,NA,NA,15.54,15.5383333333333,0.0132916013582524,6,NA,NA,NA,NA,NA,NA,NA,NA,NA,NA,NA,NA,NA,NA,NA,NA,2019-10-09,"LS 7",2,"10","282","P",5.9,"P",0.4,"P"
169,"2_1_LC08_013030_20191102",163.17651547,1.41,30.42773039,0.9922924,43771.6481132176,1572708796982,1,17165,18205,11.9213762000001,10.0306288017113,10.1868584109793,6.30556934000003,9.94405293644616,10.3076009913186,-1.65237010969643,0.597102961514705,59.57226961,"{""type"":""MultiPoint"",""coordinates"":[]}",2019-11-02 15:33:16,"LC08_013030_20191102",12.01,0.0419523539268058,1.5,0,12.005,6,NA,NA,NA,NA,NA,NA,NA,NA,NA,NA,NA,NA,NA,NA,NA,NA,12.005,12.01,0.0419523539268057,6,NA,NA,NA,NA,NA,NA,NA,NA,NA,NA,NA,NA,NA,NA,NA,NA,2019-11-02,"LS 8",2,"11","306","P",5.6,"P",0.4,"P"
171,"1_2_1_LE07_013030_20200520",129.64352364,0,58.80676326,1.0120347,43971.6292125463,1589987163964,0.849461112729391,14581,15490,24.7218611,12.9972542974735,12.8415664756307,10.4003573,12.4833993060359,13.5335121181123,2.17102102266805,1.5078086654147,31.19323674,"{""type"":""MultiPoint"",""coordinates"":[]}",2020-05-20 15:06:03,"LE07_013030_20200520",12.1233333333333,0.0891440781357164,1.5,0,12.12,6,NA,NA,NA,NA,NA,NA,NA,NA,NA,NA,NA,NA,NA,NA,NA,NA,12.12,12.1233333333333,0.0891440781357161,6,NA,NA,NA,NA,NA,NA,NA,NA,NA,NA,NA,NA,NA,NA,NA,NA,2020-05-20,"LS 7",2,"05","141","P",14.3,"F",1,"P"
172,"1_2_1_LE07_013030_20200621",122.96927887,11,60.27403909,1.016285,44003.6279069444,1592751851160,0.771977861928343,13251,13991,36.44908772,25.0666774048439,25.0656076321524,19.14023444,24.5673174920473,25.5623932150894,1.22350476305598,1.4556919198296,29.72596091,"{""type"":""MultiPoint"",""coordinates"":[]}",2020-06-21 15:04:11,"LE07_013030_20200621",23.7783333333333,0.182692820512099,1.5,0,23.745,6,NA,NA,NA,NA,NA,NA,NA,NA,NA,NA,NA,NA,NA,NA,NA,NA,23.745,23.7783333333333,0.182692820512099,6,NA,NA,NA,NA,NA,NA,NA,NA,NA,NA,NA,NA,NA,NA,NA,NA,2020-06-21,"LS 7",2,"06","173","P",17.3,"F",1,"P"
173,"2_1_LC08_013030_20200715",135.10824417,67.71,62.20153096,1.0164583,44027.6477564931,1594827166161,0.43530439848529,7472,7832,29.55152336,25.1062997107316,25.1899039804526,21.04407158,24.8163998143019,25.4284444104299,0.811912696107869,0.655343688863632,27.79846904,"{""type"":""MultiPoint"",""coordinates"":[]}",2020-07-15 15:32:46,"LC08_013030_20200715",24.89,0.170762993649093,1.5,0,24.87,6,NA,NA,NA,NA,NA,NA,NA,NA,NA,NA,NA,NA,NA,NA,NA,NA,24.87,24.89,0.170762993649093,6,NA,NA,NA,NA,NA,NA,NA,NA,NA,NA,NA,NA,NA,NA,NA,NA,2020-07-15,"LS 8",2,"07","197","P",8.6,"P",0.599999999999998,"P"
174,"2_1_LC08_013030_20200731",138.64445649,6.71,59.34214938,1.0150009,44043.6478065394,1596209570485,0.994581998252258,17072,18105,33.58478696,25.6681578654466,25.558364400497,24.7936395200001,25.4441894537508,25.6816508761461,3.89428232864625,0.614200645621454,30.65785062,"{""type"":""MultiPoint"",""coordinates"":[]}",2020-07-31 15:32:50,"LC08_013030_20200731",25.4733333333333,0.0488535225614976,1.5,0,25.48,6,NA,NA,NA,NA,NA,NA,NA,NA,NA,NA,NA,NA,NA,NA,NA,NA,25.48,25.4733333333333,0.0488535225614988,6,NA,NA,NA,NA,NA,NA,NA,NA,NA,NA,NA,NA,NA,NA,NA,NA,2020-07-31,"LS 8",2,"07","213","P",8.8,"P",0.300000000000001,"P"
175,"1_2_1_LE07_013030_20200824",134.72439763,21,49.49579227,1.0108827,44067.6251524653,1598281213173,0.819341683658608,14064,14916,32.8020603800001,23.511108057644,23.6710148359783,22.17201818,23.172552895702,23.6710148359783,2.42825879131734,0.8173331271417,40.50420773,"{""type"":""MultiPoint"",""coordinates"":[]}",2020-08-24 15:00:13,"LE07_013030_20200824",24.0716666666667,0.032506409624363,1.5,0,24.055,6,NA,NA,NA,NA,NA,NA,NA,NA,NA,NA,NA,NA,NA,NA,NA,NA,24.055,24.0716666666667,0.0325064096243616,6,NA,NA,NA,NA,NA,NA,NA,NA,NA,NA,NA,NA,NA,NA,NA,NA,2020-08-24,"LS 7",2,"08","237","P",10.6,"F",0.5,"P"
176,"1_2_1_LE07_013030_20200909",140.27453906,39,44.94950325,1.0070785,44083.624424838,1599663550306,0.846956015147102,14538,15449,27.0119345000001,18.3176339231975,18.4806167861187,14.85403736,17.6897347928433,18.894376424837,0.679252926409991,1.00569063923523,45.05049675,"{""type"":""MultiPoint"",""coordinates"":[]}",2020-09-09 14:59:10,"LE07_013030_20200909",21.1866666666667,0.0265832027165005,1.5,0,21.195,6,NA,NA,NA,NA,NA,NA,NA,NA,NA,NA,NA,NA,NA,NA,NA,NA,21.195,21.1866666666667,0.0265832027165015,6,NA,NA,NA,NA,NA,NA,NA,NA,NA,NA,NA,NA,NA,NA,NA,NA,2020-09-09,"LS 7",2,"09","253","P",12.1,"F",1.2,"P"
177,"2_1_LC08_013030_20200917",154.20373542,60.95,45.82093315,1.0049697,44091.6480232176,1600356789206,0.870375764637343,14940,15708,21.43030784,15.3657223432537,15.5655023910499,7.84026032000003,13.9362087037574,17.3121352473187,-0.664765979598436,2.17873284391854,44.17906685,"{""type"":""MultiPoint"",""coordinates"":[]}",2020-09-17 15:33:09,"LC08_013030_20200917",19.3866666666667,0.0206559111797705,1.5,0,19.38,6,NA,NA,NA,NA,NA,NA,NA,NA,NA,NA,NA,NA,NA,NA,NA,NA,19.38,19.3866666666667,0.0206559111797715,6,NA,NA,NA,NA,NA,NA,NA,NA,NA,NA,NA,NA,NA,NA,NA,NA,2020-09-17,"LS 8",2,"09","261","P",13.6,"F",3.4,"F"
178,"1_2_1_LE07_013030_20200925",145.35730653,7,39.91006948,1.0027235,44099.6236915278,1601045886948,0.830760267987183,14260,15145,24.1066175,17.752439657176,17.794829533753,16.3477121,17.3213666339853,17.794829533753,2.85521156830718,0.723187054376404,50.08993052,"{""type"":""MultiPoint"",""coordinates"":[]}",2020-09-25 14:58:06,"LE07_013030_20200925",17.1233333333333,0.0504645089807361,1.5,0,17.135,6,NA,NA,NA,NA,NA,NA,NA,NA,NA,NA,NA,NA,NA,NA,NA,NA,17.135,17.1233333333333,0.0504645089807367,6,NA,NA,NA,NA,NA,NA,NA,NA,NA,NA,NA,NA,NA,NA,NA,NA,2020-09-25,"LS 7",2,"09","269","P",7.8,"P",0.5,"P"
179,"2_1_LC08_013030_20201003",158.48897662,51.92,40.2786207,1.0003969,44107.6480661227,1601739192913,0.447305563646956,7678,8205,16.16313902,14.6583008859387,15.185922720483,5.42713820000006,14.1899371938397,15.5650149573169,-1.90643887008689,1.47520373729805,49.7213793,"{""type"":""MultiPoint"",""coordinates"":[]}",2020-10-03 15:33:12,"LC08_013030_20201003",17.4283333333333,0.0457893728573195,1.5,0,17.41,6,NA,NA,NA,NA,NA,NA,NA,NA,NA,NA,NA,NA,NA,NA,NA,NA,17.41,17.4283333333333,0.0457893728573185,6,NA,NA,NA,NA,NA,NA,NA,NA,NA,NA,NA,NA,NA,NA,NA,NA,2020-10-03,"LS 8",2,"10","277","P",10.8,"F",1.4,"P"
180,"1_2_1_LE07_013030_20201011",149.50651063,3,34.62749344,0.9981451,44115.6229869444,1602428226072,0.814622778910574,13983,14839,17.3047577,14.2239094793462,14.423862144601,9.91499845999999,14.0906164819969,14.423862144601,-1.07223640348123,0.494224135532499,55.37250656,"{""type"":""MultiPoint"",""coordinates"":[]}",2020-10-11 14:57:06,"LE07_013030_20201011",14.895,0.0408656334834034,0.75,0,14.89,6,NA,NA,NA,NA,NA,NA,NA,NA,NA,NA,NA,NA,NA,NA,NA,NA,NA,NA,NA,NA,14.89,14.895,0.0408656334834039,6,NA,NA,NA,NA,NA,NA,NA,NA,NA,NA,NA,NA,2020-10-11,"LS 7",2,"10","285","P",7.4,"P",0.300000000000001,"P"
