"date","LSmission","month","doy","temp_avg","t_stdev","depth_avg","d_stdev","temp_med","insitu_count","HerrickCoveSouth_median","HerrickCoveSouth_mean","HerrickCoveSouth_std","HerrickCoveSouth_count","Newbury_median","Newbury_mean","Newbury_std","Newbury_count","NorthSunapeeHarbor_median","NorthSunapeeHarbor_mean","NorthSunapeeHarbor_std","NorthSunapeeHarbor_count","SouthOfTheFells_median","SouthOfTheFells_mean","SouthOfTheFells_std","SouthOfTheFells_count","loon_median","loon_mean","loon_std","loon_count","harbor_median","harbor_mean","harbor_std","harbor_count","GeorgesMills_median","GeorgesMills_mean","GeorgesMills_std","GeorgesMills_count","HerrickCove_median","HerrickCove_mean","HerrickCove_std","HerrickCove_count","StateBeach_median","StateBeach_mean","StateBeach_std","StateBeach_count","system:index","cloud_cover","earthsun_d","l_exceltime","pixel_count","sunazi","sunelev","surface_temp_max","surface_temp_mean","surface_temp_median","surface_temp_min","surface_temp_p25","surface_temp_p75","surface_temp_skew","surface_temp_stdDev","vapor_source",".geo","collection","freeze_QAQC","temp_spread","spread_QAQC","IQR","IQR_QAQC"
2006-09-11,"LS 5","09","254",18.93,NA,1.5,NA,18.93,1,18.93,18.93,NA,1,NA,NA,NA,NA,NA,NA,NA,NA,NA,NA,NA,NA,NA,NA,NA,NA,NA,NA,NA,NA,NA,NA,NA,NA,NA,NA,NA,NA,NA,NA,NA,NA,"1_1_2_1_LT05_013030_20060911",3,1.0066447,38971.6434978935,16780,149.88598224,47.44752268,21.77894588,15.7130467446198,15.8400243466831,11.92479422,15.1543309219692,16.3673787112223,-0.11512031242747,0.885142485877284,"NCEP","{""type"":""MultiPoint"",""coordinates"":[]}",2,"P",9.9,"P",1.2,"P"
2007-07-12,"LS 5","07","193",21.07,0.661110177403637,1.5,0,20.9,4,22.01,22.01,NA,1,20.83,20.83,NA,1,20.97,20.97,NA,1,20.47,20.47,NA,1,NA,NA,NA,NA,NA,NA,NA,NA,NA,NA,NA,NA,NA,NA,NA,NA,NA,NA,NA,NA,"1_1_2_1_LT05_013030_20070712",15,1.0165832,39275.6434687847,9759,131.99929322,61.91173813,31.85526884,21.3595172121846,21.3505730482346,19.0035136400001,20.7664191133427,21.9546182432435,1.51189479819857,1.04506361808772,"NCEP","{""type"":""MultiPoint"",""coordinates"":[]}",2,"P",12.9,"F",1.2,"P"
2007-08-05,"LS 7","08","217",24.9225,0.579676633995197,1.5,0,24.97,4,25.42,25.42,NA,1,25.42,25.42,NA,1,24.52,24.52,NA,1,24.33,24.33,NA,1,NA,NA,NA,NA,NA,NA,NA,NA,NA,NA,NA,NA,NA,NA,NA,NA,NA,NA,NA,NA,"1_2_1_LE07_013030_20070805",0,1.0144331,39299.6409673148,14640,135.72512738,57.13146774,30.17702102,24.6077605441772,24.6545362344696,21.9190847,24.3131310733324,24.6545362344696,2.78032554069089,0.496133167803243,"NCEP","{""type"":""MultiPoint"",""coordinates"":[]}",2,"P",8.3,"P",0.399999999999999,"P"
2007-08-13,"LS 5","08","225",23.7525,0.377392368762275,1.5,0,23.745,4,24.21,24.21,NA,1,23.85,23.85,NA,1,23.31,23.31,NA,1,23.64,23.64,NA,1,NA,NA,NA,NA,NA,NA,NA,NA,NA,NA,NA,NA,NA,NA,NA,NA,NA,NA,NA,NA,"1_1_2_1_LT05_013030_20070813",49,1.0131619,39307.6432451389,13639,139.75161244,55.7917812,32.1218744,24.0020530755992,24.0171336795249,21.72083954,23.3946792113692,24.1562896923968,2.11008422673069,0.851335699986476,"NCEP","{""type"":""MultiPoint"",""coordinates"":[]}",2,"P",10.4,"F",0.800000000000001,"P"
2007-09-14,"LS 5","09","257",19.643,0.200779038303858,0.9,0.516397779494322,19.75,10,19.71,19.71,NA,1,19.37,19.37,NA,1,19.67,19.67,NA,1,19.18,19.18,NA,1,19.75,19.75,0,6,NA,NA,NA,NA,NA,NA,NA,NA,NA,NA,NA,NA,NA,NA,NA,NA,"1_1_2_1_LT05_013030_20070914",30,1.0059195,39339.643047419,17132,150.54677068,46.49819316,25.49433362,19.332277956595,19.1325947991996,18.38485202,18.9895812414676,19.7348788455646,2.57021563529923,0.533740215041523,"NCEP","{""type"":""MultiPoint"",""coordinates"":[]}",2,"P",7.1,"P",0.699999999999999,"P"
2007-11-25,"LS 7","11","329",5.96,0.0489897948556632,0.583333333333333,0.204124145231932,5.94,6,NA,NA,NA,NA,NA,NA,NA,NA,NA,NA,NA,NA,NA,NA,NA,NA,5.94,5.96,0.0489897948556632,6,NA,NA,NA,NA,NA,NA,NA,NA,NA,NA,NA,NA,NA,NA,NA,NA,"1_2_1_LE07_013030_20071125",37,0.9871101,39411.6410390278,14923,161.08497004,23.81064777,6.22353686000002,4.19105860285017,4.45033918897747,0.34796048000004,4.08306292178528,4.45033918897747,-1.47272266912325,0.575691271868534,"NCEP","{""type"":""MultiPoint"",""coordinates"":[]}",2,"P",5.9,"P",0.4,"P"
2008-05-11,"LS 5","05","132",10.1283333333333,0.0904249228181407,0.5,0,10.09,6,NA,NA,NA,NA,NA,NA,NA,NA,NA,NA,NA,NA,NA,NA,NA,NA,10.09,10.1283333333333,0.09042492281814,6,NA,NA,NA,NA,NA,NA,NA,NA,NA,NA,NA,NA,NA,NA,NA,NA,"1_1_2_1_LT05_013030_20080511",0,1.0101572,39579.6399402778,17134,137.91458057,59.17399627,23.63151272,11.2810293066571,10.8035114610529,9.00580514000001,10.2535427546453,11.7454900693048,2.1319844680883,1.71948994707879,"NCEP","{""type"":""MultiPoint"",""coordinates"":[]}",2,"P",14.6,"F",1.4,"P"
2008-06-12,"LS 5","06","164",20.35,0.041952353926806,0.5,0,20.35,6,NA,NA,NA,NA,NA,NA,NA,NA,NA,NA,NA,NA,NA,NA,NA,NA,20.35,20.35,0.0419523539268061,6,NA,NA,NA,NA,NA,NA,NA,NA,NA,NA,NA,NA,NA,NA,NA,NA,"1_1_2_1_LT05_013030_20080612",1,1.015551,39611.6393478125,17134,130.20899042,62.82824199,28.5158633,20.5223902791813,20.3268142345238,16.7578745,19.7988393048633,21.4594188713396,0.0378157630919687,1.30740669024905,"NCEP","{""type"":""MultiPoint"",""coordinates"":[]}",2,"P",11.7,"F",1.7,"P"
2008-07-06,"LS 7","07","188",23.437,0.786201133439924,0.9,0.516397779494322,23.91,10,23.34,23.34,NA,1,21.99,21.99,NA,1,23.14,23.14,NA,1,22.13,22.13,NA,1,23.975,23.9616666666667,0.0483390801181266,6,NA,NA,NA,NA,NA,NA,NA,NA,NA,NA,NA,NA,NA,NA,NA,NA,"1_2_1_LE07_013030_20080706",27,1.0166967,39635.6405555903,14068,129.5362263,61.85412354,33.29083724,25.0998335068988,25.1623090513382,21.88832252,24.7637388438312,25.5762712064074,2.07727035011859,1.02054146621052,"NCEP","{""type"":""MultiPoint"",""coordinates"":[]}",2,"P",11.4,"F",0.800000000000001,"P"
2008-08-15,"LS 5","08","228",21.9,0.134494940012212,0.9,0.516397779494322,21.925,10,21.84,21.84,NA,1,22.16,22.16,NA,1,21.8,21.8,NA,1,21.63,21.63,NA,1,21.94,21.9283333333333,0.0278687399547707,6,NA,NA,NA,NA,NA,NA,NA,NA,NA,NA,NA,NA,NA,NA,NA,NA,"1_1_2_1_LT05_013030_20080815",70,1.0126687,39675.6380559144,4671,137.85106299,54.17313488,24.25359236,18.3779226850354,18.3673702119038,14.93606984,17.6912854887569,19.0171188793454,-0.0793536941398261,1.17477558115071,"NCEP","{""type"":""MultiPoint"",""coordinates"":[]}",2,"P",9.4,"P",1.3,"P"
2008-08-23,"LS 7","08","236",22.362,0.583929219455006,0.9,0.516397779494322,22.665,10,22.51,22.51,NA,1,21.49,21.49,NA,1,21.47,21.47,NA,1,21.63,21.63,NA,1,22.75,22.7533333333333,0.0850098033562397,6,NA,NA,NA,NA,NA,NA,NA,NA,NA,NA,NA,NA,NA,NA,NA,NA,"1_2_1_LE07_013030_20080823",6,1.0110754,39683.6402728125,14850,141.63443424,52.39040003,32.53887284,22.8510836446992,22.6840393411761,21.4439799200001,22.2751067873953,23.0898943312823,2.82829779775702,0.850196744451833,"NCEP","{""type"":""MultiPoint"",""coordinates"":[]}",2,"P",11.1,"F",0.800000000000001,"P"
2008-08-31,"LS 5","08","244",21.261,0.339720473330648,0.9,0.516397779494322,21.195,10,22.01,22.01,NA,1,21.49,21.49,NA,1,21.3,21.3,NA,1,20.63,20.63,NA,1,21.19,21.1966666666667,0.0121106014163887,6,NA,NA,NA,NA,NA,NA,NA,NA,NA,NA,NA,NA,NA,NA,NA,NA,"1_1_2_1_LT05_013030_20080831",6,1.0092744,39691.6377624074,12726,143.34253844,49.79288004,29.75660456,21.4897117263192,21.4347745140361,18.87362888,21.2924732785684,21.8922211041752,2.43657706035849,0.705480269788846,"NCEP","{""type"":""MultiPoint"",""coordinates"":[]}",2,"P",10.9,"F",0.599999999999998,"P"
2008-09-08,"LS 7","09","252",21.327,0.224353391871942,0.9,0.516397779494322,21.355,10,21.51,21.51,NA,1,21.33,21.33,NA,1,21.63,21.63,NA,1,20.79,20.79,NA,1,21.325,21.335,0.0882609766544661,6,NA,NA,NA,NA,NA,NA,NA,NA,NA,NA,NA,NA,NA,NA,NA,NA,"1_2_1_LE07_013030_20080908",12,1.0072977,39699.6401819444,9465,147.18656929,47.67072441,26.3625107,20.6004983798796,20.6949805647364,17.61921554,20.3253251455344,20.712763021946,1.44644378079162,0.528706854954515,"NCEP","{""type"":""MultiPoint"",""coordinates"":[]}",2,"P",8.8,"P",0.399999999999999,"P"
2008-10-10,"LS 7","10","284",14.82,0.04,0.5,0,14.8,6,NA,NA,NA,NA,NA,NA,NA,NA,NA,NA,NA,NA,NA,NA,NA,NA,14.8,14.82,0.0400000000000002,6,NA,NA,NA,NA,NA,NA,NA,NA,NA,NA,NA,NA,NA,NA,NA,NA,"1_2_1_LE07_013030_20081010",0,0.9983859,39731.6399206829,15002,156.32908491,36.99332606,20.19982064,14.906417045764,14.7002684153045,13.9721882,14.6866518469232,15.0370066715124,3.47941986907995,0.492436975263306,"NCEP","{""type"":""MultiPoint"",""coordinates"":[]}",2,"P",6.2,"P",0.300000000000001,"P"
2008-10-18,"LS 5","10","292",13.9,0.0244948974278318,0.5,0,13.905,6,NA,NA,NA,NA,NA,NA,NA,NA,NA,NA,NA,NA,NA,NA,NA,NA,13.905,13.9,0.0244948974278313,6,NA,NA,NA,NA,NA,NA,NA,NA,NA,NA,NA,NA,NA,NA,NA,NA,"1_1_2_1_LT05_013030_20081018",9,0.9961141,39739.6367281944,16020,156.56749226,33.98145804,15.2539457,11.3570896730224,11.8424445857045,4.47009260000004,10.7831013054045,12.3677909092358,-1.3986457803761,1.62189240171129,"NCEP","{""type"":""MultiPoint"",""coordinates"":[]}",2,"P",10.8,"F",1.6,"P"
2008-10-26,"LS 7","10","300",12.0583333333333,0.191876696518017,0.666666666666667,0.408248290463863,11.98,6,NA,NA,NA,NA,NA,NA,NA,NA,NA,NA,NA,NA,NA,NA,NA,NA,11.98,12.0583333333333,0.191876696518017,6,NA,NA,NA,NA,NA,NA,NA,NA,NA,NA,NA,NA,NA,NA,NA,NA,"1_2_1_LE07_013030_20081026",3,0.9939112,39747.6401120718,14882,159.20371333,31.67713164,16.81256282,11.9513012251924,11.9138516581599,10.46188166,11.8950366915673,11.9138516581599,3.45438564839651,0.442439150815626,"NCEP","{""type"":""MultiPoint"",""coordinates"":[]}",2,"P",6.3,"P",0,"P"
2008-11-27,"LS 7","11","332",4.69666666666667,0.0196638416050037,0.5,0,4.69,6,NA,NA,NA,NA,NA,NA,NA,NA,NA,NA,NA,NA,NA,NA,NA,NA,4.69,4.69666666666667,0.0196638416050038,6,NA,NA,NA,NA,NA,NA,NA,NA,NA,NA,NA,NA,NA,NA,NA,NA,"1_2_1_LE07_013030_20081127",60,0.9866177,39779.6404206366,13582,160.83076556,23.21967927,6.97208324000002,3.58543873233699,3.82078565535685,-1.57638478000001,3.44754774628665,3.82078565535685,-1.49955637016946,0.689342667637462,"NCEP","{""type"":""MultiPoint"",""coordinates"":[]}",2,"F",8.6,"P",0.4,"P"
2009-05-22,"LS 7","05","142",14.41875,1.02851401129424,1.5,0,14.48,8,15.7,15.7,0,2,14.65,14.65,0.113137084989848,2,13.01,13.01,0,2,14.315,14.315,0.106066017177984,2,NA,NA,NA,NA,NA,NA,NA,NA,NA,NA,NA,NA,NA,NA,NA,NA,NA,NA,NA,NA,"1_2_1_LE07_013030_20090522",7,1.0123974,39955.6412065278,14436,135.96067735,61.41612282,26.57784596,13.2227796316619,12.9248490743115,8.66400313999998,12.1471923080569,13.7521828034959,1.63545603450655,2.03422513159068,"NCEP","{""type"":""MultiPoint"",""coordinates"":[]}",2,"P",17.9,"F",1.7,"P"
2009-05-30,"LS 5","05","150",13.88875,0.663269768430829,1.5,0,14.085,8,14.59,14.59,0,2,12.95,12.95,0.113137084989848,2,14.24,14.24,0,2,13.775,13.775,0.219203102167831,2,NA,NA,NA,NA,NA,NA,NA,NA,NA,NA,NA,NA,NA,NA,NA,NA,NA,NA,NA,NA,"1_1_2_1_LT05_013030_20090530",50,1.0137994,39963.6395335764,9691,133.12551622,62.15374484,26.7726731,16.1608358793774,15.9458778619191,14.63528408,15.2951052637902,16.5913995140258,2.10810549068616,1.4844262043681,"NCEP","{""type"":""MultiPoint"",""coordinates"":[]}",2,"P",12.2,"F",1.3,"P"
2009-09-03,"LS 5","09","246",21.6957142857143,0.760078075804506,1.28571428571429,0.256776295506548,21.41,14,21.17,21.17,0,2,21.41,21.41,0.113137084989849,2,20.725,20.725,0.120208152801711,2,21.045,21.045,0.120208152801718,2,22.5,22.5066666666667,0.122746350930147,6,NA,NA,NA,NA,NA,NA,NA,NA,NA,NA,NA,NA,NA,NA,NA,NA,"1_1_2_1_LT05_013030_20090903",53,1.0086151,40059.6406263889,6199,145.83840504,49.46065009,23.74430738,12.5127382882744,12.0813845247191,7.14298424000003,10.692535426535,14.269494510246,0.485958369403774,2.45688754618062,"NCEP","{""type"":""MultiPoint"",""coordinates"":[]}",2,"P",16.6,"F",3.6,"F"
2009-09-19,"LS 5","09","262",17.7871428571429,0.211166306003605,1.28571428571429,0.256776295506548,17.89,14,17.61,17.61,0,2,17.51,17.51,0.113137084989849,2,17.89,17.89,0,2,17.56,17.56,0,2,17.975,17.98,0.0244948974278339,6,NA,NA,NA,NA,NA,NA,NA,NA,NA,NA,NA,NA,NA,NA,NA,NA,"1_1_2_1_LT05_013030_20090919",14,1.0044302,40075.6407741204,9874,151.19207559,44.38442029,18.93173522,16.2745234047203,16.6960002208793,11.36423894,15.8099703151617,16.8390970454668,-1.44174367543249,0.96747830551488,"NCEP","{""type"":""MultiPoint"",""coordinates"":[]}",2,"P",7.5,"P",1,"P"
2009-10-05,"LS 5","10","278",15.2783333333333,0.0204124145231934,1,0,15.27,6,NA,NA,NA,NA,NA,NA,NA,NA,NA,NA,NA,NA,NA,NA,NA,NA,15.27,15.2783333333333,0.0204124145231939,6,NA,NA,NA,NA,NA,NA,NA,NA,NA,NA,NA,NA,NA,NA,NA,NA,"1_1_2_1_LT05_013030_20091005",66,0.9998961,40091.6409036806,4706,155.65796847,38.96546805,18.46346648,14.3155437876426,14.4283163203794,10.6054385,13.8249288933894,15.0291632062673,-0.230232519325587,0.84567937068632,"NCEP","{""type"":""MultiPoint"",""coordinates"":[]}",2,"P",7.9,"P",1.2,"P"
2009-10-21,"LS 5","10","294",11.4816666666667,0.0343025752191677,1,0,11.49,6,NA,NA,NA,NA,NA,NA,NA,NA,NA,NA,NA,NA,NA,NA,NA,NA,11.49,11.4816666666667,0.0343025752191676,6,NA,NA,NA,NA,NA,NA,NA,NA,NA,NA,NA,NA,NA,NA,NA,NA,"1_1_2_1_LT05_013030_20091021",36,0.9953496,40107.6410132639,12535,158.89959364,33.53601388,16.75103846,10.9809725959893,10.8558550587859,9.55268834000003,10.7277062176489,11.4931663004013,2.10581588181379,0.826121629622709,"NCEP","{""type"":""MultiPoint"",""coordinates"":[]}",2,"P",7.2,"P",0.800000000000001,"P"
2009-11-22,"LS 5","11","326",8.52666666666667,0.0458984386081559,1,0,8.535,6,NA,NA,NA,NA,NA,NA,NA,NA,NA,NA,NA,NA,NA,NA,NA,NA,8.535,8.52666666666667,0.045898438608156,6,NA,NA,NA,NA,NA,NA,NA,NA,NA,NA,NA,NA,NA,NA,NA,NA,"1_1_2_1_LT05_013030_20091122",27,0.9875894,40139.6411766204,17133,161.29596051,24.42046622,11.13864962,7.53941309158919,7.71726061616353,6.17910260000002,7.30363799415835,7.86074972863716,1.89161179828334,0.435949526279449,"NCEP","{""type"":""MultiPoint"",""coordinates"":[]}",2,"P",4.9,"P",0.600000000000001,"P"
2010-06-02,"LS 5","06","153",20.43,0.742308710862416,1.2,0.258198889747161,20.9,10,19.71,19.71,NA,1,20.67,20.67,NA,1,18.86,18.86,NA,1,19.66,19.66,NA,1,20.9,20.9,0,6,NA,NA,NA,NA,NA,NA,NA,NA,NA,NA,NA,NA,NA,NA,NA,NA,"1_1_2_1_LT05_013030_20100602",4,1.0142216,40331.6413813542,15474,133.53642009,62.74109899,32.38506194,21.7218200456108,21.6659841502305,19.12656236,21.0056167179811,22.4600500585776,1.7017223192215,1.28772003620587,"NCEP","{""type"":""MultiPoint"",""coordinates"":[]}",2,"P",13.3,"F",1.5,"P"
2010-06-18,"LS 5","06","169",18.861,0.868925901456633,1.2,0.258198889747161,19.515,10,18.09,18.09,NA,1,17.91,17.91,NA,1,17.89,17.89,NA,1,17.56,17.56,NA,1,19.52,19.5266666666667,0.0216024689946942,6,NA,NA,NA,NA,NA,NA,NA,NA,NA,NA,NA,NA,NA,NA,NA,NA,"1_1_2_1_LT05_013030_20100618",5,1.0160488,40347.6413324306,16910,130.6832996,63.26365956,29.20972136,17.3122145216962,17.4470341833561,10.42428344,16.2276363803803,18.6490158989998,0.343562801164239,2.48486405235,"NCEP","{""type"":""MultiPoint"",""coordinates"":[]}",2,"P",18.8,"F",2.4,"P"
2010-07-12,"LS 7","07","193",25.39,0.461591449949701,1.2,0.258198889747161,25.585,10,25.59,25.59,NA,1,25.07,25.07,NA,1,25.56,25.56,NA,1,24.16,24.16,NA,1,25.59,25.5866666666667,0.0163299316185583,6,NA,NA,NA,NA,NA,NA,NA,NA,NA,NA,NA,NA,NA,NA,NA,NA,"1_2_1_LE07_013030_20100712",25,1.0165742,40371.6424396065,5707,131.44896681,61.67453959,32.82598652,25.4736171376318,25.5209103139971,18.40877816,25.0811899243487,26.3808875646237,-0.557954749145236,1.45803028835599,"NCEP","{""type"":""MultiPoint"",""coordinates"":[]}",2,"P",14.4,"F",1.3,"P"
2010-08-29,"LS 7","08","241",21.538,0.358571238854057,1.2,0.258198889747161,21.725,10,21.67,21.67,NA,1,21.49,21.49,NA,1,20.97,20.97,NA,1,20.79,20.79,NA,1,21.74,21.7433333333333,0.0216024689946905,6,NA,NA,NA,NA,NA,NA,NA,NA,NA,NA,NA,NA,NA,NA,NA,NA,"1_2_1_LE07_013030_20100829",0,1.0098616,40419.642474213,14770,144.92147483,51.2765677,32.36455382,21.8529374521882,21.7647373672882,20.52795056,21.356299938511,22.1732389861498,3.01197260389448,1.13509164652361,"NCEP","{""type"":""MultiPoint"",""coordinates"":[]}",2,"P",11.9,"F",0.800000000000001,"P"
2010-09-06,"LS 5","09","249",20.533,0.844104390595277,1.2,0.258198889747161,19.975,10,21.84,21.84,NA,1,21.99,21.99,NA,1,20.97,20.97,NA,1,20.96,20.96,NA,1,19.94,19.9283333333333,0.0538206899497439,6,NA,NA,NA,NA,NA,NA,NA,NA,NA,NA,NA,NA,NA,NA,NA,NA,"1_1_2_1_LT05_013030_20100906",28,1.0079366,40427.6410730671,14013,146.95940977,48.65947916,25.96260236,20.5687717832755,20.7302886920732,16.5938095400001,20.1677607516064,21.1431994823613,-0.716717353415646,0.871840579800551,"NCEP","{""type"":""MultiPoint"",""coordinates"":[]}",2,"P",9.4,"P",0.900000000000002,"P"
2010-09-14,"LS 7","09","257",18.24,0.855258245599927,1.2,0.258198889747161,17.635,10,19.54,19.54,NA,1,19.04,19.04,NA,1,19.51,19.51,NA,1,18.69,18.69,NA,1,17.605,17.6033333333333,0.0338624669312027,6,NA,NA,NA,NA,NA,NA,NA,NA,NA,NA,NA,NA,NA,NA,NA,NA,"1_2_1_LE07_013030_20100914",61,1.00586,40435.6424882407,8017,150.31899714,46.3166553,22.04213342,17.8233582849738,18.3313615469741,10.57809434,17.9376341907775,18.7270467207004,-2.01837626161577,1.40233047332343,"NCEP","{""type"":""MultiPoint"",""coordinates"":[]}",2,"P",11.4,"F",0.800000000000001,"P"
2010-10-08,"LS 5","10","281",14.9033333333333,0.0273252020425583,1,0,14.895,6,NA,NA,NA,NA,NA,NA,NA,NA,NA,NA,NA,NA,NA,NA,NA,NA,14.895,14.9033333333333,0.027325202042558,6,NA,NA,NA,NA,NA,NA,NA,NA,NA,NA,NA,NA,NA,NA,NA,NA,"1_1_2_1_LT05_013030_20101008",3,0.9991087,40459.6409143981,17134,156.24245596,37.99198895,20.28527114,15.1687660380416,15.167480640524,14.43020288,15.0306871462851,15.167480640524,3.09904029412746,0.47598560589327,"NCEP","{""type"":""MultiPoint"",""coordinates"":[]}",2,"P",5.9,"P",0.199999999999999,"P"
2011-05-12,"LS 7","05","132",10.65,0.0309838667696587,0.5,0,10.63,6,NA,NA,NA,NA,NA,NA,NA,NA,NA,NA,NA,NA,NA,NA,NA,NA,10.63,10.65,0.0309838667696584,6,NA,NA,NA,NA,NA,NA,NA,NA,NA,NA,NA,NA,NA,NA,NA,NA,"1_2_1_LE07_013030_20110512",25,1.0102063,40675.6433872685,13934,139.95139381,59.86502579,23.46402974,11.5257816910676,11.4282530200123,8.29485698000002,10.6583418599738,12.1804486080704,2.04394719687444,1.60641882130864,"NCEP","{""type"":""MultiPoint"",""coordinates"":[]}",2,"P",15.2,"F",1.5,"P"
2011-06-21,"LS 5","06","172",21.21,0.638887922704584,0.92,0.559364719024081,21.47,10,21.18,21.18,NA,1,21.83,21.83,NA,1,20.32,20.32,NA,1,19.83,19.83,NA,1,21.53,21.49,0.15582040944626,6,NA,NA,NA,NA,NA,NA,NA,NA,NA,NA,NA,NA,NA,NA,NA,NA,"1_1_2_1_LT05_013030_20110621",3,1.0162461,40715.6404082986,17134,129.85707336,63.01580496,30.6692159,21.3050789216996,21.0698739943266,19.70762576,20.3195853211377,21.6755578083453,1.96196133330222,1.24762975544939,"NCEP","{""type"":""MultiPoint"",""coordinates"":[]}",2,"P",11,"F",1.4,"P"
2011-06-29,"LS 7","06","180",20.642,0.89981232611152,0.92,0.559364719024081,20.87,10,22.01,22.01,NA,1,19.86,19.86,NA,1,18.7,18.7,NA,1,21.13,21.13,NA,1,20.87,20.7866666666667,0.365768597157638,6,NA,NA,NA,NA,NA,NA,NA,NA,NA,NA,NA,NA,NA,NA,NA,NA,"1_2_1_LE07_013030_20110629",49,1.0166218,40723.6433432755,13846,131.1982263,63.20412934,32.10136628,22.27654857565,22.1210255756404,20.3638856,21.6777587649715,22.5617032214557,2.17420181699859,1.1070174852699,"NCEP","{""type"":""MultiPoint"",""coordinates"":[]}",2,"P",11.7,"F",0.900000000000002,"P"
2011-07-07,"LS 5","07","188",23.496,0.740483325643161,0.92,0.559364719024081,23.6,10,24.21,24.21,NA,1,24.38,24.38,NA,1,21.64,21.64,NA,1,23.13,23.13,NA,1,23.6,23.6,0,6,NA,NA,NA,NA,NA,NA,NA,NA,NA,NA,NA,NA,NA,NA,NA,NA,"1_1_2_1_LT05_013030_20110707",16,1.0166933,40731.6403385069,4976,129.69343806,61.86865653,28.4475029,22.2736611409249,21.9386628560129,20.06309984,21.7942194779939,22.5525610315896,1.11599977084399,0.952383236122047,"NCEP","{""type"":""MultiPoint"",""coordinates"":[]}",2,"P",8.3,"P",0.800000000000001,"P"
2011-07-15,"LS 7","07","196",23.756,0.34632033982684,0.92,0.559364719024081,23.6,10,24.03,24.03,NA,1,24.55,24.55,NA,1,23.32,23.32,NA,1,23.99,23.99,NA,1,23.6,23.6116666666667,0.0285773803324702,6,NA,NA,NA,NA,NA,NA,NA,NA,NA,NA,NA,NA,NA,NA,NA,NA,"1_2_1_LE07_013030_20110715",16,1.0164594,40739.6433435301,14840,132.33631963,61.46996744,35.0066832800001,25.0165403163888,24.6327260780174,23.42984954,24.2328575769439,25.8384551775097,1.50205696955264,1.09715648881493,"NCEP","{""type"":""MultiPoint"",""coordinates"":[]}",2,"P",11.6,"F",1.6,"P"
2011-07-31,"LS 7","07","212",24.503,0.235940199579847,0.92,0.559364719024081,24.55,10,24.73,24.73,NA,1,24.72,24.72,NA,1,24,24,NA,1,24.16,24.16,NA,1,24.55,24.57,0.0309838667696636,6,NA,NA,NA,NA,NA,NA,NA,NA,NA,NA,NA,NA,NA,NA,NA,NA,"1_2_1_LE07_013030_20110731",12,1.0150966,40755.6433047917,15182,135.8011344,58.69336407,32.77471622,24.1437996346124,23.9172134925773,22.7906798,23.8848871135194,24.2773432607951,3.51426698237125,0.752747886452412,"NCEP","{""type"":""MultiPoint"",""coordinates"":[]}",2,"P",10,"P",0.400000000000002,"P"
2011-10-11,"LS 5","10","284",17.07,0.282063822565037,0.5,0,17.22,6,NA,NA,NA,NA,NA,NA,NA,NA,NA,NA,NA,NA,NA,NA,NA,NA,17.22,17.07,0.282063822565037,6,NA,NA,NA,NA,NA,NA,NA,NA,NA,NA,NA,NA,NA,NA,NA,NA,"1_1_2_1_LT05_013030_20111011",1,0.9983227,40827.6395409838,17134,156.3268844,36.93492219,21.3722015,15.8494418840301,15.866061484297,15.1855853,15.7158800212142,15.866061484297,3.38592785850062,0.457292594801683,"NCEP","{""type"":""MultiPoint"",""coordinates"":[]}",2,"P",6.2,"P",0.200000000000001,"P"
2011-11-04,"LS 7","11","308",10.2533333333333,0.0250333111406909,1.5,0,10.255,6,NA,NA,NA,NA,NA,NA,NA,NA,NA,NA,NA,NA,NA,NA,NA,NA,NA,NA,NA,NA,10.255,10.2533333333333,0.0250333111406912,6,NA,NA,NA,NA,NA,NA,NA,NA,NA,NA,NA,NA,"1_2_1_LE07_013030_20111104",16,0.9917652,40851.6432741435,13970,161.45083653,29.45775357,11.93504828,9.20122579275573,9.26076578842556,1.26740786000005,8.91971735511048,9.5959161868842,-2.58484862076945,0.606835927535016,"NCEP","{""type"":""MultiPoint"",""coordinates"":[]}",2,"P",10.6,"F",0.699999999999999,"P"
2011-11-12,"LS 5","11","316",9.405,0.0281069386451098,1.5,0,9.395,6,NA,NA,NA,NA,NA,NA,NA,NA,NA,NA,NA,NA,NA,NA,NA,NA,NA,NA,NA,NA,9.395,9.405,0.0281069386451098,6,NA,NA,NA,NA,NA,NA,NA,NA,NA,NA,NA,NA,"1_1_2_1_LT05_013030_20111112",32,0.9898324,40859.6391913542,17016,160.39132198,26.82625862,9.94917866000003,8.10620836653931,8.14510170830445,3.87877514000002,8.00511194969298,8.56892410846689,-1.6706184832283,0.567353998392479,"NCEP","{""type"":""MultiPoint"",""coordinates"":[]}",2,"P",6,"P",0.6,"P"
2012-06-15,"LS 7","06","167",20.38,0.573701432221791,0.82,0.421109645262767,20.615,10,19.38,19.38,NA,1,20.34,20.34,NA,1,19.99,19.99,NA,1,19.5,19.5,NA,1,20.71,20.765,0.170146995271735,6,NA,NA,NA,NA,NA,NA,NA,NA,NA,NA,NA,NA,NA,NA,NA,NA,"1_2_1_LE07_013030_20120615",0,1.0158358,41075.6439702662,14958,132.62309677,63.82087721,29.83521902,20.3301514786314,20.2911319936279,18.83944868,19.9267237305608,20.6501112530866,2.62329179010391,1.0364105820171,"NCEP","{""type"":""MultiPoint"",""coordinates"":[]}",2,"P",11,"F",0.800000000000001,"P"
2012-08-18,"LS 7","08","231",24.59,0.27471197037382,0.82,0.421109645262767,24.71,10,24.89,24.89,NA,1,24.37,24.37,NA,1,24.34,24.34,NA,1,23.98,23.98,NA,1,24.74,24.72,0.030983866769658,6,NA,NA,NA,NA,NA,NA,NA,NA,NA,NA,NA,NA,NA,NA,NA,NA,"1_2_1_LE07_013030_20120818",36,1.0121038,41139.6444889236,9602,142.40647683,54.52697828,30.9597476,25.0488873575869,25.0360564097488,17.31159374,24.6368685056492,25.4354390865145,1.06740950683654,0.590148915315678,"NCEP","{""type"":""MultiPoint"",""coordinates"":[]}",2,"P",13.7,"F",0.799999999999997,"P"
2012-09-03,"LS 7","09","247",22.681,0.335739647809297,0.82,0.421109645262767,22.81,10,22.51,22.51,NA,1,22.83,22.83,NA,1,22.63,22.63,NA,1,21.79,21.79,NA,1,22.85,22.8416666666667,0.0483390801181256,6,NA,NA,NA,NA,NA,NA,NA,NA,NA,NA,NA,NA,NA,NA,NA,NA,"1_2_1_LE07_013030_20120903",1,1.0085604,41155.6446061806,15310,147.98201552,49.95617242,29.1584510600001,21.6539639766493,21.513925972281,20.75353988,21.4963209194838,21.8727183771072,3.46857484122183,0.590768914759614,"NCEP","{""type"":""MultiPoint"",""coordinates"":[]}",2,"P",8.4,"P",0.399999999999999,"P"
2012-09-19,"LS 7","09","263",19.39,0.325303277300156,0.82,0.421109645262767,19.52,10,19.54,19.54,NA,1,18.88,18.88,NA,1,19.67,19.67,NA,1,18.69,18.69,NA,1,19.52,19.52,0,6,NA,NA,NA,NA,NA,NA,NA,NA,NA,NA,NA,NA,NA,NA,NA,NA,"1_2_1_LE07_013030_20120919",9,1.0043688,41171.6446963542,15023,153.1829561,44.78675316,24.43816544,18.995127289924,19.177058052593,13.60987808,18.8414324016314,19.177058052593,-0.0532238718300593,0.477448620299962,"NCEP","{""type"":""MultiPoint"",""coordinates"":[]}",2,"P",10.8,"F",0.399999999999999,"P"
2012-11-06,"LS 7","11","311",11.1483333333333,0.0147196014438794,1.5,0,11.145,6,NA,NA,NA,NA,NA,NA,NA,NA,NA,NA,NA,NA,NA,NA,NA,NA,NA,NA,NA,NA,11.145,11.1483333333333,0.0147196014438797,6,NA,NA,NA,NA,NA,NA,NA,NA,NA,NA,NA,NA,"1_2_1_LE07_013030_20121106",0,0.9910839,41219.6449504745,15166,162.29822492,28.7801346,10.99509278,9.42963345514159,9.46432455572325,3.05503232000001,9.12674183539408,9.81187842424151,-1.96406328687013,0.888300926418002,"NCEP","{""type"":""MultiPoint"",""coordinates"":[]}",2,"P",7.9,"P",0.700000000000001,"P"
2012-11-22,"LS 7","11","327",8.075,0.0403732584763729,1.5,0,8.075,6,NA,NA,NA,NA,NA,NA,NA,NA,NA,NA,NA,NA,NA,NA,NA,NA,NA,NA,NA,NA,8.075,8.075,0.0403732584763729,6,NA,NA,NA,NA,NA,NA,NA,NA,NA,NA,NA,NA,"1_2_1_LE07_013030_20121122",0,0.9875474,41235.6450577778,15284,162.69163844,24.67119631,10.3935212600001,6.7044345981006,6.63786866080496,4.02916802000004,6.63786866080496,6.99582797165188,0.544390924689954,0.467707790248266,"NCEP","{""type"":""MultiPoint"",""coordinates"":[]}",2,"P",6.4,"P",0.4,"P"
2013-05-01,"LS 7","05","121",9.36666666666667,0.0150554530541819,1.5,0,9.37,6,NA,NA,NA,NA,NA,NA,NA,NA,NA,NA,NA,NA,NA,NA,NA,NA,NA,NA,NA,NA,9.37,9.36666666666667,0.0150554530541817,6,NA,NA,NA,NA,NA,NA,NA,NA,NA,NA,NA,NA,"1_2_1_LE07_013030_20130501",0,1.0076833,41395.6450047801,14831,143.24660547,57.49223022,28.48851914,12.6897591254593,12.6419730428598,8.18548034000003,11.5408956018437,13.7317662028433,1.17864024007756,2.3570159469102,"NCEP","{""type"":""MultiPoint"",""coordinates"":[]}",2,"P",20.3,"F",2.2,"P"
2013-05-17,"LS 7","05","137",12.19,0.0244948974278313,0.5,0,12.2,6,NA,NA,NA,NA,NA,NA,NA,NA,NA,NA,NA,NA,NA,NA,NA,NA,12.2,12.19,0.0244948974278314,6,NA,NA,NA,NA,NA,NA,NA,NA,NA,NA,NA,NA,NA,NA,NA,NA,"1_2_1_LE07_013030_20130517",34,1.0113929,41411.6449770833,9466,139.53267734,61.25221336,23.05044932,12.6398915724369,12.570466838288,9.93550658000004,12.1943919962876,12.942666128507,1.89249091132703,1.14749363066033,"NCEP","{""type"":""MultiPoint"",""coordinates"":[]}",2,"P",13.2,"F",0.700000000000001,"P"
2013-08-05,"LS 7","08","217",22.498,0.307419366121699,0.89,0.50651313463281,22.6,10,22.76,22.76,NA,1,22.49,22.49,NA,1,22.48,22.48,NA,1,21.65,21.65,NA,1,22.6,22.6,0,6,NA,NA,NA,NA,NA,NA,NA,NA,NA,NA,NA,NA,NA,NA,NA,NA,"1_2_1_LE07_013030_20130805",0,1.0143674,41491.6445485648,14812,138.06841884,57.74016306,28.57738766,21.9739462127893,21.7276853512935,17.79011654,21.4081375905924,22.2602541042619,0.903885335815073,0.711796668223119,"NCEP","{""type"":""MultiPoint"",""coordinates"":[]}",2,"P",10.8,"F",0.900000000000002,"P"
2013-09-06,"LS 7","09","249",21.664,0.375653504649637,1.49,0.0567646212197547,21.915,10,21.59,21.59,NA,1,21.16,21.16,NA,1,21.31,21.31,NA,1,20.99,20.99,NA,1,21.935,21.9316666666667,0.0147196014438793,6,NA,NA,NA,NA,NA,NA,NA,NA,NA,NA,NA,NA,NA,NA,NA,NA,"1_2_1_LE07_013030_20130906",2,1.0078805,41523.6447572106,15420,148.99936779,49.1201076,27.05295074,20.1547397270287,20.5180497270946,14.57375972,19.8437321793402,20.8367800740102,-1.10124895243544,1.07635079309617,"NCEP","{""type"":""MultiPoint"",""coordinates"":[]}",2,"P",12.5,"F",1,"P"
2013-09-30,"LS 8","09","273",17.2266666666667,0.0301109061083613,1,0.547722557505166,17.235,6,NA,NA,NA,NA,NA,NA,NA,NA,NA,NA,NA,NA,NA,NA,NA,NA,17.235,17.2266666666667,0.0301109061083619,6,NA,NA,NA,NA,NA,NA,NA,NA,NA,NA,NA,NA,NA,NA,NA,NA,"2_1_LC08_013030_20130930",3.88,1.0013445,41547.6491485301,14874,158.19667165,41.54173133,23.6622749000001,17.7048493793396,17.6511361202449,15.92729564,17.5494766486288,17.8491477018549,3.55978357629435,0.507834827946694,"MODIS","{""type"":""MultiPoint"",""coordinates"":[]}",2,"P",7.8,"P",0.300000000000001,"P"
2013-10-08,"LS 7","10","281",16.43,0.0660302960768749,1,0.547722557505166,16.425,6,NA,NA,NA,NA,NA,NA,NA,NA,NA,NA,NA,NA,NA,NA,NA,NA,16.425,16.43,0.0660302960768749,6,NA,NA,NA,NA,NA,NA,NA,NA,NA,NA,NA,NA,NA,NA,NA,NA,"1_2_1_LE07_013030_20131008",1,0.9990453,41555.6450158796,15337,158.17658584,38.34535341,19.83751052,15.715168332168,15.6203151944683,13.45606718,15.6203151944683,15.9508967289825,1.06042653670423,0.404541146171641,"NCEP","{""type"":""MultiPoint"",""coordinates"":[]}",2,"P",6.3,"P",0.4,"P"
2014-08-08,"LS 7","08","220",22.968,0.229482509621588,1.05,0.481317635939788,23.04,10,22.93,22.93,NA,1,22.66,22.66,NA,1,23.14,23.14,NA,1,22.48,22.48,NA,1,23.04,23.0783333333333,0.0858875233469149,6,NA,NA,NA,NA,NA,NA,NA,NA,NA,NA,NA,NA,NA,NA,NA,NA,"1_2_1_LE07_013030_20140808",13,1.0139557,41859.6462164815,13851,139.87010269,57.40529035,29.44214672,23.0061083389478,22.7649627342269,20.31603332,22.7649627342269,23.1685601394782,2.0593791877837,0.664879392923732,"NCEP","{""type"":""MultiPoint"",""coordinates"":[]}",2,"P",9.1,"P",0.399999999999999,"P"
2014-09-17,"LS 8","09","260",18.103,1.75580972140428,1.05,0.481317635939788,18.98,10,18.66,18.66,NA,1,18.39,18.39,NA,1,14.57,14.57,NA,1,15.05,15.05,NA,1,19.01,19.06,0.10507140429251,6,NA,NA,NA,NA,NA,NA,NA,NA,NA,NA,NA,NA,NA,NA,NA,NA,"2_1_LC08_013030_20140917",15.91,1.0050675,41899.6479346991,13297,154.00900596,45.99582689,23.2008422,18.0215953903307,18.1457060919468,14.60110388,17.7499314154019,18.4544832085648,-0.850650237098275,0.597213937240125,"MODIS","{""type"":""MultiPoint"",""coordinates"":[]}",2,"P",8.6,"P",0.800000000000001,"P"
2014-10-03,"LS 8","10","276",17.5483333333333,0.101275202624665,0.833333333333333,0.516397779494322,17.5,6,NA,NA,NA,NA,NA,NA,NA,NA,NA,NA,NA,NA,NA,NA,NA,NA,17.5,17.5483333333333,0.101275202624665,6,NA,NA,NA,NA,NA,NA,NA,NA,NA,NA,NA,NA,NA,NA,NA,NA,"2_1_LC08_013030_20141003",0.02,1.0005507,41915.6479685301,17134,158.31998501,40.45809409,20.92444088,16.6750627669802,16.6509698641886,15.4248467,16.5512542024187,16.8478536426981,3.14452908471353,0.33006278703292,"MODIS","{""type"":""MultiPoint"",""coordinates"":[]}",2,"P",5.5,"P",0.199999999999999,"P"
2014-10-27,"LS 7","10","300",12.658,0.104943370972689,1.5,0,12.6,10,NA,NA,NA,NA,NA,NA,NA,NA,NA,NA,NA,NA,NA,NA,NA,NA,12.7385,12.7625,0.0924355631417573,4,12.59,12.5883333333333,0.0116904519445002,6,NA,NA,NA,NA,NA,NA,NA,NA,NA,NA,NA,NA,"1_2_1_LE07_013030_20141027",40,0.9937933,41939.6465296412,9402,161.97132063,32.13336148,14.3823506,11.5534360334974,11.8941939234708,4.30944566000005,11.1731643527732,11.915343355722,-2.07728930905798,0.774655578356991,"NCEP","{""type"":""MultiPoint"",""coordinates"":[]}",2,"P",10.1,"P",0.700000000000001,"P"
2014-11-20,"LS 8","11","324",6.8792,0.0746678571333669,1.5,0,6.915,10,NA,NA,NA,NA,NA,NA,NA,NA,NA,NA,NA,NA,NA,NA,NA,NA,6.775,6.8005,0.0510000000000002,4,6.935,6.93166666666667,0.0147196014438795,6,NA,NA,NA,NA,NA,NA,NA,NA,NA,NA,NA,NA,"2_1_LC08_013030_20141120",37.92,0.9880979,41963.6479500579,16667,163.797951,25.45111419,7.04044364000003,5.0924220717609,5.24938460576992,1.24006370000001,4.75318847303766,5.65173478689695,-1.18011401016697,0.737644339759392,"MODIS","{""type"":""MultiPoint"",""coordinates"":[]}",2,"P",5.8,"P",0.9,"P"
2014-11-28,"LS 7","11","332",5.389,0.0527994107711232,1.5,0,5.355,10,NA,NA,NA,NA,NA,NA,NA,NA,NA,NA,NA,NA,NA,NA,NA,NA,5.45,5.45,0,4,5.35,5.34833333333333,0.0075277265270905,6,NA,NA,NA,NA,NA,NA,NA,NA,NA,NA,NA,NA,"1_2_1_LE07_013030_20141128",47,0.9865431,41971.6466911921,7141,163.13995878,23.68242217,4.33678982000004,1.09324424832643,1.5902466298666,-14.53751662,0.483667038572626,2.3403401280756,-1.53511220915307,1.78322324843993,"NCEP","{""type"":""MultiPoint"",""coordinates"":[]}",2,"F",18.8,"F",1.8,"P"
2015-05-07,"LS 7","05","127",11.06575,0.0933929868887384,1.5,0,11.09,4,NA,NA,NA,NA,NA,NA,NA,NA,NA,NA,NA,NA,NA,NA,NA,NA,11.09,11.06575,0.0933929868887387,4,NA,NA,NA,NA,NA,NA,NA,NA,NA,NA,NA,NA,NA,NA,NA,NA,"1_2_1_LE07_013030_20150507",0,1.0090339,42131.647399456,15231,143.52886271,59.35243196,22.7804257400001,11.3738795920401,10.9218686396667,7.59758090000003,10.176400542665,12.3600794591159,1.36982009827535,2.02582658946048,"NCEP","{""type"":""MultiPoint"",""coordinates"":[]}",2,"P",15.2,"F",2.2,"P"
2015-05-23,"LS 7","05","143",13.4375,0.144555640959919,1.5,0,13.4615,4,NA,NA,NA,NA,NA,NA,NA,NA,NA,NA,NA,NA,NA,NA,NA,NA,13.4615,13.4375,0.144555640959918,4,NA,NA,NA,NA,NA,NA,NA,NA,NA,NA,NA,NA,NA,NA,NA,NA,"1_2_1_LE07_013030_20150523",0,1.0124792,42147.64746875,15082,139.78596488,62.64127742,20.70226958,12.8936611245595,12.6941867344668,7.84026032000003,12.3612909552771,13.7456991336261,-0.111499541163233,1.20911670350537,"NCEP","{""type"":""MultiPoint"",""coordinates"":[]}",2,"P",12.9,"F",1.3,"P"
2015-06-24,"LS 7","06","175",20.764,0.712650763776417,1.47,0.0483045891539648,21.135,10,20.97,20.97,NA,1,20.67,20.67,NA,1,19.03,19.03,NA,1,20.01,20.01,NA,1,21.16,21.16,0.0260768096208088,6,NA,NA,NA,NA,NA,NA,NA,NA,NA,NA,NA,NA,NA,NA,NA,NA,"1_2_1_LE07_013030_20150624",13,1.0164187,42179.6475674306,12996,133.98424554,64.32254769,31.43143436,21.0615619523287,21.0721009994234,16.48785092,20.3905851158009,21.7540774828754,1.22052333091203,1.08118923702918,"NCEP","{""type"":""MultiPoint"",""coordinates"":[]}",2,"P",14.9,"F",1.4,"P"
2015-07-02,"LS 8","07","183",20.167,0.758405491072479,1.47,0.0483045891539648,20.57,10,20.32,20.32,NA,1,18.23,18.23,NA,1,20.17,20.17,NA,1,19.52,19.52,NA,1,20.57,20.5716666666667,0.00408248290463811,6,NA,NA,NA,NA,NA,NA,NA,NA,NA,NA,NA,NA,NA,NA,NA,NA,"2_1_LC08_013030_20150702",38.28,1.0166499,42187.6474341782,12895,133.72996396,63.76875145,26.7897632,20.7931225898457,20.8465890278525,17.17145492,20.051409181265,21.4491945484063,0.568337776811415,0.937612957379027,"MODIS","{""type"":""MultiPoint"",""coordinates"":[]}",2,"P",9.6,"P",1.3,"P"
2015-07-10,"LS 7","07","191",22.31,0.499288382489408,1.47,0.0483045891539648,22.58,10,22.63,22.63,NA,1,21.49,21.49,NA,1,22.14,22.14,NA,1,21.32,21.32,NA,1,22.58,22.5866666666667,0.0103279555898878,6,NA,NA,NA,NA,NA,NA,NA,NA,NA,NA,NA,NA,NA,NA,NA,NA,"1_2_1_LE07_013030_20150710",21,1.0166406,42195.647648125,8446,134.27905884,62.9639826,31.35623792,22.4169421388146,22.3879545185201,19.96055924,21.9859977031891,22.7867989333277,1.71357215136962,0.978821890388821,"NCEP","{""type"":""MultiPoint"",""coordinates"":[]}",2,"P",11.4,"F",0.800000000000001,"P"
2015-10-22,"LS 8","10","295",13.221,0.0554256258422041,1.5,0,13.221,4,NA,NA,NA,NA,NA,NA,NA,NA,NA,NA,NA,NA,NA,NA,NA,NA,13.221,13.221,0.0554256258422041,4,NA,NA,NA,NA,NA,NA,NA,NA,NA,NA,NA,NA,NA,NA,NA,NA,"2_1_LC08_013030_20151022",65.01,0.9951999,42299.6478911458,7073,161.84605564,33.96441302,10.20553016,7.17585623981459,7.24743183523172,4.18981496000004,6.74741465297567,7.64760198471202,-0.478941654219076,0.661047366504761,"MODIS","{""type"":""MultiPoint"",""coordinates"":[]}",2,"P",6,"P",0.899999999999999,"P"
2015-10-30,"LS 7","10","303",11.21175,0.0484999999999989,1.5,0,11.236,4,NA,NA,NA,NA,NA,NA,NA,NA,NA,NA,NA,NA,NA,NA,NA,NA,11.236,11.21175,0.0484999999999986,4,NA,NA,NA,NA,NA,NA,NA,NA,NA,NA,NA,NA,NA,NA,NA,NA,"1_2_1_LE07_013030_20151030",32,0.9930649,42307.6481466435,11370,162.93167924,31.38579871,13.35352658,10.1682345570462,10.1237162679978,5.40663008000001,10.1237162679978,10.4754457129912,-1.97578032960732,0.550268271832389,"NCEP","{""type"":""MultiPoint"",""coordinates"":[]}",2,"P",8,"P",0.4,"P"
2015-11-23,"LS 8","11","327",8.282,0,1.5,0,8.282,4,NA,NA,NA,NA,NA,NA,NA,NA,NA,NA,NA,NA,NA,NA,NA,NA,8.282,8.282,0,4,NA,NA,NA,NA,NA,NA,NA,NA,NA,NA,NA,NA,NA,NA,NA,NA,"2_1_LC08_013030_20151123",1.2,0.9874694,42331.6479486343,17134,163.74683602,24.82983673,7.35831949999999,6.25271589717062,6.55101362963661,1.19221142000004,5.95214563947769,6.95061714168265,-1.36844687867799,0.973572277618451,"MODIS","{""type"":""MultiPoint"",""coordinates"":[]}",2,"P",6.2,"P",1,"P"
2016-05-25,"LS 7","05","146",15.205,0.195524934471284,1.5,0,15.28,6,NA,NA,NA,NA,NA,NA,NA,NA,NA,NA,NA,NA,NA,NA,NA,NA,15.28,15.205,0.195524934471284,6,NA,NA,NA,NA,NA,NA,NA,NA,NA,NA,NA,NA,NA,NA,NA,NA,"1_2_1_LE07_013030_20160525",12,1.0129819,42515.6495524537,13259,140.43989064,63.39375297,28.02366842,15.4997947135606,15.7379215941498,9.51509012000002,13.692535807561,16.9291357960416,0.392511864231492,2.5006976508379,"NCEP","{""type"":""MultiPoint"",""coordinates"":[]}",2,"P",18.5,"F",3.2,"F"
2016-06-18,"LS 8","06","170",19.442,0.975167222127113,1.52,0.0788810637746616,19.745,10,17.09,17.09,NA,1,19.53,19.53,NA,1,18.54,18.54,NA,1,19.36,19.36,NA,1,19.935,19.9833333333333,0.296760284854068,6,NA,NA,NA,NA,NA,NA,NA,NA,NA,NA,NA,NA,NA,NA,NA,NA,"2_1_LC08_013030_20160618",1.39,1.0160777,42539.647649294,17134,134.57008546,64.50011369,31.54764704,20.8724796850306,20.5468357220494,18.94198928,20.2559486079645,21.2465817759504,2.10990795822084,1.33564245028441,"MODIS","{""type"":""MultiPoint"",""coordinates"":[]}",2,"P",12.6,"F",0.899999999999999,"P"
2016-07-04,"LS 8","07","186",22.039,0.325079477461539,1.52,0.0788810637746616,22.2,10,21.97,21.97,NA,1,21.99,21.99,NA,1,21.64,21.64,NA,1,21.32,21.32,NA,1,22.245,22.245,0.0512835256198328,6,NA,NA,NA,NA,NA,NA,NA,NA,NA,NA,NA,NA,NA,NA,NA,NA,"2_1_LC08_013030_20160704",0.37,1.0167509,42555.6477583796,17133,134.01464955,63.57486272,31.6604417,22.6527954776866,22.2491406143411,21.6490611200001,22.0507859098575,23.052024173768,2.13706435009579,1.07932961230529,"MODIS","{""type"":""MultiPoint"",""coordinates"":[]}",2,"P",10.1,"P",1,"P"
2016-07-20,"LS 8","07","202",23.391,0.353253135552648,1.52,0.0788810637746616,23.54,10,23.66,23.66,NA,1,23.33,23.33,NA,1,23.14,23.14,NA,1,22.48,22.48,NA,1,23.54,23.55,0.0219089023002076,6,NA,NA,NA,NA,NA,NA,NA,NA,NA,NA,NA,NA,NA,NA,NA,NA,"2_1_LC08_013030_20160720",10.86,1.0160836,42571.6478303125,16922,136.03628261,61.43123596,28.78588688,23.8904617035171,23.7497471589241,22.6368689,23.5494533775227,24.0515850700791,1.73535207287922,0.667387315460626,"MODIS","{""type"":""MultiPoint"",""coordinates"":[]}",2,"P",6.2,"P",0.600000000000001,"P"
2016-08-05,"LS 8","08","218",24.655,0.346674679394578,1.52,0.0788810637746616,24.75,10,24.87,24.87,NA,1,24.37,24.37,NA,1,23.83,23.83,NA,1,24.53,24.53,NA,1,24.805,24.825,0.130038455850569,6,NA,NA,NA,NA,NA,NA,NA,NA,NA,NA,NA,NA,NA,NA,NA,NA,"2_1_LC08_013030_20160805",6.44,1.014357,42587.6478625,11610,140.11159294,58.27156628,26.93673806,19.7495061136819,21.0527734708544,9.5629424,18.5509058550921,21.8463659686818,-1.09316148958739,3.17776201041244,"MODIS","{""type"":""MultiPoint"",""coordinates"":[]}",2,"P",17.3,"F",3.2,"F"
2016-08-29,"LS 7","08","242",23.647,0.252544825504086,1.52,0.0788810637746616,23.69,10,24.17,24.17,NA,1,23.16,23.16,NA,1,23.49,23.49,NA,1,23.49,23.49,NA,1,23.7,23.6933333333333,0.01505545305418,6,NA,NA,NA,NA,NA,NA,NA,NA,NA,NA,NA,NA,NA,NA,NA,NA,"1_2_1_LE07_013030_20160829",21,1.0097582,42611.6497055671,12420,148.94913886,52.16272494,33.97102322,24.22573421038,24.291303529395,20.48009828,23.8793016464498,24.309284696061,2.44573808923174,0.886384353212174,"NCEP","{""type"":""MultiPoint"",""coordinates"":[]}",2,"P",13.5,"F",0.400000000000002,"P"
2016-09-14,"LS 7","09","258",21.934,0.138660256262084,1.52,0.0788810637746616,21.9,10,22.3,22.3,NA,1,21.99,21.99,NA,1,21.81,21.81,NA,1,21.82,21.82,NA,1,21.9,21.9033333333333,0.019663841605002,6,NA,NA,NA,NA,NA,NA,NA,NA,NA,NA,NA,NA,NA,NA,NA,NA,"1_2_1_LE07_013030_20160914",73,1.0057406,42627.6497256713,12107,154.10804203,47.03652514,26.6598784400001,19.9752920724233,20.2255363077395,15.37699442,19.6841097035471,20.7545948988375,-0.652759902344798,1.01254282981237,"NCEP","{""type"":""MultiPoint"",""coordinates"":[]}",2,"P",11.3,"F",1.1,"P"
2016-10-24,"LS 8","10","298",13.5408,0.24608074555587,1.5,0,13.39,10,NA,NA,NA,NA,NA,NA,NA,NA,NA,NA,NA,NA,NA,NA,NA,NA,13.846,13.822,0.0479999999999996,4,13.37,13.3533333333333,0.0467618077780017,6,NA,NA,NA,NA,NA,NA,NA,NA,NA,NA,NA,NA,"2_1_LC08_013030_20161024",22.58,0.9944494,42667.6480870139,14466,162.28449524,33.0642366,14.5224894200001,12.1663267325475,12.3540978119572,8.32561916000003,11.9505367398255,12.5488144799804,-1.43573948411852,0.619339849828487,"MODIS","{""type"":""MultiPoint"",""coordinates"":[]}",2,"P",6.2,"P",0.5,"P"
2017-05-04,"LS 8","05","124",8.74166666666667,0.0453504869507114,1.5,0,8.72,6,NA,NA,NA,NA,NA,NA,NA,NA,NA,NA,NA,NA,NA,NA,NA,NA,NA,NA,NA,NA,8.72,8.74166666666667,0.0453504869507114,6,NA,NA,NA,NA,NA,NA,NA,NA,NA,NA,NA,NA,"2_1_LC08_013030_20170504",20.2,1.0084302,42859.6473540162,15548,144.08742426,58.70404718,15.5513134400001,6.46839366691181,6.65047867417309,-6.88115182000001,5.74987080464106,7.54836738935965,-0.82166399557008,2.04727255350926,"MODIS","{""type"":""MultiPoint"",""coordinates"":[]}",2,"F",22.5,"F",1.8,"P"
2017-06-21,"LS 8","06","172",20.536,0.883493067318584,1.52,0.103279555898864,20.875,10,21.64,21.64,NA,1,18.4,18.4,NA,1,20.01,20.01,NA,1,20.03,20.03,NA,1,20.88,20.88,0.0141421356237293,6,NA,NA,NA,NA,NA,NA,NA,NA,NA,NA,NA,NA,NA,NA,NA,NA,"2_1_LC08_013030_20170621",38.01,1.0162964,42907.6476631829,13930,134.26765186,64.43097667,29.1584510600001,21.6809788024219,21.3446437237209,14.70364448,21.1489569269668,22.3525259744067,0.760003619135866,1.04252003985208,"MODIS","{""type"":""MultiPoint"",""coordinates"":[]}",2,"P",14.5,"F",1.3,"P"
2017-07-23,"LS 8","07","204",24.336,0.284222135348783,1.52,0.103279555898864,24.425,10,24.7,24.7,NA,1,23.68,23.68,NA,1,24.01,24.01,NA,1,24.38,24.38,NA,1,24.435,24.4316666666667,0.0147196014438789,6,NA,NA,NA,NA,NA,NA,NA,NA,NA,NA,NA,NA,NA,NA,NA,NA,"2_1_LC08_013030_20170723",50.68,1.0158982,42939.6477736806,14884,136.58370464,60.94443102,33.23614892,25.6692110823116,25.5478523057912,23.17349804,25.3575368514167,25.7465149062601,2.02620061400328,0.624723780244347,"MODIS","{""type"":""MultiPoint"",""coordinates"":[]}",2,"P",10,"P",0.300000000000001,"P"
2017-08-24,"LS 8","08","236",22.814,0.301522064790548,1.52,0.103279555898864,22.99,10,22.98,22.98,NA,1,22.5,22.5,NA,1,22.31,22.31,NA,1,22.34,22.34,NA,1,22.99,23.0016666666667,0.0204124145231951,6,NA,NA,NA,NA,NA,NA,NA,NA,NA,NA,NA,NA,NA,NA,NA,NA,"2_1_LC08_013030_20170824",22.47,1.010927,42971.647903912,8151,146.22676986,53.44886176,26.6530424,21.5827224405766,21.5487279904492,18.46346648,21.3518846129756,21.9536725046158,0.243927776620579,0.499662014220568,"MODIS","{""type"":""MultiPoint"",""coordinates"":[]}",2,"P",8.2,"P",0.600000000000001,"P"
2017-09-01,"LS 7","09","244",20.145,0.280089271483219,1.52,0.103279555898864,20.325,10,19.84,19.84,NA,1,19.7,19.7,NA,1,20.17,20.17,NA,1,19.71,19.71,NA,1,20.34,20.3383333333333,0.0132916013582502,6,NA,NA,NA,NA,NA,NA,NA,NA,NA,NA,NA,NA,NA,NA,NA,NA,"1_2_1_LE07_013030_20170901",21,1.0091146,42979.6496583449,5151,149.82034806,51.30168087,22.5890166200001,19.1505387993592,19.2329007381151,13.1689535,18.8885770533287,19.5716896795162,-1.57388578325943,0.950402953047837,"NCEP","{""type"":""MultiPoint"",""coordinates"":[]}",2,"P",9.4,"P",0.700000000000003,"P"
2017-09-09,"LS 8","09","252",18.811,0.122424579957531,1.52,0.103279555898864,18.845,10,19.03,19.03,NA,1,18.56,18.56,NA,1,18.71,18.71,NA,1,18.74,18.74,NA,1,18.85,18.845,0.0187082869338679,6,NA,NA,NA,NA,NA,NA,NA,NA,NA,NA,NA,NA,NA,NA,NA,NA,"2_1_LC08_013030_20170909",61.93,1.0070687,42987.6479208449,4509,151.60365988,48.5586222,21.98402708,17.6551857233979,17.6462025610093,14.21828564,17.3523846413685,18.1515358277194,-0.53719699465323,0.632204143436266,"MODIS","{""type"":""MultiPoint"",""coordinates"":[]}",2,"P",7.8,"P",0.800000000000001,"P"
2017-09-17,"LS 7","09","260",21.616,0.666886630378641,1.52,0.103279555898864,21.825,10,20.65,20.65,NA,1,21.33,21.33,NA,1,20.82,20.82,NA,1,20.84,20.84,NA,1,22.055,22.0866666666667,0.290769095102397,6,NA,NA,NA,NA,NA,NA,NA,NA,NA,NA,NA,NA,NA,NA,NA,NA,"1_2_1_LE07_013030_20170917",8,1.004999,42995.6496304977,15177,154.88249609,46.08854595,30.42653648,21.7940600868647,21.9875851175028,19.76231408,21.5593001807275,22.0135692486537,2.17464701348203,0.760478046061674,"NCEP","{""type"":""MultiPoint"",""coordinates"":[]}",2,"P",10.6,"F",0.399999999999999,"P"
2017-10-03,"LS 7","10","276",18.7266666666667,0.0225092573548459,1.5,0,18.73,6,NA,NA,NA,NA,NA,NA,NA,NA,NA,NA,NA,NA,NA,NA,NA,NA,18.73,18.7266666666667,0.0225092573548451,6,NA,NA,NA,NA,NA,NA,NA,NA,NA,NA,NA,NA,NA,NA,NA,NA,"1_2_1_LE07_013030_20171003",4,1.0004927,43011.6496478356,13619,159.09341814,40.51219885,23.56657034,17.8794284825062,17.8783097859313,14.7275706200001,17.5095245132833,18.2637218926407,2.11901816147123,0.460499160958333,"NCEP","{""type"":""MultiPoint"",""coordinates"":[]}",2,"P",8.9,"P",0.800000000000001,"P"
2017-10-11,"LS 8","10","284",18.0533333333333,0.0121106014163901,1.5,0,18.055,6,NA,NA,NA,NA,NA,NA,NA,NA,NA,NA,NA,NA,NA,NA,NA,NA,18.055,18.0533333333333,0.0121106014163889,6,NA,NA,NA,NA,NA,NA,NA,NA,NA,NA,NA,NA,NA,NA,NA,NA,"2_1_LC08_013030_20171011",67.15,0.9981547,43019.6480397338,8267,160.11483282,37.56598033,19.37607782,14.6609839716378,15.9524252705413,-0.00409558000001198,13.450917168203,16.9485617305173,-1.46825279261624,3.08406484591217,"MODIS","{""type"":""MultiPoint"",""coordinates"":[]}",2,"F",19.4,"F",3.4,"F"
2017-11-04,"LS 7","11","308",13.075,0.00999999999999979,1.5,0,13.08,4,NA,NA,NA,NA,NA,NA,NA,NA,NA,NA,NA,NA,NA,NA,NA,NA,13.08,13.075,0.00999999999999949,4,NA,NA,NA,NA,NA,NA,NA,NA,NA,NA,NA,NA,NA,NA,NA,NA,"1_2_1_LE07_013030_20171104",54,0.9916552,43043.6496691435,12408,163.87946937,29.76898669,9.2553206,6.16429801536693,6.14647025208253,1.01789240000005,5.41717098749832,6.85917416460042,-0.425062339298653,1.05434752641616,"NCEP","{""type"":""MultiPoint"",""coordinates"":[]}",2,"P",8.3,"P",1.5,"P"
2017-11-12,"LS 8","11","316",10.225,0.00999999999999979,1.5,0,10.22,4,NA,NA,NA,NA,NA,NA,NA,NA,NA,NA,NA,NA,NA,NA,NA,NA,10.22,10.225,0.00999999999999954,4,NA,NA,NA,NA,NA,NA,NA,NA,NA,NA,NA,NA,NA,NA,NA,NA,"2_1_LC08_013030_20171112",28.47,0.9897209,43051.6480249653,17134,163.71901035,27.38811643,9.19721426000001,8.05048950467308,8.25220073923356,3.13364678000005,7.75223112431515,8.65301242594704,-1.33517555994481,0.955555253463615,"MODIS","{""type"":""MultiPoint"",""coordinates"":[]}",2,"P",6.1,"P",0.899999999999999,"P"
2017-11-28,"LS 8","11","332",6.23,0.0115470053837928,1.5,0,6.23,4,NA,NA,NA,NA,NA,NA,NA,NA,NA,NA,NA,NA,NA,NA,NA,NA,6.23,6.23,0.0115470053837929,4,NA,NA,NA,NA,NA,NA,NA,NA,NA,NA,NA,NA,NA,NA,NA,NA,"2_1_LC08_013030_20171128",49.63,0.9864813,43067.6479498264,16792,163.57854245,23.72063951,3.36949016000005,1.40364323119961,1.55085217875591,-3.35717319999998,1.05175713030099,2.05106855911142,-1.19732237655092,0.914920765507984,"MODIS","{""type"":""MultiPoint"",""coordinates"":[]}",2,"F",6.8,"P",1,"P"
2018-05-23,"LS 8","05","143",14.35,0.0100000000000025,0.85,0,14.35,3,NA,NA,NA,NA,NA,NA,NA,NA,NA,NA,NA,NA,NA,NA,NA,NA,14.35,14.35,0.010000000000002,3,NA,NA,NA,NA,NA,NA,NA,NA,NA,NA,NA,NA,NA,NA,NA,NA,"2_1_LC08_013030_20180523",0.29,1.0125102,43243.6470848958,17134,139.42024726,62.59185055,27.24094184,15.7857602584717,15.5531827224087,14.24221178,14.8508922963444,16.1477405962129,1.91968447291025,1.57174124146952,"MODIS","{""type"":""MultiPoint"",""coordinates"":[]}",2,"P",13,"F",1.2,"P"
2018-07-10,"LS 8","07","191",25.0953571428571,0.793330915695929,0.4,0.567156650905785,24.93,28,25.56,25.56,NA,1,24.72,24.72,NA,1,24.18,24.18,NA,1,23.86,23.86,NA,1,24.03,24.1966666666667,0.306768099167219,6,NA,NA,NA,NA,24.79,24.82,0.0935948716543799,6,26.1,26.1166666666667,0.0752772652709075,6,25.755,25.5916666666667,0.372151402881497,6,"2_1_LC08_013030_20180710",24.33,1.016655,43291.647242662,14121,134.11927854,62.86432354,35.55356648,25.0695799181696,24.9462093836986,12.77929922,24.5519476162043,25.6464501061916,0.394440747849763,1.42908931272964,"MODIS","{""type"":""MultiPoint"",""coordinates"":[]}",2,"P",22.8,"F",1,"P"
2018-07-18,"LS 7","07","199",24.8689285714286,0.633235894760159,0.4,0.567156650905785,25.035,28,25.04,25.04,NA,1,23.51,23.51,NA,1,24.18,24.18,NA,1,23.52,23.52,NA,1,24.14,24.2233333333333,0.169901932498326,6,NA,NA,NA,NA,25.075,25.0916666666667,0.116175155117894,6,25.51,25.5433333333333,0.0516397779494313,6,25.12,25.155,0.2873847595124,6,"1_2_1_LE07_013030_20180718",2,1.0162793,43299.6471967245,15102,135.09932315,61.68721521,32.46025838,24.5184368088178,24.4417974879134,21.66956924,24.0931788066736,24.9429224632832,0.713150160786094,0.781996769262866,"NCEP","{""type"":""MultiPoint"",""coordinates"":[]}",2,"P",10.8,"F",0.799999999999997,"P"
2018-08-19,"LS 7","08","231",24.3317857142857,0.369825319841364,0.678571428571429,0.532365192713328,24.4,28,24.17,24.17,NA,1,23.51,23.51,NA,1,24.35,24.35,NA,1,23.86,23.86,NA,1,23.8,23.9133333333333,0.199465953652914,6,NA,NA,NA,NA,24.74,24.74,0.0632455532033685,6,24.595,24.595,0.0492950301754641,6,24.3,24.3183333333333,0.11839200423452,6,"1_2_1_LE07_013030_20180819",19,1.0120151,43331.6467901852,14607,143.7430742,54.70633965,28.9226076800001,23.3388792038262,23.3823101619743,20.77746602,23.0409662333624,23.4154875161034,3.11237368168172,0.476771521346384,"NCEP","{""type"":""MultiPoint"",""coordinates"":[]}",2,"P",8.1,"P",0.399999999999999,"P"
2018-09-04,"LS 7","09","247",24.5064285714286,0.710639848804579,0.485714285714286,0.544306752915891,24.45,28,24.69,24.69,NA,1,24.02,24.02,NA,1,23.66,23.66,NA,1,23.68,23.68,NA,1,23.6,23.9616666666667,0.600280489993358,6,NA,NA,NA,NA,24.595,24.6116666666667,0.15841927492154,6,24.3,24.2366666666667,0.142220486100516,6,25.755,25.545,0.486158410397269,6,"1_2_1_LE07_013030_20180904",24,1.0084507,43347.6465603241,9154,149.0863873,50.0208082,29.9172515,22.6804821297229,22.5773202490808,19.16074256,22.1199437065474,23.0578478900884,1.30395860300132,0.866126993939007,"NCEP","{""type"":""MultiPoint"",""coordinates"":[]}",2,"P",10.7,"F",1,"P"
2018-10-14,"LS 8","10","287",15.4133333333333,0.0115470053837923,0.85,0,15.42,3,NA,NA,NA,NA,NA,NA,NA,NA,NA,NA,NA,NA,NA,NA,NA,NA,15.42,15.4133333333333,0.0115470053837925,3,NA,NA,NA,NA,NA,NA,NA,NA,NA,NA,NA,NA,NA,NA,NA,NA,"2_1_LC08_013030_20181014",11.47,0.9974157,43387.6477298495,17069,160.51838499,36.58507033,15.50346116,13.5808671067354,14.1525849302516,5.71766990000003,13.2507167691919,14.3544053819535,-2.12376183767715,1.34792867451839,"MODIS","{""type"":""MultiPoint"",""coordinates"":[]}",2,"P",9.8,"P",1.1,"P"
2018-10-22,"LS 7","10","295",11.44,0,1.5,0,11.44,4,NA,NA,NA,NA,NA,NA,NA,NA,NA,NA,NA,NA,NA,NA,NA,NA,11.44,11.44,0,4,NA,NA,NA,NA,NA,NA,NA,NA,NA,NA,NA,NA,NA,NA,NA,NA,"1_2_1_LE07_013030_20181022",45,0.9951671,43395.6457838542,14344,160.95405142,33.68153256,13.08692102,10.4460663223722,10.525180884474,4.26501140000005,10.1801805397343,10.8699525055465,-2.15199850033894,0.638900262951383,"NCEP","{""type"":""MultiPoint"",""coordinates"":[]}",2,"P",8.8,"P",0.700000000000001,"P"
2018-11-07,"LS 7","11","311",8.515,0.00999999999999979,1.5,0,8.52,4,NA,NA,NA,NA,NA,NA,NA,NA,NA,NA,NA,NA,NA,NA,NA,NA,8.52,8.515,0.0100000000000001,4,NA,NA,NA,NA,NA,NA,NA,NA,NA,NA,NA,NA,NA,NA,NA,NA,"1_2_1_LE07_013030_20181107",30,0.9909771,43411.6455432176,8318,162.48680647,28.64553661,13.4765753,8.06481688788128,7.97938005465859,4.52136289999999,7.97938005465859,8.35763001875009,2.32251692527627,0.607829143924777,"NCEP","{""type"":""MultiPoint"",""coordinates"":[]}",2,"P",9,"P",0.4,"P"
2019-05-18,"LS 7","05","138",9.76,0.0163299316185542,1.5,0,9.76,4,NA,NA,NA,NA,NA,NA,NA,NA,NA,NA,NA,NA,NA,NA,NA,NA,9.76,9.76,0.016329931618554,4,NA,NA,NA,NA,NA,NA,NA,NA,NA,NA,NA,NA,NA,NA,NA,NA,"1_2_1_LE07_013030_20190518",5,1.0114827,43603.6413177662,14655,137.12954709,60.68392321,21.69007736,10.7624954954274,10.2315431676822,8.71185542000001,9.85485345273126,11.4502932219761,1.92716879509033,1.56641494347836,"NCEP","{""type"":""MultiPoint"",""coordinates"":[]}",2,"P",13,"F",1.6,"P"
2019-05-26,"LS 8","05","146",12.9183333333333,0.0147196014438794,1.5,0,12.925,6,NA,NA,NA,NA,NA,NA,NA,NA,NA,NA,NA,NA,NA,NA,NA,NA,12.925,12.9183333333333,0.0147196014438797,6,NA,NA,NA,NA,NA,NA,NA,NA,NA,NA,NA,NA,NA,NA,NA,NA,"2_1_LC08_013030_20190526",33.12,1.0130392,43611.6476223727,10442,139.13906051,63.09598096,26.60860814,15.0838373981225,14.6461099038776,12.33837464,13.8492052111539,15.544175954852,1.77859869455006,2.27021301606324,"MODIS","{""type"":""MultiPoint"",""coordinates"":[]}",2,"P",14.3,"F",1.7,"P"
2019-06-03,"LS 7","06","154",13.95,0.0929516003089778,1.5,0,13.935,6,NA,NA,NA,NA,NA,NA,NA,NA,NA,NA,NA,NA,NA,NA,NA,NA,13.935,13.95,0.0929516003089773,6,NA,NA,NA,NA,NA,NA,NA,NA,NA,NA,NA,NA,NA,NA,NA,NA,"1_2_1_LE07_013030_20190603",20,1.014316,43619.6409200463,14743,132.9852241,62.6770968,25.12860548,15.1329375698924,15.0155045192998,13.27491212,14.31512921135,15.6518386301497,1.74985509352175,1.060728376781,"NCEP","{""type"":""MultiPoint"",""coordinates"":[]}",2,"P",11.8,"F",1.4,"P"
2019-06-27,"LS 8","06","178",22.0933333333333,0.028751811537133,1.5,0,22.09,6,NA,NA,NA,NA,NA,NA,NA,NA,NA,NA,NA,NA,NA,NA,NA,NA,22.09,22.0933333333333,0.0287518115371332,6,NA,NA,NA,NA,NA,NA,NA,NA,NA,NA,NA,NA,NA,NA,NA,NA,"2_1_LC08_013030_20190627",31.28,1.0165905,43643.6477668518,11786,133.9596474,64.19120022,31.53055694,22.6911814212299,22.6486553059097,17.1236026400001,22.1501237981744,23.2459108680376,0.455722760622304,1.47879053212363,"MODIS","{""type"":""MultiPoint"",""coordinates"":[]}",2,"P",14.4,"F",1,"P"
2019-07-29,"LS 8","07","210",26.355,0.0516720427310539,1.5,0,26.365,6,NA,NA,NA,NA,NA,NA,NA,NA,NA,NA,NA,NA,NA,NA,NA,NA,26.365,26.355,0.0516720427310531,6,NA,NA,NA,NA,NA,NA,NA,NA,NA,NA,NA,NA,NA,NA,NA,NA,"2_1_LC08_013030_20190729",15.71,1.0153943,43675.6478686111,13458,137.95031611,59.91697256,34.66146326,25.6887328963503,25.5484209568769,24.03142106,25.3521764027872,25.8467562698146,2.79786965856996,0.790126475953783,"MODIS","{""type"":""MultiPoint"",""coordinates"":[]}",2,"P",10.7,"F",0.400000000000002,"P"
2019-08-14,"LS 8","08","226",24.3783333333333,0.160176985446306,1.5,0,24.365,6,NA,NA,NA,NA,NA,NA,NA,NA,NA,NA,NA,NA,NA,NA,NA,NA,24.365,24.3783333333333,0.160176985446306,6,NA,NA,NA,NA,NA,NA,NA,NA,NA,NA,NA,NA,NA,NA,NA,NA,"2_1_LC08_013030_20190814",33.61,1.0130034,43691.6479353935,9689,142.73684021,56.28906615,33.75226994,23.5622865115549,24.2524209675534,15.29154392,22.3471160747563,24.6461539764639,-0.236429477772793,1.76379600420564,"MODIS","{""type"":""MultiPoint"",""coordinates"":[]}",2,"P",18.5,"F",2.3,"P"
2019-09-07,"LS 7","09","250",20.8266666666667,0.0150554530541818,1.5,0,20.83,6,NA,NA,NA,NA,NA,NA,NA,NA,NA,NA,NA,NA,NA,NA,NA,NA,20.83,20.8266666666667,0.0150554530541833,6,NA,NA,NA,NA,NA,NA,NA,NA,NA,NA,NA,NA,NA,NA,NA,NA,"1_2_1_LE07_013030_20190907",8,1.0077679,43715.6382677431,12979,145.82302021,47.98254106,26.1300853400001,20.069704661621,20.0766931844779,16.54253924,19.7241370567892,20.4704009187765,0.501275056917938,0.519932265229422,"NCEP","{""type"":""MultiPoint"",""coordinates"":[]}",2,"P",9.6,"P",0.800000000000001,"P"
2019-09-15,"LS 8","09","258",19.2416666666667,0.0183484785926955,1.5,0,19.245,6,NA,NA,NA,NA,NA,NA,NA,NA,NA,NA,NA,NA,NA,NA,NA,NA,19.245,19.2416666666667,0.0183484785926967,6,NA,NA,NA,NA,NA,NA,NA,NA,NA,NA,NA,NA,NA,NA,NA,NA,"2_1_LC08_013030_20190915",15.63,1.0056728,43723.6480366667,13458,153.39389515,46.75536879,23.37516122,18.3609069090616,18.3467375354686,16.41949052,18.1556942438193,18.4478072209049,3.25327734741588,0.496290166836613,"MODIS","{""type"":""MultiPoint"",""coordinates"":[]}",2,"P",7,"P",0.199999999999999,"P"
2019-10-09,"LS 7","10","282",15.5083333333333,0.00752772652709065,1.5,0,15.51,6,NA,NA,NA,NA,NA,NA,NA,NA,NA,NA,NA,NA,NA,NA,NA,NA,15.51,15.5083333333333,0.00752772652709051,6,NA,NA,NA,NA,NA,NA,NA,NA,NA,NA,NA,NA,NA,NA,NA,NA,"1_2_1_LE07_013030_20191009",63,0.9989185,43747.6373161574,14324,154.86056528,37.3191507,18.39510608,14.7933044575155,14.9764255659761,12.51611168,14.6401292533522,14.9764255659761,0.561588176031193,0.399607313697641,"NCEP","{""type"":""MultiPoint"",""coordinates"":[]}",2,"P",5.9,"P",0.4,"P"
2019-11-02,"LS 8","11","306",11.9816666666667,0.042150523919242,1.5,0,11.99,6,NA,NA,NA,NA,NA,NA,NA,NA,NA,NA,NA,NA,NA,NA,NA,NA,11.99,11.9816666666667,0.0421505239192411,6,NA,NA,NA,NA,NA,NA,NA,NA,NA,NA,NA,NA,NA,NA,NA,NA,"2_1_LC08_013030_20191102",1.41,0.9922924,43771.6481132176,17134,163.17651547,30.42773039,11.9213762000001,10.0335253028512,10.1509421712099,6.30556934000003,9.85291997947192,10.3461246667334,-1.66031859794841,0.592566114415337,"MODIS","{""type"":""MultiPoint"",""coordinates"":[]}",2,"P",5.6,"P",0.4,"P"
2020-05-20,"LS 7","05","141",14.15,0.093808315196468,1.5,0,14.14,6,NA,NA,NA,NA,NA,NA,NA,NA,NA,NA,NA,NA,NA,NA,NA,NA,14.14,14.15,0.093808315196468,6,NA,NA,NA,NA,NA,NA,NA,NA,NA,NA,NA,NA,NA,NA,NA,NA,"1_2_1_LE07_013030_20200520",0,1.0120347,43971.6292125463,14552,129.64352364,58.80676326,24.7218611,12.9903361298968,12.8423106812882,10.4003573,12.4837989062938,13.5335073030671,2.17644802315473,1.49062555182401,"NCEP","{""type"":""MultiPoint"",""coordinates"":[]}",2,"P",14.3,"F",1,"P"
2020-07-15,"LS 8","07","197",25.6766666666667,0.0697614984548518,1.5,0,25.66,6,NA,NA,NA,NA,NA,NA,NA,NA,NA,NA,NA,NA,NA,NA,NA,NA,25.66,25.6766666666667,0.0697614984548505,6,NA,NA,NA,NA,NA,NA,NA,NA,NA,NA,NA,NA,NA,NA,NA,NA,"2_1_LC08_013030_20200715",67.71,1.0164583,44027.6477564931,7452,135.10824417,62.20153096,29.55152336,25.1072969527517,25.1509421793027,21.04407158,24.8521856475848,25.352941434223,0.83996050417059,0.656125147719444,"MODIS","{""type"":""MultiPoint"",""coordinates"":[]}",2,"P",8.6,"P",0.5,"P"
2020-07-31,"LS 8","07","213",26.2683333333333,0.0507608773236515,1.5,0,26.25,6,NA,NA,NA,NA,NA,NA,NA,NA,NA,NA,NA,NA,NA,NA,NA,NA,26.25,26.2683333333333,0.0507608773236519,6,NA,NA,NA,NA,NA,NA,NA,NA,NA,NA,NA,NA,NA,NA,NA,NA,"2_1_LC08_013030_20200731",6.71,1.0150009,44043.6478065393,17041,138.64445649,59.34214938,33.58478696,25.665454861896,25.5458260932893,24.7936395200001,25.4534457003841,25.7454539203543,3.97546215471592,0.607628446876693,"MODIS","{""type"":""MultiPoint"",""coordinates"":[]}",2,"P",8.8,"P",0.199999999999999,"P"
2020-09-17,"LS 8","09","261",19.225,0.00836660026534079,1.5,0,19.22,6,NA,NA,NA,NA,NA,NA,NA,NA,NA,NA,NA,NA,NA,NA,NA,NA,19.22,19.225,0.00836660026534102,6,NA,NA,NA,NA,NA,NA,NA,NA,NA,NA,NA,NA,NA,NA,NA,NA,"2_1_LC08_013030_20200917",60.95,1.0049697,44091.6480232176,14916,154.20373542,45.82093315,21.43030784,15.361575725211,15.5519371657631,7.84026032000003,13.950479927376,17.350251296551,-0.664277614585482,2.17692935524031,"MODIS","{""type"":""MultiPoint"",""coordinates"":[]}",2,"P",13.6,"F",3.4,"F"
2020-09-25,"LS 7","09","269",18.09,0.0745654075292308,1.5,0,18.095,6,NA,NA,NA,NA,NA,NA,NA,NA,NA,NA,NA,NA,NA,NA,NA,NA,18.095,18.09,0.07456540752923,6,NA,NA,NA,NA,NA,NA,NA,NA,NA,NA,NA,NA,NA,NA,NA,NA,"1_2_1_LE07_013030_20200925",7,1.0027235,44099.6236915278,14233,145.35730653,39.91006948,24.1066175,17.7496463827843,17.7813962717912,16.3477121,17.3264270949864,17.809088081366,2.87168593400436,0.716184461670656,"NCEP","{""type"":""MultiPoint"",""coordinates"":[]}",2,"P",7.8,"P",0.5,"P"
2020-10-03,"LS 8","10","277",17.7,0.0394968353162607,1.5,0,17.705,6,NA,NA,NA,NA,NA,NA,NA,NA,NA,NA,NA,NA,NA,NA,NA,NA,17.705,17.7,0.0394968353162591,6,NA,NA,NA,NA,NA,NA,NA,NA,NA,NA,NA,NA,NA,NA,NA,NA,"2_1_LC08_013030_20201003",51.92,1.0003969,44107.6480661227,7678,158.48897662,40.2786207,16.16313902,14.6586578596645,15.1495576656033,5.42713820000006,14.1509815760065,15.6462272640298,-1.90698729075779,1.47507628070262,"MODIS","{""type"":""MultiPoint"",""coordinates"":[]}",2,"P",10.8,"F",1.4,"P"
2020-10-11,"LS 7","10","285",15.3066666666667,0.00516397779494311,0.75,0,15.31,6,NA,NA,NA,NA,NA,NA,NA,NA,NA,NA,NA,NA,NA,NA,NA,NA,NA,NA,NA,NA,15.31,15.3066666666667,0.00516397779494365,6,NA,NA,NA,NA,NA,NA,NA,NA,NA,NA,NA,NA,"1_2_1_LE07_013030_20201011",3,0.9981451,44115.6229869444,13973,149.50651063,34.62749344,17.3047577,14.2245381353145,14.4238738992403,9.91499845999999,14.0889934574708,14.4238738992403,-1.08424265988573,0.493772582405353,"NCEP","{""type"":""MultiPoint"",""coordinates"":[]}",2,"P",7.4,"P",0.300000000000001,"P"
