,system:index,azimuth,cloud_cover,elev,emiss,esd,l_exceltime,landsat_time,pct_lake,pixel_count,surface_temp_kurtosis,surface_temp_max,surface_temp_mean,surface_temp_median,surface_temp_min,surface_temp_stdDev,sza,v_exceltime,vapor_time,water_column,.geo,landsat_time_utc,scene,temp_avg,t_stdev,depth_avg,d_stdev,temp_med,insitu_count,HerrickCoveSouth_median,HerrickCoveSouth_mean,HerrickCoveSouth_std,HerrickCoveSouth_count,Newbury_median,Newbury_mean,Newbury_std,Newbury_count,NorthSunapeeHarbor_median,NorthSunapeeHarbor_mean,NorthSunapeeHarbor_std,NorthSunapeeHarbor_count,SouthOfTheFells_median,SouthOfTheFells_mean,SouthOfTheFells_std,SouthOfTheFells_count,loon_median,loon_mean,loon_std,loon_count,harbor_median,harbor_mean,harbor_std,harbor_count,GeorgesMills_median,GeorgesMills_mean,GeorgesMills_std,GeorgesMills_count,HerrickCove_median,HerrickCove_mean,HerrickCove_std,HerrickCove_count,StateBeach_median,StateBeach_mean,StateBeach_std,StateBeach_count
0,1_1_2_1_LT05_013030_20060911,149.88599,3.0,47.447520000000004,0.977941145456293,1.0066447,38971.643497916666,1157988398220.0,0.9937663850859306,17058,7.414460293236583,17.03007534102991,13.27335891018108,13.313600819778602,6.001555611453531,0.8680814600510061,42.5524787902832,38971.75,1157997600000,0.9399993896484377,"{""type"":""MultiPoint"",""coordinates"":[]}",2006-09-11 15:26:38.220000+00:00,LT05_013030_20060911,18.77,,1.5,,18.77,1.0,18.77,18.77,,1.0,,,,,,,,,,,,,,,,,,,,,,,,,,,,,,,,
10,1_1_2_1_LT05_013030_20070712,131.9993,15.0,61.91174,0.977941145456293,1.0165832000000001,39275.64346875,1184253995700.0,0.7090591319545587,12171,5.274891513903668,25.859177958399396,17.644985457060866,17.941964120211136,9.96018119245968,1.1472961492837153,28.08826065063477,39275.75,1184263200000,1.5,"{""type"":""MultiPoint"",""coordinates"":[]}",2007-07-12 15:26:35.700000+00:00,LT05_013030_20070712,21.11,0.50616202939375,1.5,0.0,20.965,4.0,21.84,21.84,,1.0,20.67,20.67,,1.0,20.97,20.97,,1.0,20.96,20.96,,1.0,,,,,,,,,,,,,,,,,,,,
11,1_2_1_LE07_013030_20070805,135.72513,0.0,57.131466,0.977941145456293,1.0144331,39299.64096736111,1186327379580.0,0.8592484707253132,14749,5.710858138366191,24.89884220088296,21.373875496877485,21.32101622764525,18.700034704481045,0.3517000784055358,32.86853408813477,39299.75,1186336800000,1.4600006103515626,"{""type"":""MultiPoint"",""coordinates"":[]}",2007-08-05 15:22:59.580000+00:00,LE07_013030_20070805,24.880000000000003,0.5266877632905476,1.5,0.0,24.965,4.0,25.07,25.07,,1.0,25.42,25.42,,1.0,24.17,24.17,,1.0,24.86,24.86,,1.0,,,,,,,,,,,,,,,,,,,,
12,1_1_2_1_LT05_013030_20070813,139.75162,49.0,55.791782,0.977941145456293,1.0131619,39307.64324513889,1187018776380.0,0.8987474512088552,15427,4.930477597269798,22.83831930897109,18.782616129696827,18.8466403211777,15.18637867362453,0.5493807754491373,34.20821762084961,39307.75,1187028000000,1.470001220703125,"{""type"":""MultiPoint"",""coordinates"":[]}",2007-08-13 15:26:16.380000+00:00,LT05_013030_20070813,23.752500000000005,0.37739236876227467,1.5,0.0,23.745,4.0,24.21,24.21,,1.0,23.85,23.85,,1.0,23.31,23.31,,1.0,23.64,23.64,,1.0,,,,,,,,,,,,,,,,,,,,
13,1_1_2_1_LT05_013030_20070914,150.54677,30.0,46.49819,0.977941145456293,1.0059195,39339.643047453705,1189783559300.0,1.0,17165,5.083869380751223,19.747190788273613,16.37858814022105,16.572251069491358,15.649854870331378,0.33202087817775994,43.501808166503906,39339.75,1189792800000,2.0899993896484377,"{""type"":""MultiPoint"",""coordinates"":[]}",2007-09-14 15:25:59.300000+00:00,LT05_013030_20070914,19.508000000000003,0.19469634476966116,0.9,0.5163977794943222,19.59,10.0,19.71,19.71,,1.0,19.37,19.37,,1.0,19.18,19.18,,1.0,19.18,19.18,,1.0,19.62,19.606666666666666,0.03932768321000832,6.0,,,,,,,,,,,,,,,,
14,1_2_1_LE07_013030_20071125,161.08498,37.0,23.810648,0.977941145456293,0.9871101000000001,39411.64103900463,1196004185770.0,0.8699096999708709,14932,4.849257833807627,4.0106722629509735,2.439088482904045,2.17854586399757,-2.8784248150935943,0.6580130081617571,66.18935203552246,39411.75,1196013600000,1.05,"{""type"":""MultiPoint"",""coordinates"":[]}",2007-11-25 15:23:05.770000+00:00,LE07_013030_20071125,5.8,0.024494897427831626,0.5,0.0,5.81,6.0,,,,,,,,,,,,,,,,,5.81,5.8,0.02449489742783205,6.0,,,,,,,,,,,,,,,,
15,1_1_2_1_LT05_013030_20080511,137.91458,0.0,59.173995999999995,0.977941145456293,1.0101572,39579.639940277775,1210519290840.0,1.0,17165,4.804170159639588,19.295066844548753,9.489422280959902,8.98436977820281,7.503188572177316,1.3814907837934791,30.82600402832031,39579.75,1210528800000,0.7399993896484376,"{""type"":""MultiPoint"",""coordinates"":[]}",2008-05-11 15:21:30.840000+00:00,LT05_013030_20080511,10.456666666666667,0.3565202191554734,0.5,0.0,10.475,6.0,,,,,,,,,,,,,,,,,10.475,10.456666666666667,0.3565202191554736,6.0,,,,,,,,,,,,,,,,
16,1_1_2_1_LT05_013030_20080527,133.74326000000002,48.0,61.824757,0.977941145456293,1.0133471,39595.639646875,1211901665490.0,0.2707253131371978,4647,2.4984463637837573,21.079282996398863,12.51677373090268,12.365336831895428,7.502782239456737,1.519699722112415,28.17524337768555,39595.75,1211911200000,1.329998779296875,"{""type"":""MultiPoint"",""coordinates"":[]}",2008-05-27 15:21:05.490000+00:00,LT05_013030_20080527,12.74,0.030983866769659134,0.5,0.0,12.73,6.0,,,,,,,,,,,,,,,,,12.73,12.74,0.030983866769659016,6.0,,,,,,,,,,,,,,,,
17,1_1_2_1_LT05_013030_20080612,130.20898,1.0,62.82824300000001,0.977941145456293,1.015551,39611.639347800934,1213284039650.0,1.0,17165,2.422834982929582,23.70334005463017,17.47507284927664,17.486266821747915,15.186463303786946,0.8095399940582216,27.17175674438477,39611.75,1213293600000,0.5600006103515626,"{""type"":""MultiPoint"",""coordinates"":[]}",2008-06-12 15:20:39.650000+00:00,LT05_013030_20080612,20.23,0.03847076812334242,0.5,0.0,20.225,6.0,,,,,,,,,,,,,,,,,20.225,20.23,0.038470768123341714,6.0,,,,,,,,,,,,,,,,
18,1_2_1_LE07_013030_20080706,129.53622,27.0,61.854122,0.977941145456293,1.0166966999999998,39635.640555555554,1215357744000.0,0.8389163996504515,14400,4.77093078557197,25.91262272877325,20.426319396139654,20.282244421992488,16.561298746532668,0.7099998885156232,28.14587783813477,39635.75,1215367200000,2.0899993896484377,"{""type"":""MultiPoint"",""coordinates"":[]}",2008-07-06 15:22:24+00:00,LE07_013030_20080706,22.767000000000003,0.573605555528652,0.9,0.5163977794943222,22.89,10.0,22.84,22.84,,1.0,21.66,21.66,,1.0,22.47,22.47,,1.0,21.96,21.96,,1.0,23.165,23.123333333333335,0.21407163909931365,6.0,,,,,,,,,,,,,,,,
19,1_1_2_1_LT05_013030_20080815,137.85106000000002,70.0,54.173134,0.977941145456293,1.0126687,39675.638055902775,1218813528030.0,0.4385085930672881,7527,-0.4959983517015885,17.030947223023507,13.973403327667649,14.252648432886426,9.47162146125227,1.0529821656651412,35.826866149902344,39675.75,1218823200000,2.2,"{""type"":""MultiPoint"",""coordinates"":[]}",2008-08-15 15:18:48.030000+00:00,LT05_013030_20080815,21.787000000000003,0.28806056461946966,0.9,0.5163977794943222,21.835,10.0,21.84,21.84,,1.0,21.83,21.83,,1.0,21.130000000000006,21.130000000000006,,1.0,21.46,21.46,,1.0,21.924999999999997,21.935000000000002,0.12012493496356166,6.0,,,,,,,,,,,,,,,,
20,1_2_1_LE07_013030_20080823,141.63443,6.0,52.3904,0.977941145456293,1.0110754000000002,39683.640272800934,1219504919570.0,0.8625691814739295,14806,6.37395597772379,25.414546153948923,19.484295332071664,19.231481647962973,18.170520450989507,0.5473721970271553,37.60960006713867,39683.75,1219514400000,2.2899993896484374,"{""type"":""MultiPoint"",""coordinates"":[]}",2008-08-23 15:21:59.570000+00:00,LE07_013030_20080823,21.951000000000004,0.39198781160189783,0.9,0.5163977794943222,22.120000000000005,10.0,22.17,22.17,,1.0,20.99,20.99,,1.0,21.630000000000006,21.630000000000006,,1.0,21.79,21.79,,1.0,22.160000000000004,22.155000000000005,0.08093207028119159,6.0,,,,,,,,,,,,,,,,
21,1_1_2_1_LT05_013030_20080831,143.34253999999999,6.0,49.79288,0.977941145456293,1.0092744,39691.637762384256,1220195902670.0,0.8590154383920771,14745,10.799414679215216,23.275862625169182,17.856570937188827,17.942200484626323,8.983433122102047,0.920806338476702,40.20711898803711,39691.75,1220205600000,1.6600006103515623,"{""type"":""MultiPoint"",""coordinates"":[]}",2008-08-31 15:18:22.670000+00:00,LT05_013030_20080831,21.048000000000005,0.323412361476112,0.9,0.5163977794943222,20.955,10.0,21.84,21.84,,1.0,21.33,21.33,,1.0,20.64,20.64,,1.0,20.96,20.96,,1.0,20.945,20.951666666666668,0.030605010483034552,6.0,,,,,,,,,,,,,,,,
22,1_2_1_LE07_013030_20080908,147.18657,12.0,47.670722999999995,0.977941145456293,1.0072978000000001,39699.640181944436,1220887311720.0,0.6898922225458782,11842,5.794659701634723,20.80398951791836,16.98948589908083,17.09985802977586,10.46446390169525,0.7344679017693392,42.32927703857422,39699.75,1220896800000,1.9799987792968752,"{""type"":""MultiPoint"",""coordinates"":[]}",2008-09-08 15:21:51.720000+00:00,LE07_013030_20080908,21.107000000000006,0.11662380164919704,0.9,0.5163977794943222,21.130000000000006,10.0,21.34,21.34,,1.0,20.99,20.99,,1.0,20.97,20.97,,1.0,20.96,20.96,,1.0,21.135000000000005,21.135,0.043243496620880194,6.0,,,,,,,,,,,,,,,,
23,1_1_2_1_LT05_013030_20080916,148.64571999999998,58.0,44.807903,0.977941145456293,1.0051808,39707.63744675926,1221578275400.0,0.2813865423827556,4830,-1.0412721609038833,16.11195100173322,12.89028350678498,12.840025830997655,7.502499795859897,1.83827042462012,45.19209671020508,39707.75,1221588000000,1.5709991455078125,"{""type"":""MultiPoint"",""coordinates"":[]}",2008-09-16 15:17:55.400000+00:00,LT05_013030_20080916,19.575000000000003,0.3123121657715066,0.9,0.5163977794943222,19.62,10.0,20.03,20.03,,1.0,19.37,19.37,,1.0,18.86,18.86,,1.0,19.5,19.5,,1.0,19.645000000000003,19.665000000000003,0.11256109452203966,6.0,,,,,,,,,,,,,,,,
24,1_2_1_LE07_013030_20081010,156.32908999999998,0.0,36.993324,0.977941145456293,0.9983859,39731.639920717585,1223652089150.0,0.8795222837168657,15097,3.4464020231017978,16.020116897490425,12.994842170799576,12.720332313303725,12.1608820063418,0.3767656829238029,53.00667572021485,39731.75,1223661600000,1.35,"{""type"":""MultiPoint"",""coordinates"":[]}",2008-10-10 15:21:29.150000+00:00,LE07_013030_20081010,14.556666666666665,0.02804757862395025,0.5,0.0,14.55,6.0,,,,,,,,,,,,,,,,,14.55,14.556666666666665,0.028047578623950045,6.0,,,,,,,,,,,,,,,,
25,1_1_2_1_LT05_013030_20081018,156.56749,9.0,33.981457,0.977941145456293,0.9961141,39739.63672824074,1224343013320.0,0.954558695018934,16385,3.5261062556857152,11.409967683670876,8.973821600463285,9.473739486961342,-0.2269945993760053,1.9303864860676063,56.0185432434082,39739.75,1224352800000,0.6399993896484375,"{""type"":""MultiPoint"",""coordinates"":[]}",2008-10-18 15:16:53.320000+00:00,LT05_013030_20081018,13.875,0.058566201857384974,0.5,0.0,13.879999999999999,6.0,,,,,,,,,,,,,,,,,13.879999999999999,13.875,0.058566201857384814,6.0,,,,,,,,,,,,,,,,
26,1_2_1_LE07_013030_20081026,159.20372,3.0,31.677132,0.977941145456293,0.9939111999999999,39747.64011203704,1225034505680.0,0.8675211185551995,14891,1.40302702510869,12.720609475731552,10.276334596910134,10.465803967240156,8.743768016602013,0.3454549738810262,58.32286834716797,39747.75,1225044000000,0.9709991455078124,"{""type"":""MultiPoint"",""coordinates"":[]}",2008-10-26 15:21:45.680000+00:00,LE07_013030_20081026,11.878333333333332,0.02483277404291918,0.5,0.0,11.88,6.0,,,,,,,,,,,,,,,,,11.88,11.878333333333332,0.024832774042919337,6.0,,,,,,,,,,,,,,,,
27,1_2_1_LE07_013030_20081111,160.68653999999998,86.0,26.93093,0.977941145456293,0.9898826,39763.64027962963,1226416920160.0,0.4113603262452665,7061,-0.8430398196512034,6.403967128816506,3.740498071676333,4.61424556923521,-2.2317452254985555,1.7555502848671531,63.06907081604004,39763.75,1226426400000,0.7299987792968751,"{""type"":""MultiPoint"",""coordinates"":[]}",2008-11-11 15:22:00.160000+00:00,LE07_013030_20081111,9.274999999999999,0.012247448713916356,0.5,0.0,9.27,6.0,,,,,,,,,,,,,,,,,9.27,9.274999999999999,0.012247448713916384,6.0,,,,,,,,,,,,,,,,
28,1_2_1_LE07_013030_20081127,160.83076,60.0,23.219679,0.977941145456293,0.9866176999999999,39779.64042060185,1227799332340.0,0.8093212933294495,13892,19.404837824234484,3.403671232250552,1.81273914296137,2.1785730000669217,-6.8533403878886725,0.8069562036050626,66.78032112121582,39779.75,1227808800000,0.7000000000000001,"{""type"":""MultiPoint"",""coordinates"":[]}",2008-11-27 15:22:12.340000+00:00,LE07_013030_20081127,4.705,0.025884358211089774,0.5,0.0,4.7,6.0,,,,,,,,,,,,,,,,,4.7,4.705,0.025884358211089573,6.0,,,,,,,,,,,,,,,,
29,1_2_1_LE07_013030_20090522,135.96068,7.0,61.416121999999994,0.977941145456293,1.0123974,39955.64120648148,1243005800240.0,0.8432857558986309,14475,3.6598704398475053,22.35565855080482,12.181528873436726,12.160409859007665,9.319978005630409,1.5820637871542278,28.58387756347656,39955.75,1243015200000,1.7209991455078126,"{""type"":""MultiPoint"",""coordinates"":[]}",2009-05-22 15:23:20.240000+00:00,LE07_013030_20090522,14.048749999999998,1.1640377693921395,1.5,0.0,14.094999999999999,8.0,15.54,15.54,0.0,2.0,14.11,14.11,0.0,2.0,12.465,12.465,0.10606601717798111,2.0,14.08,14.08,0.0,2.0,,,,,,,,,,,,,,,,,,,,
30,1_1_2_1_LT05_013030_20090530,133.12552,50.0,62.153743999999996,0.977941145456293,1.0137994000000001,39963.63953356481,1243696855700.0,0.6723565394698514,11541,4.675943420345679,19.296671439636945,12.403230835279805,12.36509863235318,7.5025639477854975,0.9781211228323816,27.84625625610352,39963.75,1243706400000,1.520999145507813,"{""type"":""MultiPoint"",""coordinates"":[]}",2009-05-30 15:20:55.700000+00:00,LT05_013030_20090530,13.62125,0.8413329135535891,1.5,0.0,13.8,8.0,14.28,14.28,0.0,2.0,12.485,12.485,0.33234018715767843,2.0,14.4,14.4,0.0,2.0,13.32,13.32,0.0,2.0,,,,,,,,,,,,,,,,,,,,
31,1_1_2_1_LT05_013030_20090903,145.83841,53.0,49.46065,0.977941145456293,1.0086150999999999,40059.640626388886,1251991350120.0,0.487678415380134,8371,-0.4624474624221526,18.39598613516633,10.872889165039757,10.927578473654073,3.9658336383970423,2.095816547326589,40.53934860229492,40059.75,1252000800000,1.8899993896484373,"{""type"":""MultiPoint"",""coordinates"":[]}",2009-09-03 15:22:30.120000+00:00,LT05_013030_20090903,20.95785714285714,0.30153909228460607,1.2857142857142858,0.2567762955065478,21.005000000000003,14.0,21.255000000000003,21.255000000000003,0.12020815280171303,2.0,21.244999999999997,21.244999999999997,0.12020815280171303,2.0,20.4,20.4,0.11313708498984897,2.0,20.79,20.79,0.0,2.0,21.005000000000003,21.005000000000003,0.14611639196202347,6.0,,,,,,,,,,,,,,,,
32,1_1_2_1_LT05_013030_20090919,151.19208,14.0,44.38442,0.977941145456293,1.0044302,40075.64077407408,1253373762880.0,0.7217593941159336,12389,0.9449020103725704,15.186502495101044,13.113689808301485,13.784672117489825,3.966289534312185,1.8301822733358168,45.61558151245117,40075.75,1253383200000,0.8899993896484375,"{""type"":""MultiPoint"",""coordinates"":[]}",2009-09-19 15:22:42.880000+00:00,LT05_013030_20090919,17.824285714285715,0.06072818199083624,1.2857142857142858,0.2567762955065478,17.830000000000005,14.0,17.85,17.85,0.11313708498984897,2.0,17.75,17.75,0.0,2.0,17.89,17.89,0.0,2.0,17.799999999999997,17.799999999999997,0.11313708498984897,2.0,17.830000000000005,17.826666666666668,0.0051639777949452105,6.0,,,,,,,,,,,,,,,,
33,1_1_2_1_LT05_013030_20091005,155.65797,66.0,38.96547,0.977941145456293,0.9998961,40091.6409037037,1254756174080.0,0.4061170987474512,6971,0.504061903467472,13.313179668751404,10.208531419581679,10.445312627302952,3.9660772931258816,1.2958414665708091,51.03453063964844,40091.75,1254765600000,1.4799987792968752,"{""type"":""MultiPoint"",""coordinates"":[]}",2009-10-05 15:22:54.080000+00:00,LT05_013030_20091005,15.210000000000003,1.9459014222361975e-15,1.0,0.0,15.21,6.0,,,,,,,,,,,,,,,,,15.21,15.210000000000003,0.0,6.0,,,,,,,,,,,,,,,,
34,1_1_2_1_LT05_013030_20091021,158.8996,36.0,33.536015,0.977941145456293,0.9953496,40107.64101331019,1256138583550.0,0.8085639382464317,13879,3.02716791193208,11.408946238349511,8.147874295236361,7.998219390372692,4.9883152655735525,0.5556156351436584,56.46398544311523,40107.75,1256148000000,1.6899993896484375,"{""type"":""MultiPoint"",""coordinates"":[]}",2009-10-21 15:23:03.550000+00:00,LT05_013030_20091021,11.04,0.030983866769659592,1.0,0.0,11.02,6.0,,,,,,,,,,,,,,,,,11.02,11.04,0.030983866769659568,6.0,,,,,,,,,,,,,,,,
35,1_1_2_1_LT05_013030_20091122,161.29596,27.0,24.420465,0.977941145456293,0.9875894000000001,40139.641176620375,1258903397660.0,0.9999417419166908,17164,0.7227064654452136,7.503219550469838,5.8173511334955,6.0016524484943305,4.478814114149877,0.30908365782065006,65.57953453063965,40139.75,1258912800000,0.6299987792968751,"{""type"":""MultiPoint"",""coordinates"":[]}",2009-11-22 15:23:17.660000+00:00,LT05_013030_20091122,8.083333333333332,0.03669695718539419,1.0,0.0,8.09,6.0,,,,,,,,,,,,,,,,,8.09,8.083333333333332,0.03669695718539381,6.0,,,,,,,,,,,,,,,,
38,1_1_2_1_LT05_013030_20100602,133.53642,4.0,62.7411,0.977941145456293,1.0142215,40331.641381365735,1275492215350.0,0.9501310806874452,16309,3.22322043088141,23.720107334131065,17.942164055647574,17.943551277554523,13.782891715654733,0.8454636500645656,27.258899688720703,40331.75,1275501600000,2.4000000000000004,"{""type"":""MultiPoint"",""coordinates"":[]}",2010-06-02 15:23:35.350000+00:00,LT05_013030_20100602,19.29,0.41432676315520084,1.2,0.25819888974716115,19.35,10.0,19.38,19.38,,1.0,20.02,20.02,,1.0,18.37,18.37,,1.0,19.5,19.5,,1.0,19.275,19.27166666666667,0.14932068398807188,6.0,,,,,,,,,,,,,,,,
39,1_1_2_1_LT05_013030_20100618,130.6833,5.0,63.263659999999994,0.977941145456293,1.0160488,40347.64133240741,1276874611120.0,0.9935916108360034,17055,1.625650554140481,23.7194794028792,15.280842364429555,15.185711004264824,7.003014143801222,1.8229918163455392,26.7363395690918,40347.75,1276884000000,2.3600006103515625,"{""type"":""MultiPoint"",""coordinates"":[]}",2010-06-18 15:23:31.120000+00:00,LT05_013030_20100618,17.794,0.3374479383714041,1.2,0.25819888974716115,17.834999999999997,10.0,17.77,17.77,,1.0,17.43,17.43,,1.0,17.24,17.24,,1.0,17.41,17.41,,1.0,18.019999999999996,18.014999999999997,0.16991174179555965,6.0,,,,,,,,,,,,,,,,
40,1_2_1_LE07_013030_20100712,131.44896,25.0,61.67454,0.977941145456293,1.0165741,40371.64243958333,1278948306780.0,0.4368191086513254,7498,5.1182628199952624,25.417300439200336,20.866715384283143,21.32746940705433,2.792483745658324,1.456352505250986,28.325458526611328,40371.75,1278957600000,2.430000305175781,"{""type"":""MultiPoint"",""coordinates"":[]}",2010-07-12 15:25:06.780000+00:00,LE07_013030_20100712,24.842,0.5472517194531641,1.2,0.25819888974716115,25.06,10.0,25.24,25.24,,1.0,23.68,23.68,,1.0,25.04,25.04,,1.0,23.98,23.98,,1.0,25.1,25.08,0.11366617790706597,6.0,,,,,,,,,,,,,,,,
41,1_2_1_LE07_013030_20100829,144.92148,0.0,51.27657,0.977941145456293,1.0098616,40419.642474189815,1283095509770.0,0.8601806000582581,14765,8.01596553635614,26.40333429609345,19.99963703890686,19.755656155330765,18.700293521701507,0.7283517679031215,38.72343063354492,40419.75,1283104800000,1.579998779296875,"{""type"":""MultiPoint"",""coordinates"":[]}",2010-08-29 15:25:09.770000+00:00,LE07_013030_20100829,20.823,0.22296237849068232,1.2,0.25819888974716115,20.784999999999997,10.0,21.34,21.34,,1.0,20.99,20.99,,1.0,20.48,20.48,,1.0,20.79,20.79,,1.0,20.769999999999996,20.771666666666665,0.05946988033170034,6.0,,,,,,,,,,,,,,,,
42,1_1_2_1_LT05_013030_20100906,146.95941000000002,28.0,48.65948,0.977941145456293,1.0079366,40427.641073032406,1283786588710.0,0.8868045441304981,15222,7.800834889721086,20.194342063974567,16.873535183755322,17.030875805843394,8.491102743200338,0.9441111350814358,41.340518951416016,40427.75,1283796000000,2.1100006103515625,"{""type"":""MultiPoint"",""coordinates"":[]}",2010-09-06 15:23:08.710000+00:00,LT05_013030_20100906,20.098,0.9527830579704692,1.2,0.25819888974716115,19.444999999999997,10.0,21.34,21.34,,1.0,21.66,21.66,,1.0,20.48,20.48,,1.0,21.130000000000006,21.130000000000006,,1.0,19.4,19.395,0.04806245936279102,6.0,,,,,,,,,,,,,,,,
43,1_2_1_LE07_013030_20100914,150.319,61.0,46.316654,0.977941145456293,1.00586,40435.64248819444,1284477910980.0,0.5857267695892805,10054,0.08466432960507175,16.561109509037507,13.440310356308599,14.381980251731957,5.81025809613698,1.9106550902132615,43.68334579467773,40435.75,1284487200000,1.629998779296875,"{""type"":""MultiPoint"",""coordinates"":[]}",2010-09-14 15:25:10.980000+00:00,LE07_013030_20100914,18.005,0.6839793694094722,1.2,0.25819888974716115,17.509999999999998,10.0,19.06,19.06,,1.0,18.72,18.72,,1.0,18.69,18.69,,1.0,18.69,18.69,,1.0,17.485,17.481666666666666,0.029944392908635646,6.0,,,,,,,,,,,,,,,,
44,1_1_2_1_LT05_013030_20101008,156.24246000000002,3.0,37.99199,0.977941145456293,0.9991087,40459.640914351854,1286551375000.0,1.0,17165,4.2356575092537385,14.720473399380916,12.011891630225975,11.887395146040976,11.408440960199966,0.3025103459871685,52.00801086425781,40459.75,1286560800000,1.95,"{""type"":""MultiPoint"",""coordinates"":[]}",2010-10-08 15:22:55+00:00,LT05_013030_20101008,14.136666666666668,0.07118052168020858,1.0,0.0,14.120000000000001,6.0,,,,,,,,,,,,,,,,,14.120000000000001,14.136666666666668,0.07118052168020825,6.0,,,,,,,,,,,,,,,,
46,1_2_1_LE07_013030_20110512,139.9514,25.0,59.865025,0.977941145456293,1.0102063000000001,40675.64338726852,1305213988660.0,0.8498689193125546,14588,4.852819453033406,18.699972572653092,9.635855449201458,9.320390776789324,6.403551667545006,1.2683691262963648,30.13497543334961,40675.75,1305223200000,1.4299987792968751,"{""type"":""MultiPoint"",""coordinates"":[]}",2011-05-12 15:26:28.660000+00:00,LE07_013030_20110512,9.549999999999999,0.1126942766958461,0.8333333333333334,0.5773502691896258,9.61,3.0,,,,,,,,,,,,,,,,,9.61,9.549999999999999,0.11269427669584556,3.0,,,,,,,,,,,,,,,,
47,1_1_2_1_LT05_013030_20110621,129.85707,3.0,63.015804,0.977941145456293,1.0162461,40715.64040833333,1308669731280.0,1.0,17165,4.390229169061911,23.28107134707575,17.310733886529945,17.03089155346847,16.111920849438686,0.8395821502509747,26.98419570922852,40715.75,1308679200000,2.129998779296875,"{""type"":""MultiPoint"",""coordinates"":[]}",2011-06-21 15:22:11.280000+00:00,LT05_013030_20110621,19.98,0.22130295976330785,0.8111111111111112,0.4675586713035179,19.959999999999994,9.0,,,,,20.51,20.51,,1.0,20.0,20.0,,1.0,19.67,19.67,,1.0,19.959999999999994,19.939999999999994,0.03098386676965678,6.0,,,,,,,,,,,,,,,,
48,1_2_1_LE07_013030_20110629,131.19823,49.0,63.204130000000006,0.977941145456293,1.0166218,40723.64334328703,1309361184860.0,0.846315176230702,14527,8.537940648384815,23.38765927240225,17.849375270312446,17.636636273323532,16.020116811274146,0.6417264751264228,26.79587173461914,40723.75,1309370400000,2.3600006103515625,"{""type"":""MultiPoint"",""coordinates"":[]}",2011-06-29 15:26:24.860000+00:00,LE07_013030_20110629,20.508888888888887,0.7899437392062237,0.8111111111111112,0.4675586713035179,20.97,9.0,,,,,18.89,18.89,,1.0,19.51,19.51,,1.0,20.31,20.31,,1.0,20.97,20.978333333333335,0.0483390801181277,6.0,,,,,,,,,,,,,,,,
49,1_1_2_1_LT05_013030_20110707,129.69343999999998,16.0,61.86865600000001,0.977941145456293,1.0166934,40731.64033854166,1310052125250.0,0.42790562190503934,7345,5.89829161457147,21.520707463987414,18.15678861594501,18.394766403005622,11.409573127095394,0.9547925802868278,28.13134384155273,40731.75,1310061600000,1.25,"{""type"":""MultiPoint"",""coordinates"":[]}",2011-07-07 15:22:05.250000+00:00,LT05_013030_20110707,23.086666666666662,0.48314076623692204,0.8111111111111112,0.4675586713035179,23.04,9.0,,,,,24.2,24.2,,1.0,22.31,22.31,,1.0,22.97,22.97,,1.0,23.04,23.049999999999997,0.02449489742783242,6.0,,,,,,,,,,,,,,,,
50,1_2_1_LE07_013030_20110715,132.33632,16.0,61.469967000000004,0.977941145456293,1.0164593000000002,40739.64334351852,1310743584880.0,0.8646664724730556,14842,12.449196590492337,26.91146426912523,19.914332404728146,19.757848972017342,18.701719448160773,0.5575778294546319,28.530033111572266,40739.75,1310752800000,2.139999389648437,"{""type"":""MultiPoint"",""coordinates"":[]}",2011-07-15 15:26:24.880000+00:00,LE07_013030_20110715,23.42,0.3962322551231781,0.8111111111111112,0.4675586713035179,23.23,9.0,,,,,24.38,24.38,,1.0,23.49,23.49,,1.0,23.65,23.65,,1.0,23.200000000000003,23.209999999999997,0.048989794855661954,6.0,,,,,,,,,,,,,,,,
51,1_2_1_LE07_013030_20110731,135.80113,12.0,58.693363,0.977941145456293,1.0150965,40755.64330474537,1312125981530.0,0.8854646082143898,15199,12.051143289286909,26.41453543243452,20.96153846323961,20.805279539170566,20.282779467125284,0.4793514129255048,31.30663681030273,40755.75,1312135200000,2.1899993896484378,"{""type"":""MultiPoint"",""coordinates"":[]}",2011-07-31 15:26:21.530000+00:00,LE07_013030_20110731,24.055555555555554,0.11303883305208802,0.8111111111111112,0.4675586713035179,24.04,9.0,,,,,24.2,24.2,,1.0,24.18,24.18,,1.0,23.82,23.82,,1.0,24.04,24.049999999999997,0.0451663591625463,6.0,,,,,,,,,,,,,,,,
52,1_1_2_1_LT05_013030_20111011,156.32689,1.0,36.93492,0.977941145456293,0.9983226999999999,40827.63954097222,1318346456340.0,1.0,17165,4.877183353459047,17.03019533259409,13.929980022441475,13.784560938849802,13.313487946079338,0.30811850380703737,53.06507873535156,40827.75,1318356000000,1.1399993896484375,"{""type"":""MultiPoint"",""coordinates"":[]}",2011-10-11 15:20:56.340000+00:00,LT05_013030_20111011,16.54,0.024494897427832712,0.5,0.0,16.55,6.0,,,,,,,,,,,,,,,,,16.55,16.54,0.02449489742783255,6.0,,,,,,,,,,,,,,,,
53,1_2_1_LE07_013030_20111104,161.45084,16.0,29.457753999999998,0.977941145456293,0.9917652,40851.64327418982,1320420378890.0,0.8499271773958637,14589,21.068875726981467,8.163775312810554,7.176706625146267,7.5804114777632465,-4.184730111565745,1.089733841110372,60.54224586486816,40851.75,1320429600000,0.35000000000000003,"{""type"":""MultiPoint"",""coordinates"":[]}",2011-11-04 15:26:18.890000+00:00,LE07_013030_20111104,10.270000000000001,0.01788854381999853,1.5,0.0,10.265,6.0,,,,,,,,,,,,,,,,,,,,,10.265,10.270000000000001,0.01788854381999869,6.0,,,,,,,,,,,,
54,1_1_2_1_LT05_013030_20111112,160.39133,32.0,26.826258000000003,0.977941145456293,0.9898324000000001,40859.639191319446,1321111226130.0,0.9980192251674921,17131,8.945890124274891,6.504293702711169,5.559933933048595,5.4963041108234805,0.8374392238438518,0.6599150016051526,63.17374229431152,40859.75,1321120800000,1.0600006103515625,"{""type"":""MultiPoint"",""coordinates"":[]}",2011-11-12 15:20:26.130000+00:00,LT05_013030_20111112,9.473333333333334,0.005163977794943112,1.5,0.0,9.47,6.0,,,,,,,,,,,,,,,,,,,,,9.47,9.473333333333334,0.00516397779494325,6.0,,,,,,,,,,,,
55,1_2_1_LE07_013030_20120615,132.6231,0.0,63.820877,0.977941145456293,1.0158358,41075.64397025463,1339774039030.0,0.8745120885522867,15011,8.394784845007601,23.37608196848491,17.609973595405958,17.635067550960514,16.02008620976877,0.7093933720649176,26.17912292480469,41075.75,1339783200000,1.1899993896484375,"{""type"":""MultiPoint"",""coordinates"":[]}",2012-06-15 15:27:19.030000+00:00,LE07_013030_20120615,19.357,0.22151247770222174,0.82,0.42110964526276684,19.459999999999994,10.0,18.9,18.9,,1.0,19.37,19.37,,1.0,19.34,19.34,,1.0,19.02,19.02,,1.0,19.459999999999994,19.489999999999995,0.0501996015920458,6.0,,,,,,,,,,,,,,,,
56,1_2_1_LE07_013030_20120818,142.40648000000002,36.0,54.526978,0.977941145456293,1.0121038,41139.64448888889,1345303683840.0,0.6528400815613167,11206,16.1691481891773,23.8871195415458,19.993736949045626,20.279462674984984,6.993277859011712,0.9260982013345544,35.4730224609375,41139.75,1345312800000,1.470001220703125,"{""type"":""MultiPoint"",""coordinates"":[]}",2012-08-18 15:28:03.840000+00:00,LE07_013030_20120818,24.284,0.239731331100278,0.82,0.42110964526276684,24.35,10.0,24.72,24.72,,1.0,24.02,24.02,,1.0,23.83,23.83,,1.0,24.16,24.16,,1.0,24.35,24.351666666666663,0.041190613817549813,6.0,,,,,,,,,,,,,,,,
57,1_2_1_LE07_013030_20120903,147.98201,1.0,49.956173,0.977941145456293,1.0085604,41155.644606134265,1346686093970.0,0.8922225458782406,15315,6.658369375165383,22.357876556236807,18.92683989563575,18.701302281434604,18.169872554227506,0.4035912100174086,40.04382705688477,41155.75,1346695200000,1.9899993896484376,"{""type"":""MultiPoint"",""coordinates"":[]}",2012-09-03 15:28:13.970000+00:00,LE07_013030_20120903,22.331,0.22308194807190404,0.82,0.42110964526276684,22.41,10.0,22.34,22.34,,1.0,22.16,22.16,,1.0,21.97,21.97,,1.0,21.96,21.96,,1.0,22.5,22.48,0.05899152481501184,6.0,,,,,,,,,,,,,,,,
58,1_2_1_LE07_013030_20120919,153.18295,9.0,44.786755,0.977941145456293,1.0043688,41171.644696296295,1348068501760.0,0.890649577628896,15288,28.896620765996126,19.75312862596388,16.474445561160742,16.560550924798775,8.743956402412103,0.6506000105428208,45.2132453918457,41171.75,1348077600000,0.479998779296875,"{""type"":""MultiPoint"",""coordinates"":[]}",2012-09-19 15:28:21.760000+00:00,LE07_013030_20120919,19.255,0.2554842895800492,0.82,0.42110964526276684,19.259999999999994,10.0,19.87,19.87,,1.0,18.88,18.88,,1.0,19.34,19.34,,1.0,19.02,19.02,,1.0,19.259999999999994,19.239999999999995,0.030983866769656816,6.0,,,,,,,,,,,,,,,,
60,1_2_1_LE07_013030_20121106,162.29822,0.0,28.780134000000004,0.977941145456293,0.9910839,41219.64495046296,1352215723720.0,0.8895426740460239,15269,5.676976626601308,9.32101604741945,7.614098627080947,7.580398109016567,0.9384061235108836,0.9596373452700692,61.2198657989502,41219.75,1352224800000,0.5399993896484375,"{""type"":""MultiPoint"",""coordinates"":[]}",2012-11-06 15:28:43.720000+00:00,LE07_013030_20121106,10.923333333333332,0.031411250638372815,1.5,0.0,10.915,6.0,,,,,,,,,,,,,,,,,,,,,10.915,10.923333333333332,0.03141125063837307,6.0,,,,,,,,,,,,
61,1_2_1_LE07_013030_20121122,162.69163999999998,0.0,24.671196,0.977941145456293,0.9875474,41235.64505775463,1353598132990.0,0.8929799009612583,15328,3.8802518001226436,6.993629475133353,5.126860210722825,5.214129149687687,2.1785468801993417,0.3922578186512009,65.32880401611328,41235.75,1353607200000,1.0399993896484376,"{""type"":""MultiPoint"",""coordinates"":[]}",2012-11-22 15:28:52.990000+00:00,LE07_013030_20121122,7.848333333333333,0.013291601358251264,1.5,0.0,7.85,6.0,,,,,,,,,,,,,,,,,,,,,7.85,7.848333333333333,0.013291601358251455,6.0,,,,,,,,,,,,
62,1_2_1_LE07_013030_20130501,143.24661,0.0,57.492230000000006,0.977941145456293,1.0076833,41395.64500474537,1367422128410.0,0.8626856976405476,14808,2.4764432353828068,23.37879945601233,10.924026521414902,11.033233199322932,6.993193645253752,1.9329115903170133,32.50777053833008,41395.75,1367431200000,1.55,"{""type"":""MultiPoint"",""coordinates"":[]}",2013-05-01 15:28:48.410000+00:00,LE07_013030_20130501,9.451666666666668,0.12718752559377317,1.5,0.0,9.44,6.0,,,,,,,,,,,,,,,,,,,,,9.44,9.451666666666668,0.1271875255937723,6.0,,,,,,,,,,,,
63,1_2_1_LE07_013030_20130517,139.53268,34.0,61.252213,0.977941145456293,1.011393,41411.644977083335,1368804526020.0,0.6385668511505972,10961,5.091679823717342,17.099080654776674,9.896683579774436,9.894779149273226,5.214137577502958,0.901392308537978,28.747787475585934,41411.75,1368813600000,1.020001220703125,"{""type"":""MultiPoint"",""coordinates"":[]}",2013-05-17 15:28:46.020000+00:00,LE07_013030_20130517,11.86,0.03286335345031024,0.5,0.0,11.86,6.0,,,,,,,,,,,,,,,,,11.86,11.86,0.03286335345031048,6.0,,,,,,,,,,,,,,,,
64,2_1_LC08_013030_20130712,135.5364,23.91,62.93598000000001,0.977941145456293,1.0165613000000002,41467.6492255787,1373643293090.0,0.394057675502476,6764,5.659256933119856,19.478916290059367,13.936384110121029,14.68702152593082,-6.508030633837169,3.397932330131753,27.06401824951172,41467.75,1373652000000,1.15,"{""type"":""MultiPoint"",""coordinates"":[]}",2013-07-12 15:34:53.090000+00:00,LC08_013030_20130712,24.071111111111108,0.4760631377360689,0.8111111111111112,0.4675586713035179,24.29,9.0,,,,,23.16,23.16,,1.0,24.18,24.18,,1.0,23.32,23.32,,1.0,24.35,24.33,0.030983866769660764,6.0,,,,,,,,,,,,,,,,
65,1_2_1_LE07_013030_20130805,138.06842,0.0,57.740159999999996,0.977941145456293,1.0143673,41491.64454861111,1375716489000.0,0.8763180891348674,15042,16.624297952475445,22.868204105704226,18.95902473576006,19.229236697296788,12.160555212602956,0.5301738582113671,32.259838104248054,41491.75,1375725600000,1.6200012207031251,"{""type"":""MultiPoint"",""coordinates"":[]}",2013-08-05 15:28:09+00:00,LE07_013030_20130805,22.293333333333333,0.08500000000000102,0.8111111111111112,0.4675586713035179,22.279999999999994,9.0,,,,,22.33,22.33,,1.0,22.48,22.48,,1.0,22.15,22.15,,1.0,22.279999999999994,22.279999999999998,0.0,6.0,,,,,,,,,,,,,,,,
66,1_2_1_LE07_013030_20130906,148.99937,2.0,49.120106,0.977941145456293,1.0078804,41523.644757175935,1378481307020.0,0.8995630643751821,15441,0.40847946767726784,21.838593126913185,17.269771792630426,17.635396878884944,12.720198281176385,1.0774256926344823,40.8798942565918,41523.75,1378490400000,1.4799987792968752,"{""type"":""MultiPoint"",""coordinates"":[]}",2013-09-06 15:28:27.020000+00:00,LE07_013030_20130906,21.32,0.21505813167606438,1.4777777777777779,0.04409585518440988,21.439999999999994,9.0,,,,,20.99,20.99,,1.0,21.14,21.14,,1.0,20.99,20.99,,1.0,21.455,21.459999999999997,0.020976176963405625,6.0,,,,,,,,,,,,,,,,
67,2_1_LC08_013030_20130930,158.19666999999998,3.88,41.541733,0.977941145456293,1.0013444,41547.64914849537,1380555286430.0,0.9346926886105448,16044,13.663042682213412,19.3737265463814,15.699873960850962,15.78175064205749,10.722409654044887,0.6152855319434776,48.45826721191406,41547.75,1380564000000,1.6,"{""type"":""MultiPoint"",""coordinates"":[]}",2013-09-30 15:34:46.430000+00:00,LC08_013030_20130930,16.955,0.06685805860178737,1.0,0.5477225575051661,16.959999999999994,6.0,,,,,,,,,,,,,,,,,16.959999999999994,16.955,0.06685805860178683,6.0,,,,,,,,,,,,,,,,
68,1_2_1_LE07_013030_20131008,158.17659,1.0,38.345352,0.977941145456293,0.9990453000000001,41555.64501585648,1381246129370.0,0.8934459656277308,15336,3.4395668492524414,15.476688572390296,13.759419046096738,13.831130513222638,11.03385833444477,0.3855967462034733,51.65464782714844,41555.75,1381255200000,0.929998779296875,"{""type"":""MultiPoint"",""coordinates"":[]}",2013-10-08 15:28:49.370000+00:00,LE07_013030_20131008,16.236666666666668,0.062182527020592106,1.0,0.5477225575051661,16.235,6.0,,,,,,,,,,,,,,,,,16.235,16.236666666666668,0.062182527020592626,6.0,,,,,,,,,,,,,,,,
73,1_2_1_LE07_013030_20140808,139.8701,13.0,57.40529,0.977941145456293,1.0139557,41859.64621643518,1407511833100.0,0.8513836294785901,14614,7.941849085315084,22.357098006349762,18.587769086927146,18.70106435380876,15.476562097143884,0.41145318251758345,32.594711303710945,41859.75,1407520800000,1.9,"{""type"":""MultiPoint"",""coordinates"":[]}",2014-08-08 15:30:33.100000+00:00,LE07_013030_20140808,22.738999999999997,0.2777868887394706,1.05,0.4813176359397883,22.82,10.0,22.59,22.59,,1.0,22.66,22.66,,1.0,22.14,22.14,,1.0,22.48,22.48,,1.0,22.919999999999995,22.919999999999998,0.09338094023942987,6.0,,,,,,,,,,,,,,,,
74,2_1_LC08_013030_20140917,154.009,15.89,45.995827,0.977941145456293,1.0050675,41899.64793472222,1410967981560.0,0.8683367317215264,14905,11.515170173904405,18.597189301239947,15.26683530837985,15.657320227042206,5.552666225468166,1.0682640764469231,44.004173278808594,41899.75,1410976800000,1.579998779296875,"{""type"":""MultiPoint"",""coordinates"":[]}",2014-09-17 15:33:01.560000+00:00,LC08_013030_20140917,18.553999999999995,0.3222214559377854,1.05,0.4813176359397883,18.7,10.0,18.49,18.49,,1.0,18.23,18.23,,1.0,18.06,18.06,,1.0,18.07,18.07,,1.0,18.759999999999994,18.781666666666663,0.08495096624916479,6.0,,,,,,,,,,,,,,,,
75,2_1_LC08_013030_20141003,158.31999,0.02,40.458096000000005,0.977941145456293,1.0005507,41915.64796851852,1412350384480.0,1.0,17165,9.467987577086179,17.115124517504384,14.976511586912727,14.993263857512801,13.787338561854215,0.1978464890159546,49.54190444946289,41915.75,1412359200000,1.3700012207031251,"{""type"":""MultiPoint"",""coordinates"":[]}",2014-10-03 15:33:04.480000+00:00,LC08_013030_20141003,17.356666666666666,0.10726913193769451,0.8333333333333334,0.5163977794943223,17.345000000000002,6.0,,,,,,,,,,,,,,,,,17.345000000000002,17.356666666666666,0.10726913193769502,6.0,,,,,,,,,,,,,,,,
76,1_2_1_LE07_013030_20141027,161.97131000000002,40.0,32.133359999999996,0.977941145456293,0.9937933000000001,41939.64652962963,1414423860160.0,0.6766093795514128,11614,2.462678619646719,11.033617355578313,8.699049427516522,9.320614939322995,0.9383948574022312,1.4275670757686092,57.86663818359375,41939.75,1414432800000,1.2300000190734863,"{""type"":""MultiPoint"",""coordinates"":[]}",2014-10-27 15:31:00.160000+00:00,LE07_013030_20141027,12.57,0.1038160766826492,1.5,0.0,12.504999999999999,10.0,,,,,,,,,,,,,,,,,12.69,12.69,0.0,4.0,12.49,12.490000000000002,0.014142135623730423,6.0,,,,,,,,,,,,
77,2_1_LC08_013030_20141120,163.79796000000002,37.96,25.451114999999998,0.977941145456293,0.9880979,41963.64795,1416497582880.0,0.9908534809204778,17008,4.506434756540508,4.665182494892456,3.6575183538564646,3.841793454076392,-4.096539495509652,0.8448192028904588,64.54888534545897,41963.75,1416506400000,0.3200000047683716,"{""type"":""MultiPoint"",""coordinates"":[]}",2014-11-20 15:33:02.880000+00:00,LC08_013030_20141120,6.9336,0.08565330635117892,1.5,0.0,6.965000000000001,10.0,,,,,,,,,,,,,,,,,6.876500000000001,6.8765,0.11720210464549484,4.0,6.965000000000001,6.971666666666667,0.024832774042918834,6.0,,,,,,,,,,,,
78,1_2_1_LE07_013030_20141128,163.13995,47.0,23.682423,0.977941145456293,0.9865431,41971.6466912037,1417188674120.0,0.6260413632391494,10746,3.481557539790935,2.17858274398603,-1.9393124621005635,-0.9513636208259916,-16.11400482248539,3.196366604349772,66.31757736206055,41971.75,1417197600000,0.3599999904632569,"{""type"":""MultiPoint"",""coordinates"":[]}",2014-11-28 15:31:14.120000+00:00,LE07_013030_20141128,5.3784,0.1110267235098532,1.5,0.0,5.305,10.0,,,,,,,,,,,,,,,,,5.501,5.501,0.05888972745734213,4.0,5.295,5.296666666666666,0.008164965809277239,6.0,,,,,,,,,,,,
79,1_2_1_LE07_013030_20150507,143.52886999999998,0.0,59.35243199999999,0.977941145456293,1.0090339,42131.6473994213,1431012735310.0,0.8844159627148267,15181,2.64480548868288,20.800802067025217,9.787734120152107,9.320508919133527,6.403635773083639,1.7087836690356029,30.64756774902344,42131.75,1431021600000,1.3300000190734864,"{""type"":""MultiPoint"",""coordinates"":[]}",2015-05-07 15:32:15.310000+00:00,LE07_013030_20150507,10.845999999999998,0.0,1.5,0.0,10.845999999999998,4.0,,,,,,,,,,,,,,,,,10.845999999999998,10.845999999999998,0.0,4.0,,,,,,,,,,,,,,,,
80,1_2_1_LE07_013030_20150523,139.78596000000002,0.0,62.641277,0.977941145456293,1.0124792,42147.64746875,1432395141300.0,0.8766676376347218,15048,5.8225683235433126,16.020033189468602,10.178546721195977,10.465797754538032,5.810705071778092,0.9087023217381592,27.358722686767575,42147.75,1432404000000,0.9800000190734864,"{""type"":""MultiPoint"",""coordinates"":[]}",2015-05-23 15:32:21.300000+00:00,LE07_013030_20150523,13.1725,0.1362363142973789,1.5,0.0,13.1245,4.0,,,,,,,,,,,,,,,,,13.1245,13.1725,0.13623631429737876,4.0,,,,,,,,,,,,,,,,
81,1_2_1_LE07_013030_20150624,133.98425,13.0,64.32255,0.977941145456293,1.0164187,42179.64756747685,1435159949830.0,0.8165452956597727,14016,7.040266490311833,26.40745593951088,18.07757871579377,18.16955610167209,13.276453539967447,0.8122986325085926,25.677452087402344,42179.75,1435168800000,1.829999923706055,"{""type"":""MultiPoint"",""coordinates"":[]}",2015-06-24 15:32:29.830000+00:00,LE07_013030_20150624,20.409,0.3073344179301179,1.4700000000000002,0.048304589153964836,20.57,10.0,20.64,20.64,,1.0,20.18,20.18,,1.0,19.68,19.68,,1.0,20.17,20.17,,1.0,20.57,20.57,0.006324555320337494,6.0,,,,,,,,,,,,,,,,
82,2_1_LC08_013030_20150702,133.72997,38.16,63.768753000000004,0.977941145456293,1.0166498,42187.64743414352,1435851138310.0,0.8441596271482669,14490,16.58232634933117,21.75539089338621,17.699275136630952,17.783355948981473,8.835546079424349,0.7655231940280173,26.23124694824219,42187.75,1435860000000,1.2800000190734864,"{""type"":""MultiPoint"",""coordinates"":[]}",2015-07-02 15:32:18.310000+00:00,LC08_013030_20150702,19.823000000000004,0.9563013239676196,1.4700000000000002,0.048304589153964836,20.279999999999998,10.0,19.99,19.99,,1.0,17.27,17.27,,1.0,19.52,19.52,,1.0,19.52,19.52,,1.0,20.32,20.32166666666667,0.04308905506815901,6.0,,,,,,,,,,,,,,,,
83,1_2_1_LE07_013030_20150710,134.27905,21.0,62.96398000000001,0.977941145456293,1.0166405,42195.64764814815,1436542356800.0,0.6429362073987765,11036,3.4594414420434934,24.394761802054703,18.74121698715488,18.700205417882227,13.83077551894921,0.7438340858324636,27.03601837158203,42195.75,1436551200000,1.5399999618530271,"{""type"":""MultiPoint"",""coordinates"":[]}",2015-07-10 15:32:36.800000+00:00,LE07_013030_20150710,21.869999999999997,0.34499597421161765,1.4700000000000002,0.048304589153964836,22.03,10.0,22.130000000000006,22.130000000000006,,1.0,21.16,21.16,,1.0,21.81,21.81,,1.0,21.32,21.32,,1.0,22.045,22.046666666666667,0.035023801430839004,6.0,,,,,,,,,,,,,,,,
84,1_2_1_LE07_013030_20150827,146.96916000000002,67.0,52.707,0.977941145456293,1.0103803,42243.64773668982,1440689564450.0,0.28400815613166325,4875,1.0834721636749949,19.23171623255854,17.144457574407063,17.10020001592948,11.596889335686686,1.0125245303047148,37.29299926757813,42243.75,1440698400000,2.35,"{""type"":""MultiPoint"",""coordinates"":[]}",2015-08-27 15:32:44.450000+00:00,LE07_013030_20150827,23.945000000000004,0.441588043316392,1.1416666666666668,0.4756972553924174,24.09,12.0,24.17,24.17,,1.0,23.16,23.16,,1.0,23.66,23.66,,1.0,22.98,22.98,,1.0,24.1725,24.17125,0.08959233066666858,8.0,,,,,,,,,,,,,,,,
85,2_1_LC08_013030_20150904,149.70493000000002,34.91,50.29234,0.977941145456293,1.0084878000000002,42251.64772314815,1441380763280.0,0.28936789979609673,4967,-0.17732362880759212,18.228662131792525,16.77369791309416,16.81992285476215,14.252649485983255,0.6243761112880776,39.70766067504883,42251.75,1441389600000,1.3,"{""type"":""MultiPoint"",""coordinates"":[]}",2015-09-04 15:32:43.280000+00:00,LC08_013030_20150904,23.8565,0.2866053669484168,1.1416666666666668,0.4756972553924174,23.804999999999996,12.0,23.48,23.48,,1.0,24.37,24.37,,1.0,23.32,23.32,,1.0,23.83,23.83,,1.0,23.921,23.909750000000003,0.16340812184746145,8.0,,,,,,,,,,,,,,,,
86,2_1_LC08_013030_20151022,161.84605,64.71,33.964413,0.977941145456293,0.9951999,42299.6478912037,1445527977800.0,0.6357704631517623,10913,-0.08725953754471938,8.649707928585489,6.949071709989624,7.140566102411162,4.416788919873592,0.675547403684641,56.03558731079102,42299.75,1445536800000,1.6799999237060548,"{""type"":""MultiPoint"",""coordinates"":[]}",2015-10-22 15:32:57.800000+00:00,LC08_013030_20151022,13.02825,0.09649999999999981,1.5,0.0,12.98,4.0,,,,,,,,,,,,,,,,,12.98,13.02825,0.09649999999999996,4.0,,,,,,,,,,,,,,,,
87,1_2_1_LE07_013030_20151030,162.93169,32.0,31.3858,0.977941145456293,0.9930648999999999,42307.64814664352,1446219199870.0,0.7461112729391203,12807,6.434727710956301,9.321026647810424,8.035433912468305,8.1637747985273,0.9384066449420859,1.167716647008069,58.61420059204102,42307.75,1446228000000,0.4300000190734864,"{""type"":""MultiPoint"",""coordinates"":[]}",2015-10-30 15:33:19.870000+00:00,LE07_013030_20151030,11.235999999999999,0.0,1.5,0.0,11.235999999999999,4.0,,,,,,,,,,,,,,,,,11.235999999999999,11.235999999999999,0.0,4.0,,,,,,,,,,,,,,,,
88,2_1_LC08_013030_20151123,163.74684,1.18,24.829836,0.977941145456293,0.9874693999999999,42331.64794861111,1448292782760.0,1.0,17165,2.101411418975327,6.747077270818561,5.759257672277211,6.013987446385952,1.0710015830386646,0.9574120459483444,65.17016410827637,42331.75,1448301600000,0.1,"{""type"":""MultiPoint"",""coordinates"":[]}",2015-11-23 15:33:02.760000+00:00,LC08_013030_20151123,8.282,0.0,1.5,0.0,8.282,4.0,,,,,,,,,,,,,,,,,8.282,8.282,0.0,4.0,,,,,,,,,,,,,,,,
89,2_1_LC08_013030_20160517,141.12831,52.34,61.746155,0.977941145456293,1.0114498,42507.6475462963,1463499148000.0,0.3839790270900088,6591,2.880401240076821,12.67314726993269,7.260188204723719,7.053985699983392,-3.7532694957470696,1.7832017969223102,28.25384521484375,42507.75,1463508000000,1.1699999809265138,"{""type"":""MultiPoint"",""coordinates"":[]}",2016-05-17 15:32:28+00:00,LC08_013030_20160517,10.893333333333336,0.04802776974487477,1.5,0.0,10.89,6.0,,,,,,,,,,,,,,,,,10.89,10.893333333333336,0.048027769744874674,6.0,,,,,,,,,,,,,,,,
90,1_2_1_LE07_013030_20160525,140.4399,12.0,63.393753000000004,0.977941145456293,1.0129819,42515.64955243055,1464190521330.0,0.8166035537430818,14017,0.3934757515873608,21.845400522829408,13.333565423101561,13.829679910406707,8.161605515391217,1.8597253186266407,26.60624694824219,42515.75,1464199200000,2.3799999237060554,"{""type"":""MultiPoint"",""coordinates"":[]}",2016-05-25 15:35:21.330000+00:00,LE07_013030_20160525,15.29,0.024494897427831987,1.5,0.0,15.28,6.0,,,,,,,,,,,,,,,,,15.28,15.29,0.024494897427832056,6.0,,,,,,,,,,,,,,,,
91,1_2_1_LE07_013030_20160610,136.95256,39.0,64.77526,0.977941145456293,1.0153235999999999,42531.64960729166,1465572926070.0,0.2710166035537431,4652,1.4440573246962185,14.930632102956727,11.764297994581243,12.160541383939119,6.403358698365966,0.7782053136054501,25.22473907470703,42531.75,1465581600000,1.6299999237060547,"{""type"":""MultiPoint"",""coordinates"":[]}",2016-06-10 15:35:26.070000+00:00,LE07_013030_20160610,16.42375,0.43863220844542894,1.4875,0.03535533905932741,16.54,8.0,,,,,16.79,16.79,,1.0,15.36,15.36,,1.0,,,,,16.54,16.539999999999996,0.0,6.0,,,,,,,,,,,,,,,,
92,2_1_LC08_013030_20160618,134.57008000000002,1.38,64.500114,0.977941145456293,1.0160778,42539.64764930555,1466263956900.0,1.0,17165,4.9853419759604805,26.361934452359595,18.93055600361997,18.7178548710692,17.337468104804508,0.9926691719451444,25.49988555908203,42539.75,1466272800000,0.9899999618530274,"{""type"":""MultiPoint"",""coordinates"":[]}",2016-06-18 15:32:36.900000+00:00,LC08_013030_20160618,18.919999999999998,0.7190469883314806,1.4875,0.03535533905932741,19.105000000000004,8.0,,,,,19.04,19.04,,1.0,17.419999999999998,17.419999999999998,,1.0,,,,,19.240000000000002,19.150000000000002,0.4554997255762066,6.0,,,,,,,,,,,,,,,,
93,2_1_LC08_013030_20160704,134.01465,0.37,63.574863,0.977941145456293,1.0167509,42555.64775833333,1467646366320.0,1.0,17165,7.35385489683188,26.184118781982257,20.0719145555629,19.891116501275846,19.47111424430021,0.6792259877257271,26.42513656616211,42555.75,1467655200000,1.8899999618530277,"{""type"":""MultiPoint"",""coordinates"":[]}",2016-07-04 15:32:46.320000+00:00,LC08_013030_20160704,21.6325,0.4559370257267683,1.4875,0.03535533905932741,21.835,8.0,,,,,20.99,20.99,,1.0,20.82,20.82,,1.0,,,,,21.865000000000002,21.875,0.07661592523751219,6.0,,,,,,,,,,,,,,,,
94,2_1_LC08_013030_20160720,136.03628999999998,10.8,61.431236,0.977941145456293,1.0160836,42571.647830324066,1469028772540.0,0.99504806291873,17080,13.710134115550588,22.258806496986647,19.5010202785683,19.48405878434503,15.540003842256699,0.3084880064395646,28.56876373291016,42571.75,1469037600000,2.370000076293945,"{""type"":""MultiPoint"",""coordinates"":[]}",2016-07-20 15:32:52.540000+00:00,LC08_013030_20160720,23.168749999999996,0.27889770270016234,1.4875,0.03535533905932741,23.264999999999997,8.0,,,,,22.83,22.83,,1.0,22.64,22.64,,1.0,,,,,23.295,23.313333333333333,0.07033254343948223,6.0,,,,,,,,,,,,,,,,
95,2_1_LC08_013030_20160805,140.11158999999998,6.34,58.271564,0.977941145456293,1.014357,42587.6478625,1470411175320.0,0.7570637926012235,12995,-0.3659357123007383,21.810476659216622,17.594574693550918,18.597845169080035,11.454722986486145,2.2340051942295087,31.728435516357425,42587.75,1470420000000,2.370000076293945,"{""type"":""MultiPoint"",""coordinates"":[]}",2016-08-05 15:32:55.320000+00:00,LC08_013030_20160805,24.26625,0.4932382067231091,1.4875,0.03535533905932741,24.46,8.0,,,,,23.68,23.68,,1.0,23.32,23.32,,1.0,,,,,24.494999999999997,24.521666666666665,0.12040210407906708,6.0,,,,,,,,,,,,,,,,
96,1_2_1_LE07_013030_20160829,148.94914,21.0,52.162724,0.977941145456293,1.0097582,42611.64970555555,1472484934560.0,0.7907952228371686,13574,12.382396897207927,24.90116307615732,19.953553071016678,20.280217132003802,11.598227022608581,0.8853766651003291,37.83727645874024,42611.75,1472493600000,1.6600000381469728,"{""type"":""MultiPoint"",""coordinates"":[]}",2016-08-29 15:35:34.560000+00:00,LE07_013030_20160829,23.532499999999995,0.41122638881416845,1.4875,0.03535533905932741,23.73,8.0,,,,,22.66,22.66,,1.0,23.14,23.14,,1.0,,,,,23.744999999999997,23.74333333333333,0.01861898672502171,6.0,,,,,,,,,,,,,,,,
97,1_2_1_LE07_013030_20160914,154.10805,73.0,47.036526,0.977941145456293,1.0057406,42627.649725694435,1473867336300.0,0.7630643751820565,13098,1.9410269331540315,18.70272793662053,15.299903163726913,15.476252763353513,12.158939230450313,0.6167522654291184,42.96347427368164,42627.75,1473876000000,2.4700000762939456,"{""type"":""MultiPoint"",""coordinates"":[]}",2016-09-14 15:35:36.300000+00:00,LE07_013030_20160914,21.80125,0.2170212300345619,1.4875,0.03535533905932741,21.895,8.0,,,,,21.66,21.66,,1.0,21.31,21.31,,1.0,,,,,21.905,21.906666666666666,0.01861898672502225,6.0,,,,,,,,,,,,,,,,
98,2_1_LC08_013030_20161024,162.2845,22.48,33.064236,0.977941145456293,0.9944494,42667.64808703704,1477323194720.0,0.9059131954558696,15550,13.532428247713316,11.695246341214268,10.75747354620728,11.158733259711303,-0.5893870717029897,1.1616438577358297,56.93576431274414,42667.75,1477332000000,0.6400000095367432,"{""type"":""MultiPoint"",""coordinates"":[]}",2016-10-24 15:33:14.720000+00:00,LC08_013030_20161024,13.426599999999999,0.4058714082070821,1.5,0.0,13.17,10.0,,,,,,,,,,,,,,,,,13.893999999999998,13.894,0.055425625842205575,4.0,13.11,13.115,0.05822370651203901,6.0,,,,,,,,,,,,
99,1_2_1_LE07_013030_20161101,163.73408999999998,25.0,30.622875,0.977941145456293,0.9923516,42675.64968958333,1478014533180.0,0.4683367317215264,8039,-1.291758199649173,8.163338638535821,4.980557680893045,4.6140588443290245,0.9383935051020642,1.8438087788384852,59.37712478637695,42675.75,1478023200000,1.2800000190734864,"{""type"":""MultiPoint"",""coordinates"":[]}",2016-11-01 15:35:33.180000+00:00,LE07_013030_20161101,10.6338,0.25256453520723016,1.5,0.0,10.515,10.0,,,,,,,,,,,,,,,,,10.944,10.919500000000001,0.04900000000000136,4.0,10.445,10.443333333333333,0.067428974978613,6.0,,,,,,,,,,,,
100,2_1_LC08_013030_20170504,144.08742,20.11,58.70405,0.977941145456293,1.0084302,42859.64735405093,1493911931390.0,0.9551412758520244,16395,7.085813795345754,12.726949924753225,5.285415713585558,5.688852288002567,-11.561440079408928,2.2564310684000666,31.29595184326172,42859.75,1493920800000,0.6099999904632569,"{""type"":""MultiPoint"",""coordinates"":[]}",2017-05-04 15:32:11.390000+00:00,LC08_013030_20170504,8.183333333333332,0.35483329419132326,1.5,0.0,8.3,6.0,,,,,,,,,,,,,,,,,,,,,8.3,8.183333333333332,0.3548332941913232,6.0,,,,,,,,,,,,
102,1_2_1_LE07_013030_20170613,136.47784,22.0,64.842834,0.977941145456293,1.0156151,42899.64965648148,1497368130320.0,0.3484998543547917,5982,3.1060710414086534,22.359737992626584,15.069755342358414,14.930225327072588,12.719115056088171,1.2090769934394474,25.15716552734375,42899.75,1497376800000,2.1899999618530277,"{""type"":""MultiPoint"",""coordinates"":[]}",2017-06-13 15:35:30.320000+00:00,LE07_013030_20170613,18.71166666666667,0.4296238665002987,1.5,0.0,18.749999999999996,6.0,,,,,,,,,,,,,,,,,,,,,18.749999999999996,18.71166666666667,0.429623866500298,6.0,,,,,,,,,,,,
103,2_1_LC08_013030_20170621,134.26765,37.93,64.43098,0.977941145456293,1.0162964,42907.64766319444,1498059158100.0,0.8725313137197787,14977,24.774444527246537,22.578239159574377,17.886925413585605,18.029525645635665,7.589921342739338,1.0614138225822165,25.56902313232422,42907.75,1498068000000,2.039999961853028,"{""type"":""MultiPoint"",""coordinates"":[]}",2017-06-21 15:32:38.100000+00:00,LC08_013030_20170621,20.17111111111111,1.3058564665043055,1.488888888888889,0.03333333333333336,20.57,9.0,21.31,21.31,,1.0,16.8,16.8,,1.0,20.01,20.01,,1.0,,,,,20.57,20.569999999999997,0.0,6.0,,,,,,,,,,,,,,,,
104,2_1_LC08_013030_20170723,136.58371,50.96,60.944430000000004,0.977941145456293,1.0158982,42939.64777368056,1500823967646.0,0.9335857850276726,16025,5.978589087578378,23.763049749472863,19.324400892094232,19.45248514550584,16.19353883469331,0.5632646885183663,29.05556869506836,42939.75,1500832800000,1.65,"{""type"":""MultiPoint"",""coordinates"":[]}",2017-07-23 15:32:47.646000+00:00,LC08_013030_20170723,24.14111111111112,0.4589238619979477,1.488888888888889,0.03333333333333336,24.11000000000001,9.0,24.87,24.87,,1.0,24.55,24.55,,1.0,23.15,23.15,,1.0,,,,,24.11000000000001,24.116666666666674,0.010327955589885583,6.0,,,,,,,,,,,,,,,,
105,2_1_LC08_013030_20170824,146.22678,22.41,53.448859999999996,0.977941145456293,1.0109270000000001,42971.64790393518,1503588778900.0,0.6363530439848529,10923,8.667688842680857,21.50550198763281,18.246503994501193,18.716922176270547,8.289385718669276,1.41329216623592,36.55113983154297,42971.75,1503597600000,1.7799999237060549,"{""type"":""MultiPoint"",""coordinates"":[]}",2017-08-24 15:32:58.900000+00:00,LC08_013030_20170824,22.376666666666665,0.3855191305240246,1.488888888888889,0.03333333333333336,22.55,9.0,22.64,22.64,,1.0,22.0,22.0,,1.0,21.48,21.48,,1.0,,,,,22.55,22.544999999999998,0.02738612787525768,6.0,,,,,,,,,,,,,,,,
106,1_2_1_LE07_013030_20170901,149.82034,21.0,51.30168,0.977941145456293,1.0091146,42979.649658333336,1504280130480.0,0.39096999708709584,6711,1.7968164489039875,18.168423217191673,15.467246103903994,16.56088643680434,6.993562908512286,1.8735596868639224,38.69831848144531,42979.75,1504288800000,1.1399999618530274,"{""type"":""MultiPoint"",""coordinates"":[]}",2017-09-01 15:35:30.480000+00:00,LE07_013030_20170901,20.17666666666667,0.2570505786805393,1.488888888888889,0.03333333333333336,20.34,9.0,20.0,20.0,,1.0,19.86,19.86,,1.0,19.69,19.69,,1.0,,,,,20.34,20.340000000000003,0.0063245553203355,6.0,,,,,,,,,,,,,,,,
107,2_1_LC08_013030_20170909,151.60365,61.77,48.55862,0.977941145456293,1.0070688,42987.64792083333,1504971180360.0,0.4202155549082435,7213,1.6249643334218522,16.984070479716852,14.117968655034614,14.657825179460811,7.780297661797781,1.3039714213682918,41.44137954711914,42987.75,1504980000000,1.75,"{""type"":""MultiPoint"",""coordinates"":[]}",2017-09-09 15:33:00.360000+00:00,LC08_013030_20170909,18.632222222222214,0.3026457408331464,1.488888888888889,0.03333333333333336,18.759999999999994,9.0,18.86,18.86,,1.0,18.4,18.4,,1.0,17.9,17.9,,1.0,,,,,18.759999999999994,18.754999999999992,0.00836660026533907,6.0,,,,,,,,,,,,,,,,
108,1_2_1_LE07_013030_20170917,154.88249,8.0,46.088547,0.977941145456293,1.004999,42995.64963055556,1505662528080.0,0.8830760267987183,15158,3.1415875516382776,22.876059104956635,18.68499280660751,18.702503591429355,16.56141525446639,0.4609561055858413,43.91145324707031,42995.75,1505671200000,2.4000000000000004,"{""type"":""MultiPoint"",""coordinates"":[]}",2017-09-17 15:35:28.080000+00:00,LE07_013030_20170917,20.75777777777778,0.22179820658527558,1.488888888888889,0.03333333333333336,20.830000000000005,9.0,20.48,20.48,,1.0,20.67,20.67,,1.0,20.33,20.33,,1.0,,,,,20.895,20.89,0.06449806198638738,6.0,,,,,,,,,,,,,,,,
109,1_2_1_LE07_013030_20171003,159.09341,4.0,40.5122,0.977941145456293,1.0004927,43011.64964780092,1507044929570.0,0.8385085930672881,14393,8.169185220262946,18.16898390698775,14.525442246613677,14.382066275882046,9.32028753105582,0.4397577210551292,49.48780059814453,43011.75,1507053600000,1.5100000381469727,"{""type"":""MultiPoint"",""coordinates"":[]}",2017-10-03 15:35:29.570000+00:00,LE07_013030_20171003,18.606666666666666,0.07174027227901175,1.5,0.0,18.615000000000002,6.0,,,,,,,,,,,,,,,,,18.615000000000002,18.606666666666666,0.07174027227901231,6.0,,,,,,,,,,,,,,,,
110,2_1_LC08_013030_20171011,160.11484,66.99,37.565979999999996,0.977941145456293,0.9981546999999998,43019.648039699074,1507735990630.0,0.6593649868919312,11318,0.30784593662372073,14.877915962725416,10.267469347324859,11.941272513365135,-6.937430483943713,4.110449237849076,52.43402099609375,43019.75,1507744800000,1.0899999618530274,"{""type"":""MultiPoint"",""coordinates"":[]}",2017-10-11 15:33:10.630000+00:00,LC08_013030_20171011,18.033333333333335,0.03204163957519605,1.5,0.0,18.045,6.0,,,,,,,,,,,,,,,,,18.045,18.033333333333335,0.03204163957519591,6.0,,,,,,,,,,,,,,,,
113,1_2_1_LE07_013030_20171104,163.87947,54.0,29.768985999999998,0.977941145456293,0.9916552,43043.649669097234,1509809731410.0,0.8061753568307602,13838,0.6226017109638176,5.214097700097315,3.6601060729750734,4.0106540277011,-0.9513744163702156,0.9388117099413028,60.23101425170898,43043.75,1509818400000,1.1100000381469728,"{""type"":""MultiPoint"",""coordinates"":[]}",2017-11-04 15:35:31.410000+00:00,LE07_013030_20171104,13.0,0.0,1.5,0.0,13.0,4.0,,,,,,,,,,,,,,,,,13.0,13.0,0.0,4.0,,,,,,,,,,,,,,,,
114,2_1_LC08_013030_20171112,163.71901,28.4,27.388116999999998,0.977941145456293,0.9897209000000001,43051.648025,1510500789360.0,1.0,17165,2.0829805376184733,8.263132567849311,7.2429691314584765,7.421688435285156,2.7322185473911804,0.9299346195108268,62.61188316345215,43051.75,1510509600000,0.5099999904632568,"{""type"":""MultiPoint"",""coordinates"":[]}",2017-11-12 15:33:09.360000+00:00,LC08_013030_20171112,10.18,0.0,1.5,0.0,10.18,4.0,,,,,,,,,,,,,,,,,10.18,10.18,0.0,4.0,,,,,,,,,,,,,,,,
115,1_2_1_LE07_013030_20171120,164.30121,60.0,25.48968,0.977941145456293,0.9880043,43059.649625694445,1511192127660.0,0.284707253131372,4887,-0.3660291612815745,3.403687745261027,0.1614792833819918,0.9384064840441966,-6.1788573342641735,2.090625584016149,64.51032066345215,43059.75,1511200800000,0.1700000047683716,"{""type"":""MultiPoint"",""coordinates"":[]}",2017-11-20 15:35:27.660000+00:00,LE07_013030_20171120,7.96,0.028284271247462134,1.5,0.0,7.970000000000001,4.0,,,,,,,,,,,,,,,,,7.970000000000001,7.96,0.02828427124746245,4.0,,,,,,,,,,,,,,,,
116,2_1_LC08_013030_20171128,163.57854,49.36,23.72064,0.977941145456293,0.9864813,43067.64794976852,1511883182860.0,0.9842703175065541,16895,1.5939634571054686,2.3320728979281395,0.9568262186078976,1.1407311544295171,-3.4799263320536737,0.9413141750889761,66.27935981750488,43067.75,1511892000000,1.2100000381469729,"{""type"":""MultiPoint"",""coordinates"":[]}",2017-11-28 15:33:02.860000+00:00,LC08_013030_20171128,6.14,0.0,1.5,0.0,6.14,4.0,,,,,,,,,,,,,,,,,6.14,6.14,0.0,4.0,,,,,,,,,,,,,,,,
117,2_1_LC08_013030_20180523,139.42023999999998,0.28,62.59185,0.977941145456293,1.0125102,43243.6470849537,1527089508140.0,1.0,17165,4.257362358522247,22.229379362876355,14.09858734268235,13.717423099655258,13.119641687988189,1.1402343829866333,27.40814971923828,43243.75,1527098400000,0.9100000381469728,"{""type"":""MultiPoint"",""coordinates"":[]}",2018-05-23 15:31:48.140000+00:00,LC08_013030_20180523,13.986666666666666,0.086216781042517,0.85,0.0,13.97,3.0,,,,,,,,,,,,,,,,,13.97,13.986666666666666,0.08621678104251612,3.0,,,,,,,,,,,,,,,,
118,2_1_LC08_013030_20180608,135.84161,39.36,64.2172,0.977941145456293,1.0150348,43259.64701782407,1528471902340.0,0.7500728226041363,12875,5.1318428648001655,21.401344347056067,15.757829701152714,15.591662576115153,12.251965318722046,0.7561390603029764,25.782798767089844,43259.75,1528480800000,1.0899999618530274,"{""type"":""MultiPoint"",""coordinates"":[]}",2018-06-08 15:31:42.340000+00:00,LC08_013030_20180608,17.347222222222218,0.26414803237301654,0.21666666666666673,0.2388698882852583,17.38,18.0,,,,,,,,,,,,,,,,,16.909999999999997,17.091666666666665,0.3130761355751453,6.0,,,,,17.38,17.38,0.0,6.0,17.57,17.569999999999997,0.0,6.0,,,,
119,2_1_LC08_013030_20180710,134.11928,24.28,62.864323,0.977941145456293,1.0166549999999999,43291.647242708335,1531236721770.0,0.9351587532770173,16052,13.009502159846106,27.608572622607692,21.364755789828923,21.560242449636284,10.548879340994278,1.3958008692769497,27.135677337646484,43291.75,1531245600000,2.4600000381469727,"{""type"":""MultiPoint"",""coordinates"":[]}",2018-07-10 15:32:01.770000+00:00,LC08_013030_20180710,24.380416666666665,0.5763941825029021,0.18749999999999997,0.21174738846497995,24.25,24.0,,,,,,,,,,,,,,,,,23.85,23.965,0.20608250774871625,6.0,,,,,24.25,24.266666666666666,0.040824829046387734,6.0,25.32,25.319999999999997,0.0,6.0,23.97,23.97,0.0,6.0
120,1_2_1_LE07_013030_20180718,135.09932,2.0,61.687214000000004,0.977941145456293,1.0162792999999999,43299.647196759266,1531927917800.0,0.8812700262161375,15127,2.1744771549427893,25.89574049363306,20.919870812230197,20.798918224596953,18.167917906962053,0.4776051554742517,28.312786102294922,43299.75,1531936800000,0.7199999809265137,"{""type"":""MultiPoint"",""coordinates"":[]}",2018-07-18 15:31:57.800000+00:00,LE07_013030_20180718,24.508749999999996,0.5194253723022247,0.18749999999999997,0.21174738846497995,24.645,24.0,,,,,,,,,,,,,,,,,24.229999999999997,24.256666666666664,0.07527726527090679,6.0,,,,,25.03,25.045,0.03674234614174863,6.0,24.93,24.930000000000003,0.0,6.0,23.77,23.80333333333333,0.051639777949433,6.0
121,1_2_1_LE07_013030_20180819,143.74307,19.0,54.706340000000004,0.977941145456293,1.0120151,43331.646790162034,1534692682670.0,0.8505680163122633,14600,2.5122838741154285,22.867273401753078,20.167552305097466,20.279576037563512,18.168967330202086,0.3489703588307571,35.29365921020508,43331.75,1534701600000,1.5,"{""type"":""MultiPoint"",""coordinates"":[]}",2018-08-19 15:31:22.670000+00:00,LE07_013030_20180819,23.95875,0.17592766547152502,0.5125,0.35821113521400244,23.87,24.0,,,,,,,,,,,,,,,,,23.85,23.87833333333333,0.05307227776030021,6.0,,,,,23.87,23.83666666666667,0.051639777949432614,6.0,24.25,24.25,0.0,6.0,23.87,23.87,0.0,6.0
122,1_2_1_LE07_013030_20180904,149.08638,24.0,50.02081,0.977941145456293,1.0084507,43347.646560300935,1536075062810.0,0.6231867171570056,10697,4.664750186666364,21.83888747585696,18.353143857935322,18.700183677755067,13.276814065800377,0.7300562968386433,39.979190826416016,43347.75,1536084000000,1.5300000190734864,"{""type"":""MultiPoint"",""coordinates"":[]}",2018-09-04 15:31:02.810000+00:00,LE07_013030_20180904,23.745833333333326,0.19192201012654705,0.28749999999999987,0.24058352974093777,23.77,24.0,,,,,,,,,,,,,,,,,23.5,23.663333333333338,0.25935818218569096,6.0,,,,,23.97,23.97,0.0,6.0,23.77,23.77,0.0,6.0,23.58,23.58,0.0,6.0
123,2_1_LC08_013030_20181014,160.51838999999998,11.37,36.58507,0.977941145456293,0.9974156999999999,43387.64772986111,1539531163860.0,0.9967958054180016,17110,5.71620400516251,12.792594637446987,11.642748302319749,12.158796218445284,3.6378392278378464,1.2407441802103432,53.4149284362793,43387.75,1539540000000,1.3199999809265135,"{""type"":""MultiPoint"",""coordinates"":[]}",2018-10-14 15:32:43.860000+00:00,LC08_013030_20181014,15.283333333333331,0.01527525231652011,0.85,0.0,15.28,3.0,,,,,,,,,,,,,,,,,15.28,15.283333333333331,0.015275252316520207,3.0,,,,,,,,,,,,,,,,
124,1_2_1_LE07_013030_20181022,160.95406,45.0,33.681534,0.977941145456293,0.9951671000000001,43395.645783796295,1540222195720.0,0.8505097582289542,14599,11.498359712890474,9.320984606508443,8.19502494827456,8.163731412003923,0.31249676007509114,0.8745330857089231,56.31846618652344,43395.75,1540231200000,0.6699999809265137,"{""type"":""MultiPoint"",""coordinates"":[]}",2018-10-22 15:29:55.720000+00:00,LE07_013030_20181022,11.254999999999999,0.009999999999999787,1.5,0.0,11.26,4.0,,,,,,,,,,,,,,,,,11.26,11.254999999999999,0.00999999999999954,4.0,,,,,,,,,,,,,,,,
125,1_2_1_LE07_013030_20181107,162.4868,30.0,28.645536,0.977941145456293,0.9909771,43411.6455431713,1541604574930.0,0.6161957471599184,10577,4.1727190473872815,9.89477915020684,6.1629825420709095,6.403844064493453,0.3124961398110606,0.895022131424035,61.35446357727051,43411.75,1541613600000,1.0199999809265137,"{""type"":""MultiPoint"",""coordinates"":[]}",2018-11-07 15:29:34.930000+00:00,LE07_013030_20181107,8.274999999999999,0.019148542155127127,1.5,0.0,8.27,4.0,,,,,,,,,,,,,,,,,8.27,8.274999999999999,0.019148542155127745,4.0,,,,,,,,,,,,,,,,
126,1_2_1_LE07_013030_20181123,162.70648,5.0,24.552137,0.977941145456293,0.9874639000000001,43427.645276157404,1542986951860.0,0.8641421497232741,14833,3.7379352943578934,2.792970961840463,0.4865472464250013,0.9384068016394254,-8.216697450229193,1.6708272360093075,65.44786262512207,43427.75,1542996000000,0.29000000953674315,"{""type"":""MultiPoint"",""coordinates"":[]}",2018-11-23 15:29:11.860000+00:00,LE07_013030_20181123,3.75,0.019999999999999796,1.5,0.0,3.76,4.0,,,,,,,,,,,,,,,,,3.76,3.75,0.019999999999999685,4.0,,,,,,,,,,,,,,,,
127,1_2_1_LE07_013030_20190518,137.12955,5.0,60.68391999999999,0.977941145456293,1.0114827,43603.641317824084,1558193009860.0,0.8593649868919313,14751,10.402139932936949,19.228202003911942,8.411742203371487,8.163404305821611,6.993510829215517,1.1427583371102596,29.31607818603516,43603.75,1558202400000,1.2100000381469729,"{""type"":""MultiPoint"",""coordinates"":[]}",2019-05-18 15:23:29.860000+00:00,LE07_013030_20190518,9.275,0.0378593889720018,1.5,0.0,9.29,4.0,,,,,,,,,,,,,,,,,9.29,9.275,0.037859388972001605,4.0,,,,,,,,,,,,,,,,
128,2_1_LC08_013030_20190526,139.13905,33.01,63.095980000000004,0.977941145456293,1.0130392,43611.647622337965,1558884754570.0,0.7491406932711914,12859,3.055507752915945,20.864210213537568,13.5561979886546,13.215655690134833,10.61960811687258,1.3731171366307344,26.90401840209961,43611.75,1558893600000,1.4899999618530275,"{""type"":""MultiPoint"",""coordinates"":[]}",2019-05-26 15:32:34.570000+00:00,LC08_013030_20190526,12.365000000000002,0.035071355833499566,1.5,0.0,12.365000000000002,6.0,,,,,,,,,,,,,,,,,12.365000000000002,12.365000000000002,0.035071355833499865,6.0,,,,,,,,,,,,,,,,
129,1_2_1_LE07_013030_20190603,132.98523,20.0,62.677096999999996,0.977941145456293,1.014316,43619.64092002314,1559575375490.0,0.8562773084765511,14698,9.109293826289074,20.278328759429172,12.459938563942316,12.161081790269591,11.033710495421712,0.7574416145457192,27.32290267944336,43619.75,1559584800000,1.1300000190734865,"{""type"":""MultiPoint"",""coordinates"":[]}",2019-06-03 15:22:55.490000+00:00,LE07_013030_20190603,14.488333333333335,0.011690451944499872,1.5,0.0,14.49,6.0,,,,,,,,,,,,,,,,,14.49,14.488333333333335,0.011690451944499632,6.0,,,,,,,,,,,,,,,,
130,2_1_LC08_013030_20190627,133.95963999999998,31.25,64.1912,0.977941145456293,1.0165905000000002,43643.64776689815,1561649567060.0,0.8567433731430236,14706,1.8206170373109252,24.90445626150391,19.786498189457113,19.907162005837773,14.109679002372992,1.0435652619242048,25.808799743652344,43643.75,1561658400000,1.829999923706055,"{""type"":""MultiPoint"",""coordinates"":[]}",2019-06-27 15:32:47.060000+00:00,LC08_013030_20190627,21.820000000000004,0.20435263639111684,1.5,0.0,21.78,6.0,,,,,,,,,,,,,,,,,21.78,21.820000000000004,0.20435263639111764,6.0,,,,,,,,,,,,,,,,
131,2_1_LC08_013030_20190729,137.95032,15.63,59.916973,0.977941145456293,1.0153943,43675.647868611115,1564414375848.0,0.8675793766385086,14892,8.65950171790156,26.33025176129065,21.69973225833145,21.6560037535242,17.314196108751695,0.5180466125360615,30.083026885986328,43675.75,1564423200000,2.4299999237060548,"{""type"":""MultiPoint"",""coordinates"":[]}",2019-07-29 15:32:55.848000+00:00,LC08_013030_20190729,25.851666666666674,0.1692828008589934,1.5,0.0,25.870000000000005,6.0,,,,,,,,,,,,,,,,,25.870000000000005,25.851666666666674,0.16928280085899405,6.0,,,,,,,,,,,,,,,,
132,2_1_LC08_013030_20190814,142.73685,33.76,56.289066000000005,0.977941145456293,1.0130033,43691.64793539352,1565796781618.0,0.8164287794931546,14014,3.22505384301018,24.2792078722469,17.666536921300285,17.810816478156486,4.8914089611369835,1.8156359608220876,33.71093368530273,43691.75,1565805600000,1.8899999618530277,"{""type"":""MultiPoint"",""coordinates"":[]}",2019-08-14 15:33:01.618000+00:00,LC08_013030_20190814,23.646666666666665,0.14306175822583353,1.5,0.0,23.625,6.0,,,,,,,,,,,,,,,,,23.625,23.646666666666665,0.1430617582258339,6.0,,,,,,,,,,,,,,,,
133,1_2_1_LE07_013030_20190907,145.82301,8.0,47.98254,0.977941145456293,1.0077679,43715.63826774305,1567869546333.0,0.8117681328284301,13934,11.592158449536806,18.701090332313825,15.973615939742293,16.0201581783217,9.31965492273142,0.6438984217620638,42.01745986938477,43715.75,1567879200000,1.9100000381469728,"{""type"":""MultiPoint"",""coordinates"":[]}",2019-09-07 15:19:06.333000+00:00,LE07_013030_20190907,20.633333333333336,0.03669695718539442,1.5,0.0,20.635000000000005,6.0,,,,,,,,,,,,,,,,,20.635000000000005,20.633333333333336,0.03669695718539444,6.0,,,,,,,,,,,,,,,,
134,2_1_LC08_013030_20190915,153.39389,15.55,46.755367,0.977941145456293,1.0056728000000001,43723.648036666666,1568561590368.0,0.9013690649577628,15472,11.267260470171824,19.288095016269807,16.34531053391025,16.409512347764867,10.74576348726619,0.5886379660062696,43.24463272094727,43723.75,1568570400000,1.9899999618530275,"{""type"":""MultiPoint"",""coordinates"":[]}",2019-09-15 15:33:10.368000+00:00,LC08_013030_20190915,19.166666666666668,0.02065591117977245,1.5,0.0,19.165,6.0,,,,,,,,,,,,,,,,,19.165,19.166666666666668,0.020655911179772002,6.0,,,,,,,,,,,,,,,,
135,1_2_1_LE07_013030_20191009,154.86057,63.0,37.31915,0.977941145456293,0.9989184999999999,43747.637316157416,1570634264116.0,0.8366443344013982,14361,9.487892321886813,13.831158243898704,12.561983002683814,12.72067914520099,6.9937516371109565,0.4098601663349157,52.68085098266602,43747.75,1570644000000,0.8,"{""type"":""MultiPoint"",""coordinates"":[]}",2019-10-09 15:17:44.116000+00:00,LE07_013030_20191009,15.538333333333332,0.01329160135825191,1.5,0.0,15.54,6.0,,,,,,,,,,,,,,,,,15.54,15.538333333333332,0.013291601358252364,6.0,,,,,,,,,,,,,,,,
136,2_1_LC08_013030_20191102,163.17651,1.4,30.42773,0.977941145456293,0.9922924000000001,43771.6481132176,1572708796982.0,1.0,17165,3.805857139472376,9.710107841925833,9.053066505643883,9.202413109548845,5.573094728883297,0.5697741878322335,59.57226943969727,43771.75,1572717600000,1.0,"{""type"":""MultiPoint"",""coordinates"":[]}",2019-11-02 15:33:16.982000+00:00,LC08_013030_20191102,12.01,0.04195235392680576,1.5,0.0,12.004999999999999,6.0,,,,,,,,,,,,,,,,,12.004999999999999,12.01,0.04195235392680566,6.0,,,,,,,,,,,,,,,,
138,1_2_1_LE07_013030_20200520,129.64352,0.0,58.806763000000004,0.977941145456293,1.0120347,43971.629212546286,1589987163964.0,0.8515001456452083,14616,5.79913138000731,20.800169283620047,11.34861200386672,11.033683898901955,8.743621112345956,1.263741109200949,31.1932373046875,43971.75,1589997600000,1.1600000381469726,"{""type"":""MultiPoint"",""coordinates"":[]}",2020-05-20 15:06:03.964000+00:00,LE07_013030_20200520,12.123333333333333,0.08914407813571637,1.5,0.0,12.120000000000001,6.0,,,,,,,,,,,,,,,,,12.120000000000001,12.123333333333333,0.08914407813571612,6.0,,,,,,,,,,,,,,,,
139,2_1_LC08_013030_20200613,135.18091,42.39,64.48404000000001,0.977941145456293,1.0156709000000002,43995.647587673615,1592062351575.0,0.491581706961841,8438,7.9887727644465025,20.881294964416696,14.820683011517193,15.316142084085026,4.566955039067499,1.3512900725291734,25.51596069335937,43995.75,1592071200000,1.2399999618530275,"{""type"":""MultiPoint"",""coordinates"":[]}",2020-06-13 15:32:31.575000+00:00,LC08_013030_20200613,18.165000000000003,0.0546808924579669,1.5,0.0,18.17,6.0,,,,,,,,,,,,,,,,,18.17,18.165000000000003,0.054680892457966764,6.0,,,,,,,,,,,,,,,,
140,2_1_LC08_013030_20200715,135.10825,67.6,62.201530000000005,0.977941145456293,1.0164583,44027.647756493054,1594827166161.0,0.6390329158170697,10969,4.100885345507616,23.14001553211415,19.52834813463689,19.90435886113091,12.273759230187894,1.0400548405702237,27.79846954345703,44027.75,1594836000000,2.029999923706055,"{""type"":""MultiPoint"",""coordinates"":[]}",2020-07-15 15:32:46.161000+00:00,LC08_013030_20200715,24.890000000000004,0.17076299364909306,1.5,0.0,24.870000000000005,6.0,,,,,,,,,,,,,,,,,24.870000000000005,24.890000000000004,0.17076299364909325,6.0,,,,,,,,,,,,,,,,
141,2_1_LC08_013030_20200731,138.64445,6.67,59.342148,0.977941145456293,1.0150009,44043.64780653935,1596209570485.0,0.9987765802505096,17144,17.426879149932116,26.26542759700727,21.743702869976783,21.702589477961226,20.705929511799113,0.3328151996889038,30.65785217285156,44043.75,1596218400000,2.0100000381469734,"{""type"":""MultiPoint"",""coordinates"":[]}",2020-07-31 15:32:50.485000+00:00,LC08_013030_20200731,25.47333333333333,0.048853522561497595,1.5,0.0,25.479999999999997,6.0,,,,,,,,,,,,,,,,,25.479999999999997,25.47333333333333,0.048853522561498754,6.0,,,,,,,,,,,,,,,,
142,2_1_LC08_013030_20200917,154.20373999999998,60.69,45.820934,0.977941145456293,1.0049697,44091.648023217596,1600356789206.0,0.908418293038159,15593,-0.25709765682112673,18.294166355966226,14.188249013727846,14.343113776560344,8.583507063250357,1.7232047704613074,44.1790657043457,44091.75,1600365600000,1.5800000190734864,"{""type"":""MultiPoint"",""coordinates"":[]}",2020-09-17 15:33:09.206000+00:00,LC08_013030_20200917,19.386666666666667,0.0206559111797705,1.5,0.0,19.380000000000003,6.0,,,,,,,,,,,,,,,,,19.380000000000003,19.386666666666667,0.020655911179771502,6.0,,,,,,,,,,,,,,,,
143,1_2_1_LE07_013030_20200925,145.3573,7.0,39.910070000000005,0.977941145456293,1.0027235,44099.623691527784,1601045886948.0,0.8354209146519079,14340,5.4162483978887925,17.63607116918286,13.975928188344767,13.830276013656675,13.276220817235913,0.41663037264645697,50.08993148803711,44099.5,1601035200000,1.9899999618530275,"{""type"":""MultiPoint"",""coordinates"":[]}",2020-09-25 14:58:06.948000+00:00,LE07_013030_20200925,17.123333333333335,0.05046450898073606,1.5,0.0,17.135000000000005,6.0,,,,,,,,,,,,,,,,,17.135000000000005,17.123333333333335,0.05046450898073674,6.0,,,,,,,,,,,,,,,,
144,2_1_LC08_013030_20201003,158.48898,51.76,40.278620000000004,0.977941145456293,1.0003968,44107.64806612269,1601739192913.0,0.6675211185551996,11458,2.6220296608945715,13.69531966135154,11.609849058082421,12.216261258133075,-0.5833205870717679,1.9831218351056497,49.72137832641602,44107.75,1601748000000,1.2699999809265137,"{""type"":""MultiPoint"",""coordinates"":[]}",2020-10-03 15:33:12.913000+00:00,LC08_013030_20201003,17.42833333333333,0.0457893728573195,1.5,0.0,17.41,6.0,,,,,,,,,,,,,,,,,17.41,17.42833333333333,0.045789372857318496,6.0,,,,,,,,,,,,,,,,
145,1_2_1_LE07_013030_20201011,149.50652,3.0,34.627495,0.977941145456293,0.9981450999999999,44115.622986944436,1602428226072.0,0.8142149723274105,13976,5.623465387156632,13.277297010148752,12.232593944249794,12.16132326048721,8.163770935642825,0.536692005173972,55.37250518798828,44115.5,1602417600000,0.4800000190734863,"{""type"":""MultiPoint"",""coordinates"":[]}",2020-10-11 14:57:06.072000+00:00,LE07_013030_20201011,14.895000000000001,0.0408656334834034,0.75,0.0,14.89,6.0,,,,,,,,,,,,,,,,,,,,,14.89,14.895000000000001,0.04086563348340385,6.0,,,,,,,,,,,,
