system:index,cloud_cover,emiss,landsat_time,pixel_count,surface_temp_coffin,surface_temp_fichter,surface_temp_mean,surface_temp_midge,surface_temp_newbury,surface_temp_stdDev,vapor_time,water_column,.geo
1_1_2_1_LT05_013030_19900424,20.0,0.981,640968787603,24908,4.478743007324586,5.496341210318058,5.619560862002293,6.504328672689067,7.004822010455106,1.5024391744414478,640958400000,0.7899993896484375,
1_1_2_1_LT05_013030_19900526,41.0,0.981,643733584131,22949,8.984095319871773,8.984095319871773,9.784262890109991,2.9337352029311003,6.504273634270355,2.6237693195969727,643723200000,0.929998779296875,
1_1_2_1_LT05_013030_19900627,52.0,0.981,646498383500,24908,18.396990391145298,18.396990391145298,18.90661719091909,19.748561337987947,18.84909483081788,0.6023805602450748,646488000000,2.4899993896484376,
1_1_1_1_LT04_013030_19900705,64.0,0.981,6.4719015119E11,4359,-9999,-9999,17.69776703193061,-9999,-9999,0.5187414267139758,647200800000,1.5100006103515626,
1_1_2_1_LT05_013030_19900713,50.0,0.981,647880780954,3089,-9999,-9999,13.646718833334925,13.784251331923267,-9999,0.8775175113044333,647870400000,0.8600006103515625,
1_1_1_1_LT04_013030_19900721,39.0,0.981,6.48572528899E11,16027,-9999,15.926319482879638,18.03681596621258,19.00835099419231,-9999,1.502512519594784,648583200000,1.8700012207031251,
1_1_2_1_LT05_013030_19900729,13.0,0.981,649263176699,22368,20.6390657154669,19.746579325932373,20.389229901018684,20.193601952562783,19.297966896803963,0.4908449285086399,649252800000,2.1100006103515625,
1_1_2_1_LT05_013030_19900814,68.0,0.981,650645572287,0,-9999,-9999,,-9999,-9999,,650635200000,2.6,
1_1_2_1_LT05_013030_19900830,5.0,0.981,652027964967,24908,18.39408290104412,18.845472586142858,18.679444110677885,19.295241453923826,18.845472586142858,0.3174893570065986,652017600000,1.270001220703125,
1_1_2_1_LT05_013030_19901001,4.0,0.981,654792751260,21163,-9999,12.840218980575216,12.681554770345828,12.840218980575216,12.840218980575216,0.8453708523318192,654782400000,0.25,
1_1_2_1_LT05_013030_19901017,27.0,0.981,656175146788,23399,11.408960229964077,-9999,11.009641019432275,10.445031538279718,10.928004307995547,0.49937420393816834,656164800000,1.529998779296875,
1_1_2_1_LT05_013030_19910310,53.0,0.981,668616851525,27,-9999,-9999,-13.887764591603517,-9999,-9999,0.540552727394996,668606400000,0.41000061035156254,
1_1_2_1_LT05_013030_19910411,54.0,0.981,671381684583,3508,-9999,-9999,2.5618093113561744,-9999,3.4512889172461283,1.0996159362982534,671371200000,0.779998779296875,
1_1_2_1_LT05_013030_19910427,4.0,0.981,672764100357,24908,7.502621255946643,8.492202924042871,8.846494782427703,10.445238827222262,8.983684874987185,1.7711162219407246,672753600000,1.379998779296875,
1_1_2_1_LT05_013030_19910513,0.0,0.981,674146518239,24908,11.409347419275646,12.365143101440681,12.451517627499506,13.31306705591813,12.8400850966389,1.4745374920829388,674136000000,1.2100006103515626,
1_1_2_1_LT05_013030_19910529,19.0,0.981,675528933430,0,-9999,-9999,,-9999,-9999,,675518400000,2.539999389648438,
1_1_2_1_LT05_013030_19910614,23.0,0.981,676911341326,615,-9999,-9999,1.0731278491506904,-9999,-9999,0.6426941915686166,676900800000,1.1100006103515625,
1_1_2_1_LT05_013030_19910716,1.0,0.981,679676172661,24520,-9999,18.84606242172031,18.703566881246726,19.29594561852334,18.394565743656102,0.7142009670475568,679665600000,1.529998779296875,
1_1_2_1_LT05_013030_19910801,35.0,0.981,681058581696,0,-9999,-9999,,-9999,-9999,,681048000000,2.8100006103515627,
1_1_2_1_LT05_013030_19910817,5.0,0.981,682440985974,0,-9999,-9999,,-9999,-9999,,682430400000,3.1300003051757814,
1_1_2_1_LT05_013030_19910902,0.0,0.981,683823399262,24908,17.029881652228184,17.029881652228184,17.177683597015026,17.029881652228184,17.029881652228184,0.4657415161517019,683812800000,1.5399993896484376,
1_1_2_1_LT05_013030_19910918,69.0,0.981,685205810663,20361,8.98367259083858,7.004418610231214,10.714021542843088,14.720491956153749,-9999,2.0600671662003167,685195200000,1.3899993896484375,
1_1_2_1_LT05_013030_19911004,7.0,0.981,686588213419,23801,12.840052470456667,-9999,12.859461429429965,12.840052470456667,12.840052470456667,0.3812572958621125,686577600000,1.25,
1_1_2_1_LT05_013030_19911020,37.0,0.981,687970623156,1192,-9999,-9999,1.1181807136155046,-9999,-9999,1.6676039927950665,687960000000,0.7000000000000001,
1_1_2_1_LT05_013030_19920413,4.0,0.981,703177012752,486,-9999,-9999,0.3158333494572166,-9999,-9999,1.3180839005972884,703166400000,0.1,
1_1_2_1_LT05_013030_19920515,35.0,0.981,705941795155,21999,8.984170261843511,7.998965421425736,8.776674562066843,8.984170261843511,-9999,1.2848720315704765,705931200000,0.779998779296875,
1_1_2_1_LT05_013030_19920616,1.0,0.981,708706573478,24908,16.111341538505418,16.571321859661513,16.60217219492198,16.571321859661513,17.029555497876885,0.6907837568883592,708696000000,1.1200012207031251,
1_1_2_1_LT05_013030_19920819,64.0,0.981,714236122680,16676,-9999,14.252255719654128,14.926956843571597,15.649364382780192,15.185455723833359,0.5419813039506255,714225600000,2.2399993896484376,
1_1_2_1_LT05_013030_19920904,61.0,0.981,715618509192,0,-9999,-9999,,-9999,-9999,,715608000000,1.570001220703125,
1_1_2_1_LT05_013030_19920920,1.0,0.981,717000893518,24908,14.720259443205304,14.25286847277236,14.770178996468603,15.185796955893045,13.783623481824236,0.4273621354324646,716990400000,1.7600006103515626,
1_1_2_1_LT05_013030_19921006,0.0,0.981,718383268885,24881,10.445482474434264,10.445482474434264,10.524734417290246,10.92844982241318,9.960400245841615,0.7040139069114557,718372800000,1.1600006103515625,
1_1_2_1_LT05_013030_19921022,62.0,0.981,719765659927,12476,-9999,-9999,7.597503676704445,-9999,-9999,0.836008547997754,719755200000,0.970001220703125,
1_1_2_1_LT05_013030_19930315,0.0,0.981,732207304500,0,-9999,-9999,,-9999,-9999,,732196800000,0.1100006103515625,
1_1_2_1_LT05_013030_19930331,8.0,0.981,733589707283,0,-9999,-9999,,-9999,-9999,,733579200000,1.0600006103515625,
1_1_2_1_LT05_013030_19930502,0.0,0.981,736354520563,24908,6.001516445742602,6.001516445742602,7.039727434466989,8.492647462698736,7.503023031817173,1.9808365868937134,736344000000,0.8399993896484376,
1_1_2_1_LT05_013030_19930518,86.0,0.981,737736922573,0,-9999,-9999,,-9999,-9999,,737726400000,0.8200012207031251,
1_1_2_1_LT05_013030_19930603,10.0,0.981,739119326198,14539,-9999,10.928557899091652,10.803450708429091,-9999,11.409498497825108,1.1648710861162062,739108800000,1.029998779296875,
1_1_2_1_LT05_013030_19930705,3.0,0.981,741884117507,24908,17.943154009970296,17.48774294992507,17.97376433340954,18.396899335218258,17.48774294992507,0.7449894146075767,741873600000,2.4600006103515626,
1_1_2_1_LT05_013030_19930721,34.0,0.981,743266518089,6439,-9999,-9999,17.338587383608424,-9999,-9999,0.680135039935401,743256000000,1.770001220703125,
1_1_2_1_LT05_013030_19930806,26.0,0.981,744648918042,23730,16.571634330984253,15.649540205580857,14.714651921509379,16.571634330984253,17.941762906841088,1.5155653749688582,744638400000,1.770001220703125,
1_1_2_1_LT05_013030_19930907,84.0,0.981,747413714977,6319,-9999,-9999,10.787463163973047,11.887175424809842,-9999,0.7650695372406541,747403200000,1.9399993896484375,
1_1_2_1_LT05_013030_19931025,22.0,0.981,751560901304,21603,8.49272605182582,7.999017292071663,8.555695885484619,-9999,-9999,0.5540849712199843,751550400000,0.570001220703125,
1_1_2_1_LT05_013030_19940302,9.0,0.981,762620022194,0,-9999,-9999,,-9999,-9999,,762609600000,0.37999877929687503,
1_1_2_1_LT05_013030_19940318,19.0,0.981,764002408343,162,-9999,-9999,-5.764182123862432,-9999,-9999,0.9539993561760823,763992000000,0.37999877929687503,
1_1_2_1_LT05_013030_19940403,100.0,0.981,765384791965,0,-9999,-9999,,-9999,-9999,,765374400000,1.35,
1_1_2_1_LT05_013030_19940521,1.0,0.981,769531938037,24908,11.408588156925187,10.927624482758283,11.26961271998236,11.408588156925187,9.959568757344035,1.5884024127199745,769521600000,1.7600006103515626,
1_1_2_1_LT05_013030_19940622,5.0,0.981,772296699127,24738,17.486868481645722,16.111473509151992,17.815886262303618,18.395285289102087,17.030149322755623,0.7495431578275052,772286400000,1.8600006103515625,
1_1_2_1_LT05_013030_19940708,45.0,0.981,773679074079,0,-9999,-9999,,-9999,-9999,,773668800000,3.539999389648438,
1_1_2_1_LT05_013030_19940724,45.0,0.981,775061447436,0,-9999,-9999,,-9999,-9999,,775051200000,2.6,
1_1_2_1_LT05_013030_19940809,16.0,0.981,776443821208,0,-9999,-9999,,-9999,-9999,,776433600000,2.760000610351563,
1_1_2_1_LT05_013030_19940825,10.0,0.981,777826197924,24908,17.942545937466612,18.39609701137511,18.05239505881134,18.39609701137511,17.942545937466612,0.3258641128476326,777816000000,2.1800003051757812,
1_1_2_1_LT05_013030_19940910,6.0,0.981,779208573472,16392,12.365243781531895,13.784185351734818,13.783468390025106,-9999,14.253323485841923,0.6768256547604815,779198400000,1.079998779296875,
1_1_2_1_LT05_013030_19941012,0.0,0.981,781973318839,24902,9.960560542973973,9.960560542973973,9.672345548498509,9.960560542973973,8.984076617918866,0.5685674133634656,781963200000,0.9600006103515626,
1_1_2_1_LT05_013030_19941028,1.0,0.981,783355686602,24908,8.984089223399788,8.984089223399788,9.01576120420014,8.984089223399788,8.984089223399788,0.37775262487180433,783345600000,0.9399993896484375,
1_1_2_1_LT05_013030_19950305,54.0,0.981,794414612008,14713,-9999,-9999,-14.383777131479283,-14.005282380733492,-9999,0.5733199983425182,794404800000,0.520001220703125,
1_1_2_1_LT05_013030_19950406,6.0,0.981,797179332470,19370,-5.162702517377966,-4.601849238167711,-3.701790636845645,-9999,-2.3902422677356094,2.1705970991771113,797169600000,0.1399993896484375,
1_1_2_1_LT05_013030_19950422,73.0,0.981,798561691254,1314,-9999,-9999,3.7629389267080455,-9999,-9999,0.40990035846462075,798552000000,1.3399993896484377,
1_1_2_1_LT05_013030_19950508,11.0,0.981,799944048061,12835,4.47864254087521,-9999,5.34571736279147,-9999,6.001380874300035,1.0624779112822766,799934400000,1.129998779296875,
1_1_2_1_LT05_013030_19950524,77.0,0.981,801326404945,0,-9999,-9999,,-9999,-9999,,801316800000,2.9899993896484376,
1_1_2_1_LT05_013030_19950609,60.0,0.981,802708759906,2266,-9999,-9999,8.468184126011586,-9999,10.445717802693775,1.5760647563668875,802699200000,0.8200012207031251,
1_1_2_1_LT05_013030_19950625,67.0,0.981,804091117963,0,-9999,-9999,,-9999,-9999,,804081600000,2.6800003051757812,
1_1_2_1_LT05_013030_19950727,38.0,0.981,806855830497,0,-9999,-9999,,-9999,-9999,,806846400000,2.9300003051757812,
1_1_2_1_LT05_013030_19950812,72.0,0.981,808238186471,0,-9999,-9999,,-9999,-9999,,808228800000,3.7399993896484376,
1_1_2_1_LT05_013030_19950828,16.0,0.981,809620541690,9069,-9999,-9999,8.974589654666476,-9999,-9999,1.3707179222373722,809611200000,0.779998779296875,
1_1_2_1_LT05_013030_19950929,20.0,0.981,812385246975,24908,10.44578143701663,7.004873077523854,9.072690427570006,9.96070505484471,6.0015761573502715,1.3009556349410054,812376000000,0.570001220703125,
1_1_2_1_LT05_013030_19960424,71.0,0.981,830356966276,50,-9999,-9999,3.9052480886880785,-9999,-9999,1.172742252165161,830347200000,1.05,
1_1_2_1_LT05_013030_19960526,1.0,0.981,833121877234,24526,10.92872933183377,10.92872933183377,10.89579962900866,10.445771161459614,11.888531718032056,1.0538567269125017,833112000000,0.65,
1_1_2_1_LT05_013030_19960611,59.0,0.981,834504330289,0,-9999,-9999,,-9999,-9999,,834494400000,3.219999694824219,
1_1_2_1_LT05_013030_19960627,73.0,0.981,835886781747,0,-9999,-9999,,-9999,-9999,,835876800000,1.9000000000000001,
1_1_2_1_LT05_013030_19960729,8.0,0.981,838651683364,5717,-9999,-9999,10.711100891057107,7.5021203559087315,16.111467271048415,2.9991143670295113,838641600000,1.770001220703125,
1_1_2_1_LT05_013030_19960814,5.0,0.981,840034133375,24524,18.846111882999253,18.394605957028567,18.856603726552393,19.29600496648115,18.394605957028567,0.4400419489266072,840024000000,1.55,
1_1_2_1_LT05_013030_19960830,0.0,0.981,841416585243,24908,17.02941733200956,18.393563275395916,17.58298857196365,18.393563275395916,18.393563275395916,0.8960683338755693,841406400000,0.929998779296875,
1_1_2_1_LT05_013030_19960915,47.0,0.981,842799038047,21677,15.185727569289067,15.185727569289067,15.069299900709336,15.185727569289067,15.649509905944639,0.5182418095266519,842788800000,1.879998779296875,
1_1_2_1_LT05_013030_19961001,17.0,0.981,844181489506,24908,12.364245218221155,11.887292284358436,11.951150996481989,11.408362901674062,11.887292284358436,0.3658533438193194,844171200000,1.879998779296875,
1_1_2_1_LT05_013030_19961017,19.0,0.981,845563939230,24037,10.445703936838818,9.960623799696366,10.270502830949866,10.445703936838818,10.445703936838818,0.40956377582959735,845553600000,0.8500000000000001,
1_1_2_1_LT05_013030_19970310,70.0,0.981,858005934236,1605,-9999,-9999,-4.423085565492739,-9999,-9999,0.6412962823503079,857995200000,0.9500000000000001,
1_1_2_1_LT05_013030_19970427,8.0,0.981,862153238809,24870,-1.8450362974503112,-1.8450362974503112,-1.4631599907867774,0.3066059076964765,-0.7634530860207275,1.4238759976467252,862164000000,0.8100006103515626,
1_1_2_1_LT05_013030_19970529,52.0,0.981,864918105907,0,-9999,-9999,,-9999,-9999,,864928800000,1.6,
1_1_2_1_LT05_013030_19970614,25.0,0.981,866300538491,15386,-9999,14.720594999706416,16.04066614999108,-9999,15.649576265968573,0.6642811996269686,866311200000,1.0600006103515625,
1_1_2_1_LT05_013030_19970630,4.0,0.981,867682972700,24879,18.39663207207143,18.84864223507121,19.096657327657827,19.747900093130482,19.29907489686391,0.8003517910955741,867693600000,2.369999694824219,
1_1_2_1_LT05_013030_19970817,69.0,0.981,871830267540,1452,16.5716163087625,-9999,16.33476241411664,-9999,-9999,0.45235927252200414,871840800000,1.7299987792968752,
1_1_2_1_LT05_013030_19970902,64.0,0.981,873212696352,0,-9999,-9999,,-9999,-9999,,873223200000,2.969999694824219,
1_1_2_1_LT05_013030_19970918,41.0,0.981,874595122752,0,-9999,-9999,,-9999,-9999,,874605600000,1.2000000000000002,
1_1_2_1_LT05_013030_19971004,87.0,0.981,875977551408,0,-9999,-9999,,-9999,-9999,,875988000000,1.779998779296875,
1_1_2_1_LT05_013030_19971020,43.0,0.981,877359977597,2836,-9999,-9999,3.435490070174118,6.504155093965844,-9999,2.0732281089511018,877370400000,1.1399993896484375,
1_1_2_1_LT05_013030_19980414,0.0,0.981,892566591851,24885,3.966303118727625,3.966303118727625,4.472867961868342,5.496386184635474,5.496386184635474,1.7727438627330734,892576800000,0.470001220703125,
1_1_2_1_LT05_013030_19980516,1.0,0.981,895331420985,24908,12.364171527074461,12.364171527074461,12.87586611088419,12.839184301151835,12.364171527074461,1.531717091200767,895341600000,1.9200012207031252,
1_1_2_1_LT05_013030_19980703,16.0,0.981,899478661111,15414,-9999,18.39483495497044,17.960175438668763,17.941574530938645,-9999,0.7915996382365835,899488800000,1.6600006103515625,
1_1_2_1_LT05_013030_19980820,22.0,0.981,903625884585,7173,11.88776825315663,-9999,10.034751124737236,-9999,-9999,1.551075383660782,903636000000,1.6,
1_1_2_1_LT05_013030_19980905,64.0,0.981,905008294781,6293,-9999,-9999,16.167718436661264,16.11147403457888,-9999,0.6115624165117838,905018400000,1.8700012207031251,
1_1_2_1_LT05_013030_19990401,86.0,0.981,922979495935,9993,-9999,-2.9388406571412573,-2.1763931043181683,-9999,-9999,2.040702848587311,922989600000,1.7000000000000002,
1_1_2_1_LT05_013030_19990604,5.0,0.981,928509057273,14396,14.720583581055209,13.31312432982642,14.794539455492304,16.111341538505418,14.720583581055209,0.9406815474832017,928519200000,1.1200012207031251,
1_1_2_1_LT05_013030_19990620,50.0,0.981,929891449255,13744,15.185548922703266,-9999,13.620960445887825,14.71990327035353,14.71990327035353,2.037806901202335,929901600000,2.129998779296875,
1_2_1_LE07_013030_19990714,82.0,0.981,931965941478,0,-9999,-9999,,-9999,-9999,,931975200000,1.8700012207031251,
1_1_2_1_LT05_013030_19990722,16.0,0.981,932656237528,19044,18.849133498097075,-9999,19.027788232789895,19.299675773617533,19.299675773617533,0.5605468356755562,932666400000,2.5,
1_2_1_LE07_013030_19990730,5.0,0.981,933348346992,0,-9999,-9999,,-9999,-9999,,933357600000,3.25,
1_1_2_1_LT05_013030_19990807,12.0,0.981,934038634745,24076,18.84626376159186,18.84626376159186,19.133250231987805,19.296187439167788,19.296187439167788,0.3622413380427855,934048800000,1.6100006103515625,
1_1_2_1_LT05_013030_19990823,8.0,0.981,935421020682,24908,16.571881741739244,17.030600747511034,17.029006597974693,16.571881741739244,17.030600747511034,0.42828050142944674,935431200000,2.3600006103515625,
1_2_1_LE07_013030_19990831,0.0,0.981,936113150809,24908,18.70046164205415,18.16911673807465,18.527705853746443,18.16911673807465,18.70046164205415,0.35143463337961994,936122400000,1.9200012207031252,
1_1_2_1_LT05_013030_19990924,0.0,0.981,938185764978,24908,14.719980137437982,14.719980137437982,14.817754391572462,15.18560358585607,14.719980137437982,0.4421935813086671,938196000000,2.0600006103515627,
1_2_1_LE07_013030_19991002,2.0,0.981,938877955579,24908,13.830272029984998,13.830272029984998,13.661315357458438,13.830272029984998,13.830272029984998,0.3840909914912868,938887200000,1.6899993896484375,
1_1_2_1_LT05_013030_19991026,15.0,0.981,940950558136,24908,7.998641096409758,7.998641096409758,7.392982136833946,6.001296081919364,7.998641096409758,0.6905533662693399,940960800000,1.2600006103515626,
1_2_1_LE07_013030_20000310,48.0,0.981,952701928002,5704,-9999,-9999,-2.674847657734415,-9999,-2.2317396811158985,0.4102519447128949,952711200000,0.270001220703125,
1_1_2_1_LT05_013030_20000318,1.0,0.981,953392008895,2217,-9999,-9999,-6.795220815272441,-9999,-9999,1.2310064205813904,953402400000,0.279998779296875,
1_2_1_LE07_013030_20000326,38.0,0.981,954084327890,16197,-0.3174167100403277,-0.3174167100403277,-0.252985965392783,0.31249657103698425,-9999,0.6001263780780605,954093600000,0.6399993896484375,
1_2_1_LE07_013030_20000411,71.0,0.981,955466713036,24898,1.560394545387261,2.1785632475324954,1.8701178370407179,1.560394545387261,2.7929399464618125,0.9699749663056842,955476000000,0.679998779296875,
1_1_2_1_LT05_013030_20000505,84.0,0.981,957539307339,0,-9999,-9999,,-9999,-9999,,957549600000,1.470001220703125,
1_2_1_LE07_013030_20000513,100.0,0.981,958231501119,0,-9999,-9999,,-9999,-9999,,958240800000,3.369999694824219,
1_1_2_1_LT05_013030_20000622,57.0,0.981,961686564672,12516,12.838662825423185,-9999,10.936958696308263,-9999,-9999,1.9185174096876376,961696800000,2.1899993896484378,
1_2_1_LE07_013030_20000630,51.0,0.981,962378673137,8717,-9999,-9999,16.500915953795253,-9999,15.476027868440768,0.584728103480333,962388000000,2.169999694824219,
1_1_2_1_LT05_013030_20000708,18.0,0.981,963068986144,24194,16.111469652255057,17.030097871315864,16.688027758294925,17.030097871315864,17.4867898995822,0.49145717042320675,963079200000,1.8,
1_2_1_LE07_013030_20000716,85.0,0.981,963761060937,0,-9999,-9999,,-9999,-9999,,963770400000,3.269999694824219,
1_1_2_1_LT05_013030_20000724,95.0,0.981,964451400210,0,-9999,-9999,,-9999,-9999,,964461600000,2.0399993896484374,
1_2_1_LE07_013030_20000817,74.0,0.981,966525837719,5,-9999,-9999,15.934650857428071,-9999,-9999,0.2353268388371599,966535200000,1.6200012207031251,
1_1_2_1_LT05_013030_20000825,2.0,0.981,967216242139,24728,16.57193538994492,16.57193538994492,16.857639676308846,17.030734399323116,17.030734399323116,0.4581986467083731,967226400000,2.5,
1_1_2_1_LT05_013030_20000910,1.0,0.981,968598665212,24908,17.0298173263582,16.571490523584934,17.02660982156784,17.0298173263582,17.0298173263582,0.3088638557638233,968608800000,1.4600006103515626,
1_2_1_LE07_013030_20000918,7.0,0.981,969290603699,24439,15.476090985761786,15.476090985761786,15.728098456318513,16.0196964568122,16.0196964568122,0.6136159750792228,969300000000,2.0100006103515624,
1_1_2_1_LT05_013030_20000926,84.0,0.981,969981075891,3186,-9999,-9999,4.164981310320322,-9999,-9999,1.6799299855046164,969991200000,0.970001220703125,
1_2_1_LE07_013030_20001004,92.0,0.981,970672998992,0,-9999,-9999,,-9999,-9999,,970682400000,2.269999694824219,
1_1_2_1_LT05_013030_20001012,2.0,0.981,971363484292,24895,10.445614578825703,10.445614578825703,10.427488516518057,9.960533158611199,10.445614578825703,0.47942684083487147,971373600000,1.0,
1_2_1_LE07_013030_20001020,0.0,0.981,972055386451,24908,9.894187487492959,10.465154186513908,10.223839187588759,10.465154186513908,9.894187487492959,0.46475663316088345,972064800000,1.4200012207031252,
1_1_2_1_LT05_013030_20001028,59.0,0.981,972745900155,7849,-9999,-9999,7.913703689455821,-9999,-9999,1.1440539422479266,972756000000,0.41000061035156254,
1_2_1_LE07_013030_20010329,100.0,0.981,985879383089,0,-9999,-9999,,-9999,-9999,,985888800000,0.7299987792968751,
1_2_1_LE07_013030_20010414,29.0,0.981,987261780784,20631,-11.007283673480407,-12.436017566193431,-7.112374231717,-7.532522083703625,-13.159262436627532,2.9693943452621148,987271200000,0.3600006103515625,
1_1_2_1_LT05_013030_20010422,28.0,0.981,987952376761,3635,-9999,-9999,2.4362586950684526,-9999,-9999,1.5352814062303621,987962400000,1.7000000000000002,
1_2_1_LE07_013030_20010430,63.0,0.981,988644178514,3282,-9999,-9999,-0.9626421801348751,-9999,-9999,1.74618120441569,988653600000,1.779998779296875,
1_1_2_1_LT05_013030_20010508,0.0,0.981,989334785514,24908,7.999022405946439,10.445782640377695,9.785571009554168,9.473542752706104,8.984227381199261,2.0444135911367924,989344800000,0.5,
1_2_1_LE07_013030_20010601,5.0,0.981,991408957386,24908,9.320698503111137,11.033616665333888,11.531920877232615,12.160906428902775,11.598712797429704,1.4301224792718068,991418400000,0.8799987792968751,
1_1_2_1_LT05_013030_20010609,9.0,0.981,992099595944,23836,12.839620961802206,12.839620961802206,13.280893126143614,13.783761938413155,13.312651297732604,1.351848824156046,992109600000,1.6399993896484375,
1_1_2_1_LT05_013030_20010625,11.0,0.981,993481994614,24790,17.487314804841628,17.030433571374996,17.766367361912394,17.942545937466612,16.571809913648522,0.7207760998292485,993492000000,2.1800003051757812,
1_2_1_LE07_013030_20010703,65.0,0.981,994173735464,0,-9999,-9999,,-9999,-9999,,994183200000,1.8600006103515625,
1_1_2_1_LT05_013030_20010711,53.0,0.981,994864397970,50,-9999,-9999,12.439913226905302,-9999,-9999,1.108350667919171,994874400000,2.0100006103515624,
1_2_1_LE07_013030_20010719,50.0,0.981,995556132451,7133,-9999,-9999,16.874416288575368,-9999,16.560723423522735,0.6574692323526335,995565600000,1.9100006103515625,
1_1_2_1_LT05_013030_20010727,15.0,0.981,996246792674,14763,-9999,17.941363743447276,18.057093583680384,18.394565743656102,-9999,0.6436555067935682,996256800000,1.529998779296875,
1_2_1_LE07_013030_20010804,66.0,0.981,996938518255,1588,-9999,-9999,14.304287412904092,-9999,-9999,1.8330989197603835,996948000000,1.9100006103515625,
1_1_2_1_LT05_013030_20010828,14.0,0.981,999011584664,0,-9999,-9999,,-9999,-9999,,999021600000,2.7399993896484376,
1_2_1_LE07_013030_20010905,1.0,0.981,999703289315,24908,18.16749250676044,18.16749250676044,18.078960660161382,18.16749250676044,17.098410799523602,0.4121400627400875,999712800000,0.9899993896484376,
1_1_2_1_LT05_013030_20010913,42.0,0.981,1000393981440,23062,16.111468098162828,15.649537725599071,16.227428157403878,-9999,16.57163881041904,0.4364425840298728,1000404000000,1.779998779296875,
1_2_1_LE07_013030_20010921,70.0,0.981,1001085681150,0,-9999,-9999,,-9999,-9999,,1001095200000,2.669999694824219,
1_1_2_1_LT05_013030_20010929,8.0,0.981,1001776372370,22601,14.253365149829571,14.72060974386236,14.229392722299007,14.253365149829571,14.253365149829571,0.6075471092817176,1001786400000,0.8799987792968751,
1_2_1_LE07_013030_20011007,50.0,0.981,1002468069150,5343,-9999,13.276853577982665,11.945099639429634,7.580142064720158,13.276853577982665,1.6231384677027831,1002477600000,0.9100006103515625,
1_1_2_1_LT05_013030_20011015,47.0,0.981,1003158771300,3456,-9999,-9999,10.624980116808365,-9999,10.928209524244883,0.5566064598952818,1003168800000,1.379998779296875,
1_2_1_LE07_013030_20011023,100.0,0.981,1003850470410,0,-9999,-9999,,-9999,-9999,,1003860000000,2.419999694824219,
1_1_2_1_LT05_013030_20011031,91.0,0.981,1004541153260,1937,-9999,-9999,-2.2663797159197565,-9999,-9999,0.6144090539883039,1004551200000,0.9600006103515626,
1_2_1_LE07_013030_20020417,16.0,0.981,1019056899400,0,-9999,-9999,,-9999,-9999,,1019066400000,2.760000610351563,
1_2_1_LE07_013030_20020503,61.0,0.981,1020439304560,0,-9999,-9999,,-9999,-9999,,1020448800000,0.8399993896484376,
1_1_2_1_LT05_013030_20020511,5.0,0.981,1021129793880,23699,7.004879111203511,7.999022733777365,8.357022207945557,8.984227107676121,8.984227107676121,1.1810328307096778,1021140000000,0.470001220703125,
1_2_1_LE07_013030_20020519,64.0,0.981,1021821696160,6380,6.403884719913791,-9999,7.265056585992635,8.163571656432506,7.580229794706907,0.9237536231742806,1021831200000,0.6899993896484375,
1_2_1_LE07_013030_20020604,11.0,0.981,1023204089860,12866,-9999,-9999,6.875921996639041,7.579274443628981,6.992796749283814,1.5813067526639026,1023213600000,1.8100006103515627,
1_2_1_LE07_013030_20020620,9.0,0.981,1024586482710,24882,18.16859493849584,16.56059151661026,18.051370102615323,18.16859493849584,17.099012834224546,1.0175416244679405,1024596000000,1.6600006103515625,
1_2_1_LE07_013030_20020706,25.0,0.981,1025968879110,21543,17.099870414467294,-9999,17.542887285841307,15.475853880031275,-9999,0.7884403721382175,1025978400000,2.5,
1_1_2_1_LT05_013030_20020714,10.0,0.981,1026659306090,0,-9999,-9999,,-9999,-9999,,1026669600000,2.789999389648438,
1_2_1_LE07_013030_20020722,30.0,0.981,1027351269690,0,-9999,-9999,,-9999,-9999,,1027360800000,4.560000610351563,
1_1_2_1_LT05_013030_20020730,46.0,0.981,1028041684590,0,-9999,-9999,,-9999,-9999,,1028052000000,2.6899993896484378,
1_2_1_LE07_013030_20020807,21.0,0.981,1028733663570,817,-9999,-9999,17.328992521645283,-9999,-9999,0.6179050043027249,1028743200000,1.629998779296875,
1_1_2_1_LT05_013030_20020815,47.0,0.981,1029424055250,0,-9999,-9999,,-9999,-9999,,1029434400000,3.7300003051757815,
1_2_1_LE07_013030_20020823,55.0,0.981,1030116058010,143,-9999,-9999,17.606374733041154,-9999,-9999,1.2570952083854237,1030125600000,1.020001220703125,
1_1_2_1_LT05_013030_20020831,79.0,0.981,1030806426240,0,-9999,-9999,,-9999,-9999,,1030816800000,1.4799987792968752,
1_2_1_LE07_013030_20020908,0.0,0.981,1031498451690,0,-9999,-9999,,-9999,-9999,,1031508000000,3.8100006103515627,
1_2_1_LE07_013030_20020924,20.0,0.981,1032880839970,24908,16.56028502758096,16.56028502758096,16.89662412845123,16.56028502758096,16.56028502758096,0.33658829168301274,1032890400000,1.1200012207031251,
1_1_2_1_LT05_013030_20021002,83.0,0.981,1033571178700,0,-9999,-9999,,-9999,-9999,,1033581600000,2.9800003051757815,
1_1_2_1_LT05_013030_20021018,34.0,0.981,1034953543070,13317,-9999,10.928738774738038,10.285132338542988,-9999,-9999,1.0554999045909959,1034964000000,0.5399993896484375,
1_2_1_LE07_013030_20030303,4.0,0.981,1046704896510,0,-9999,-9999,,-9999,-9999,,1046714400000,0.020001220703125003,
1_1_2_1_LT05_013030_20030311,81.0,0.981,1047395196000,4689,-9999,-9999,-21.20480491058629,-20.431339788507497,-9999,0.4965287046128481,1047405600000,0.3600006103515625,
1_2_1_LE07_013030_20030319,1.0,0.981,1048087295180,57,-9999,-9999,-1.7284291915481538,-9999,-9999,0.3329240395263779,1048096800000,0.4,
1_1_2_1_LT05_013030_20030327,8.0,0.981,1048777618570,5074,-9999,-9999,-0.6868552589123379,-9999,-9999,0.6591953552766404,1048788000000,0.6000000000000001,
1_1_2_1_LT05_013030_20030412,61.0,0.981,1050160045350,865,-9999,-9999,-1.497130522567602,-9999,-1.845033341267893,0.9946364594112833,1050170400000,0.7600006103515625,
1_2_1_LE07_013030_20030420,8.0,0.981,1050852097870,18422,0.31249369063842786,0.31249369063842786,0.35387740131976453,1.5603307458124664,1.5603307458124664,1.0460662141615158,1050861600000,1.6799987792968751,
1_1_2_1_LT05_013030_20030428,0.0,0.981,1051542467640,24901,3.9661812409219506,3.9661812409219506,4.909626311332177,6.001362625636873,6.001362625636873,2.366251327244151,1051552800000,1.1600006103515625,
1_2_1_LE07_013030_20030522,84.0,0.981,1053616894220,630,-9999,-9999,8.276037262062106,-9999,-9999,1.0820078354352483,1053626400000,0.8600006103515625,
1_1_2_1_LT05_013030_20030530,62.0,0.981,1054307303450,1808,-9999,-9999,10.627692156884146,-9999,-9999,0.9851562665231586,1054317600000,2.2600006103515624,
1_1_2_1_LT05_013030_20030615,35.0,0.981,1055689722140,21528,14.253239929657171,13.313015392191147,14.382777738880868,14.253239929657171,-9999,0.8892446806862525,1055700000000,1.279998779296875,
1_1_2_1_LT05_013030_20030701,14.0,0.981,1057072144200,15855,-9999,19.74763420327085,19.541856474779625,19.298852111705067,19.74763420327085,0.7701353588959204,1057082400000,2.3199996948242188,
1_1_2_1_LT05_013030_20030717,32.0,0.981,1058454560070,15651,-9999,17.943154009970296,18.636565818464838,18.848979716277597,-9999,0.5412905974262032,1058464800000,2.4600006103515626,
1_2_1_LE07_013030_20030725,22.0,0.981,1059146483970,10757,18.169441681170124,-9999,17.92984726511987,-9999,-9999,0.5331661924454241,1059156000000,2.070001220703125,
1_2_1_LE07_013030_20030810,98.0,0.981,1060528877750,0,-9999,-9999,,-9999,-9999,,1060538400000,4.8500000000000005,
1_1_2_1_LT05_013030_20030818,53.0,0.981,1061219395070,18542,18.395883558076978,17.942383131457017,18.187683908718576,18.395883558076978,-9999,0.38932942642401447,1061229600000,2.1,
1_2_1_LE07_013030_20030826,36.0,0.981,1061911276380,0,-9999,-9999,,-9999,-9999,,1061920800000,3.0,
1_2_1_LE07_013030_20030927,91.0,0.981,1064676064850,0,-9999,-9999,,-9999,-9999,,1064685600000,2.619999694824219,
1_2_1_LE07_013030_20031013,1.0,0.981,1066058461450,17695,-9999,12.720176612522131,12.643449998789253,12.720176612522131,-9999,0.36580484236681826,1066068000000,1.1209991455078125,
1_1_2_1_LT05_013030_20031021,74.0,0.981,1066749052620,10770,-9999,9.95929907405855,9.336772883523075,8.982863817022842,9.472148628486897,0.4564331832494016,1066759200000,1.9000000000000001,
1_1_2_1_LT05_013030_20040313,46.0,0.981,1079190718480,6228,-9999,-9999,-6.006101867122502,-9999,-9999,0.7573093857326924,1079200800000,0.3899993896484375,
1_2_1_LE07_013030_20040321,86.0,0.981,1079882530410,827,-1.5894505766243125,-9999,-2.078110663817251,-9999,-9999,0.5908115753445535,1079892000000,0.7209991455078125,
1_1_2_1_LT05_013030_20040329,2.0,0.981,1080573121460,1219,-9999,-9999,-1.0770566010039733,-9999,-9999,0.39983610209168186,1080583200000,0.2709991455078125,
1_2_1_LE07_013030_20040406,9.0,0.981,1081264928170,11990,-9999,-9999,-1.9847700900051068,-9999,-9999,0.5811222452732158,1081274400000,0.5100006103515625,
1_2_1_LE07_013030_20040422,42.0,0.981,1082647320810,18282,4.613941428394675,6.403474331352776,6.140818785927972,-9999,6.993225063809986,1.3637448197501025,1082656800000,1.4299987792968751,
1_1_2_1_LT05_013030_20040430,31.0,0.981,1083337980400,20909,0.8374264159564261,0.8374264159564261,2.543449081967701,5.49592392249074,3.9660188991898746,2.0165140039266407,1083348000000,1.5399993896484376,
1_2_1_LE07_013030_20040508,65.0,0.981,1084029724880,1716,-9999,-9999,-0.8937291944919362,-9999,-9999,1.5565554170317946,1084039200000,1.1100006103515625,
1_2_1_LE07_013030_20040609,33.0,0.981,1086794517850,0,-9999,-9999,,-9999,-9999,,1086804000000,3.3300003051757816,
1_2_1_LE07_013030_20040625,85.0,0.981,1088176914960,5,-9999,-9999,9.893119763265327,-9999,-9999,1.066240299940009E-7,1088186400000,2.0799987792968753,
1_1_2_1_LT05_013030_20040703,13.0,0.981,1088867692920,19149,17.486868481645722,17.486868481645722,17.855796276124384,17.941923861510606,17.941923861510606,0.7439990042036532,1088877600000,1.8600006103515625,
1_2_1_LE07_013030_20040711,15.0,0.981,1089559312880,17574,17.635974071409688,17.635974071409688,17.979512577092482,-9999,17.635974071409688,0.5265823927516179,1089568800000,2.2800003051757813,
1_1_2_1_LT05_013030_20040804,57.0,0.981,1091632538780,0,-9999,-9999,,-9999,-9999,,1091642400000,2.4399993896484378,
1_2_1_LE07_013030_20040812,100.0,0.981,1092324101970,0,-9999,-9999,,-9999,-9999,,1092333600000,3.219999694824219,
1_1_2_1_LT05_013030_20040820,68.0,0.981,1093014963970,0,-9999,-9999,,-9999,-9999,,1093024800000,2.5500000000000003,
1_2_1_LE07_013030_20040828,39.0,0.981,1093706499130,0,-9999,-9999,,-9999,-9999,,1093716000000,3.219999694824219,
1_2_1_LE07_013030_20040913,55.0,0.981,1095088892060,0,-9999,-9999,,-9999,-9999,,1095098400000,1.5100006103515626,
1_1_2_1_LT05_013030_20040921,75.0,0.981,1095779812860,0,-9999,-9999,,-9999,-9999,,1095789600000,2.75,
1_1_2_1_LT05_013030_20041007,0.0,0.981,1097162232270,24908,14.25302762759921,14.25302762759921,14.180675031114667,13.78381465681466,14.25302762759921,0.3544768569347376,1097172000000,1.5899993896484377,
1_1_2_1_LT05_013030_20041023,81.0,0.981,1098544653570,0,-9999,-9999,,-9999,-9999,,1098554400000,0.720001220703125,
1_2_1_LE07_013030_20041031,83.0,0.981,1099236105090,0,-9999,-9999,,-9999,-9999,,1099245600000,1.6700012207031252,
1_1_2_1_LT05_013030_20050316,35.0,0.981,1110986392140,436,-9999,-9999,-5.106835092769738,-9999,-9999,0.8266313613294397,1110996000000,0.6399993896484375,
1_2_1_LE07_013030_20050409,4.0,0.981,1113060150140,8644,-0.317416733083264,-9999,-0.8286985528711023,-9999,-9999,0.9041517655023436,1113069600000,0.6600006103515625,
1_1_2_1_LT05_013030_20050417,2.0,0.981,1113751202000,24372,0.8374379769376077,1.3655339611740818,2.24824972385154,1.8908942839066738,4.9886718928656375,3.229132627283941,1113760800000,1.05,
1_1_2_1_LT05_013030_20050503,61.0,0.981,1115133607050,13038,-9999,5.49635118467534,5.622358791626286,-9999,6.0015434756113395,1.2678795284409838,1115143200000,0.75,
1_2_1_LE07_013030_20050511,21.0,0.981,1115824950640,14465,-9999,11.596797892984368,11.58434003631064,-9999,11.031631832768564,1.0223965385166935,1115834400000,2.3000000000000003,
1_1_2_1_LT05_013030_20050519,50.0,0.981,1116516012710,19063,8.984112782500302,9.473429292034965,9.075042149346617,-9999,9.960597238054442,1.259577909085513,1116525600000,0.9,
1_1_2_1_LT05_013030_20050604,2.0,0.981,1117898421200,24908,16.571726341865944,17.030253971584088,17.38868286807482,17.942148028889328,16.571726341865944,1.1498871204186625,1117908000000,1.9799987792968752,
1_2_1_LE07_013030_20050612,100.0,0.981,1118589741610,0,-9999,-9999,,-9999,-9999,,1118599200000,4.310000610351563,
1_1_2_1_LT05_013030_20050620,16.0,0.981,1119280828130,24729,17.94171061791894,17.030047002756103,17.558612675035853,18.39500982502681,16.571620829170826,0.6304571684010135,1119290400000,1.7399993896484376,
1_2_1_LE07_013030_20050714,48.0,0.981,1121354539290,0,-9999,-9999,,-9999,-9999,,1121364000000,3.719999694824219,
1_1_2_1_LT05_013030_20050722,88.0,0.981,1122045644550,0,-9999,-9999,,-9999,-9999,,1122055200000,3.0,
1_2_1_LE07_013030_20050730,25.0,0.981,1122736937780,14914,-9999,19.229028107641216,19.205569940322857,-9999,19.229028107641216,0.4585094281571907,1122746400000,1.7899993896484376,
1_1_2_1_LT05_013030_20050807,46.0,0.981,1123428053410,14430,10.444773640417024,12.364564328452905,13.782217908211416,7.998107458915174,16.111459444672306,2.1856716159749188,1123437600000,1.6899993896484375,
1_1_2_1_LT05_013030_20050823,30.0,0.981,1124810458890,17615,18.39585736813008,-9999,18.59306548511745,19.297886838191555,-9999,0.5153604482891659,1124820000000,2.0899993896484377,
1_1_2_1_LT05_013030_20050908,1.0,0.981,1126192861190,0,-9999,-9999,,-9999,-9999,,1126202400000,2.9100006103515628,
1_1_2_1_LT05_013030_20050924,0.0,0.981,1127575259940,24908,17.0294316012238,17.485849834497788,17.018851356157768,17.0294316012238,16.11128527225988,0.5087945642631037,1127584800000,0.9500000000000001,
1_2_1_LE07_013030_20051002,4.0,0.981,1128266517760,17690,15.475929465005315,14.929687160433016,15.177874721790042,15.475929465005315,14.929687160433016,0.38431949484499867,1128276000000,2.369999694824219,
1_1_2_1_LT05_013030_20060303,45.0,0.981,1141399427360,2061,-9999,-9999,-10.212419490084187,-9999,-9999,1.0077740841690606,1141408800000,0.2600006103515625,
1_2_1_LE07_013030_20060311,23.0,0.981,1142090579850,2193,-9999,-9999,-1.2373893501928723,-9999,-9999,0.5614129827892296,1142100000000,0.30000000000000004,
1_2_1_LE07_013030_20060327,2.0,0.981,1143472978730,6938,-9999,-9999,-1.545024001040171,-9999,-0.951365964183471,1.066968927503573,1143482400000,0.42099914550781253,
1_2_1_LE07_013030_20060412,38.0,0.981,1144855375160,161,-9999,-9999,-2.186565428889429,-9999,-9999,0.5022819700788625,1144864800000,1.2600006103515626,
1_1_2_1_LT05_013030_20060420,0.0,0.981,1145546680080,24908,7.004851664947411,7.503074504047177,7.753165474997553,9.960684255312783,8.492702948983933,2.2049216285792186,1145556000000,0.6899993896484375,
1_2_1_LE07_013030_20060428,0.0,0.981,1146237775820,17512,-9999,-9999,6.679354496499789,7.58027022544059,-9999,1.0026988931315346,1146247200000,0.37099914550781254,
1_1_2_1_LT05_013030_20060522,59.0,0.981,1148311505040,910,-9999,-9999,7.742732264654561,-9999,-9999,0.2944167674710941,1148320800000,1.4100006103515625,
1_2_1_LE07_013030_20060530,8.0,0.981,1149002577040,0,-9999,-9999,,-9999,-9999,,1149012000000,3.4800003051757815,
1_2_1_LE07_013030_20060615,35.0,0.981,1150384973560,1195,-9999,-9999,6.573910311983051,-9999,-9999,1.5465461441293462,1150394400000,1.7709991455078127,
1_1_2_1_LT05_013030_20060623,89.0,0.981,1151076337010,0,-9999,-9999,,-9999,-9999,,1151085600000,2.5800003051757816,
1_2_1_LE07_013030_20060701,9.0,0.981,1151767367780,17603,17.099488875311604,-9999,17.529354937475944,17.63574196667491,-9999,0.4974061646096366,1151776800000,2.1399993896484375,
1_1_2_1_LT05_013030_20060709,33.0,0.981,1152458752010,1275,-9999,-9999,18.927300338642297,17.943131267100277,-9999,1.0201122386882948,1152468000000,2.45,
1_2_1_LE07_013030_20060717,8.0,0.981,1153149759880,0,-9999,-9999,,-9999,-9999,,1153159200000,2.7399993896484376,
1_1_2_1_LT05_013030_20060725,15.0,0.981,1153841164690,0,-9999,-9999,,-9999,-9999,,1153850400000,3.1600006103515628,
1_2_1_LE07_013030_20060802,22.0,0.981,1154532155040,0,-9999,-9999,,-9999,-9999,,1154541600000,4.419999694824219,
1_1_2_1_LT05_013030_20060810,46.0,0.981,1155223576060,0,-9999,-9999,,-9999,-9999,,1155232800000,2.510000610351563,
1_2_1_LE07_013030_20060818,75.0,0.981,1155914553410,106,-9999,-9999,14.61506273592852,-9999,-9999,0.7585228533583906,1155924000000,2.3000000000000003,
1_1_2_1_LT05_013030_20060911,3.0,0.981,1157988398220,24374,12.840248729027993,13.313207989874483,13.292713518371013,11.88843812584523,13.78423388948054,0.7569630294428303,1157997600000,0.9399993896484375,
1_2_1_LE07_013030_20060919,54.0,0.981,1158679344200,0,-9999,-9999,,-9999,-9999,,1158688800000,3.4000000000000004,
1_1_2_1_LT05_013030_20060927,19.0,0.981,1159370809980,16023,13.783635663837522,13.783635663837522,13.637356303467172,13.783635663837522,13.783635663837522,0.6338203443138033,1159380000000,1.75,
1_2_1_LE07_013030_20061005,22.0,0.981,1160061732240,11377,-9999,-9999,12.320892254816346,-9999,10.465565857540664,0.9091717911614116,1160071200000,0.9709991455078125,
1_1_2_1_LT05_013030_20061013,1.0,0.981,1160753221320,24908,11.409663194598362,11.409663194598362,11.432110191070173,10.928733572619704,10.928733572619704,0.6668729364176468,1160762400000,0.6209991455078125,
1_2_1_LE07_013030_20061021,31.0,0.981,1161444148820,13064,-9999,-9999,9.174515711970615,9.320814414328652,-9999,0.9799669972184787,1161453600000,0.4709991455078125,
1_1_2_1_LT05_013030_20061029,92.0,0.981,1162135631680,0,-9999,-9999,,-9999,-9999,,1162144800000,0.9100006103515625,
1_1_2_1_LT05_013030_20070306,35.0,0.981,1173194872670,2396,-9999,-9999,-19.419837380651856,-19.768597866044153,-9999,1.0393704394595413,1173204000000,0.060000610351562504,
1_2_1_LE07_013030_20070314,84.0,0.981,1173885805260,0,-9999,-9999,,-9999,-9999,,1173895200000,2.5899993896484377,
1_1_2_1_LT05_013030_20070322,18.0,0.981,1174577269360,6133,-4.603849093378496,-9999,-5.12558903887957,-9999,-9999,1.9327171350968153,1174586400000,2.269999694824219,
1_2_1_LE07_013030_20070330,60.0,0.981,1175268205900,5415,-9999,-9999,-3.437783043933803,-9999,-9999,1.1152799136535105,1175277600000,0.3899993896484375,
1_1_2_1_LT05_013030_20070407,56.0,0.981,1175959664030,2829,-9999,-9999,-3.728669710241144,-9999,-9999,0.9753151284598431,1175968800000,0.4,
1_1_2_1_LT05_013030_20070423,7.0,0.981,1177342056920,22127,1.8909119054094685,1.365543586960049,2.410393983775128,2.4136387066612204,6.001540824011006,2.981554822350914,1177351200000,0.7600006103515625,
1_2_1_LE07_013030_20070501,32.0,0.981,1178033000670,17980,-2.2317546121521934,-2.878373961008355,-2.291098775333192,-1.5894501516991024,-1.5894501516991024,1.065143665568332,1178042400000,0.7100006103515626,
1_1_2_1_LT05_013030_20070509,29.0,0.981,1178724447940,24908,9.959692864671457,12.364564328452905,12.637791695151972,14.720312917637552,12.364564328452905,2.1489549019826812,1178733600000,1.6899993896484375,
1_1_2_1_LT05_013030_20070525,1.0,0.981,1180106836750,20050,13.783203652613222,-9999,15.537736330864739,16.111477643233734,-9999,1.5944193309843147,1180116000000,2.0600006103515627,
1_2_1_LE07_013030_20070602,64.0,0.981,1180797789140,0,-9999,-9999,,-9999,-9999,,1180807200000,2.9000000000000004,
1_1_2_1_LT05_013030_20070610,70.0,0.981,1181489222330,12934,-9999,-9999,11.0654012818213,13.31165828595648,-9999,1.8818142770292785,1181498400000,2.25,
1_2_1_LE07_013030_20070618,27.0,0.981,1182180189430,10911,14.9302429550629,16.019632987791002,14.814072233904032,-9999,14.9302429550629,1.192474768795387,1182189600000,1.529998779296875,
1_1_2_1_LT05_013030_20070626,4.0,0.981,1182871604440,0,-9999,-9999,,-9999,-9999,,1182880800000,2.869999694824219,
1_2_1_LE07_013030_20070704,89.0,0.981,1183562587800,0,-9999,-9999,,-9999,-9999,,1183572000000,2.789999389648438,
1_1_2_1_LT05_013030_20070712,15.0,0.981,1184253995700,14962,17.941316924344708,17.486421172090406,18.02269233958463,-9999,17.486421172090406,0.7040026428851486,1184263200000,1.5,
1_2_1_LE07_013030_20070720,53.0,0.981,1184944984440,0,-9999,-9999,,-9999,-9999,,1184954400000,2.85,
1_2_1_LE07_013030_20070805,0.0,0.981,1186327379580,17925,21.320073093032075,21.320073093032075,21.422873966096535,21.83748588008769,21.83748588008769,0.3665866326326696,1186336800000,1.4600006103515626,
1_1_2_1_LT05_013030_20070813,49.0,0.981,1187018776380,20367,-9999,19.295772030233802,18.85875233617704,-9999,-9999,0.4560321468539567,1187028000000,1.470001220703125,
1_2_1_LE07_013030_20070821,75.0,0.981,1187709773320,0,-9999,-9999,,-9999,-9999,,1187719200000,1.170001220703125,
1_1_2_1_LT05_013030_20070829,1.0,0.981,1188401165070,0,-9999,-9999,,-9999,-9999,,1188410400000,3.4300003051757812,
1_2_1_LE07_013030_20070906,39.0,0.981,1189092165710,0,-9999,-9999,,-9999,-9999,,1189101600000,3.2300003051757815,
1_1_2_1_LT05_013030_20070914,30.0,0.981,1189783559300,24908,16.11147710601973,16.11147710601973,16.368724582332597,16.11147710601973,16.57177279634392,0.3259163214739851,1189792800000,2.0899993896484377,
1_2_1_LE07_013030_20070922,59.0,0.981,1190474560620,0,-9999,-9999,,-9999,-9999,,1190484000000,2.9300003051757812,
1_1_2_1_LT05_013030_20070930,69.0,0.981,1191165951320,0,-9999,-9999,,-9999,-9999,,1191175200000,1.5899993896484377,
1_1_2_1_LT05_013030_20080324,15.0,0.981,1206372162860,385,-9999,-9999,-3.822951306162084,-9999,-9999,0.3376033900521728,1206381600000,0.30000000000000004,
1_1_2_1_LT05_013030_20080409,77.0,0.981,1207754540300,0,-9999,-9999,,-9999,-9999,,1207764000000,0.929998779296875,
1_2_1_LE07_013030_20080417,8.0,0.981,1208445780860,3369,-9999,0.3124967262716452,0.37280153058278,2.1785710942481162,-9999,1.2938185128905941,1208455200000,0.35000000000000003,
1_1_2_1_LT05_013030_20080425,0.0,0.981,1209136916060,24908,4.988725411659204,6.504287043249078,6.892073963135023,8.492616989970244,7.502995122159034,2.0933474125602993,1209146400000,0.9,
1_1_2_1_LT05_013030_20080511,0.0,0.981,1210519290840,24908,8.984185021330628,8.492687738428698,9.623821708077724,10.445748253462458,9.473502023122618,1.4937757359223771,1210528800000,0.7399993896484376,
1_1_2_1_LT05_013030_20080527,48.0,0.981,1211901665490,5204,11.409220015922733,-9999,12.998045665479607,-9999,12.839980726725603,1.5010113623157668,1211911200000,1.329998779296875,
1_1_2_1_LT05_013030_20080612,1.0,0.981,1213284039650,24908,16.571019109622636,16.571019109622636,17.6116951029856,18.84436435510429,17.485526778209607,0.9724801151484377,1213293600000,0.5600006103515626,
1_2_1_LE07_013030_20080620,87.0,0.981,1213975354820,0,-9999,-9999,,-9999,-9999,,1213984800000,2.0100006103515624,
1_1_2_1_LT05_013030_20080628,86.0,0.981,1214666412700,0,-9999,-9999,,-9999,-9999,,1214676000000,3.510000610351563,
1_2_1_LE07_013030_20080706,27.0,0.981,1215357744000,16891,-9999,-9999,20.46780823965799,20.803847057479594,-9999,0.6620216107547904,1215367200000,2.0899993896484377,
1_2_1_LE07_013030_20080722,83.0,0.981,1216740131820,0,-9999,-9999,,-9999,-9999,,1216749600000,3.1399993896484375,
1_1_2_1_LT05_013030_20080730,28.0,0.981,1217431156640,0,-9999,-9999,,-9999,-9999,,1217440800000,2.3899993896484375,
1_2_1_LE07_013030_20080807,64.0,0.981,1218122526250,0,-9999,-9999,,-9999,-9999,,1218132000000,2.539999389648438,
1_1_2_1_LT05_013030_20080815,70.0,0.981,1218813528030,8021,-9999,-9999,14.377008429380446,-9999,-9999,0.9210960318940307,1218823200000,2.2,
1_2_1_LE07_013030_20080823,6.0,0.981,1219504919570,18048,19.230833174035975,19.757850821222526,19.495555304757065,-9999,19.230833174035975,0.5368817885767336,1219514400000,2.2899993896484374,
1_1_2_1_LT05_013030_20080831,6.0,0.981,1220195902670,18944,17.941574530938645,-9999,18.098235882185726,18.39483495497044,17.029980086400588,0.5036281467074315,1220205600000,1.6600006103515625,
1_2_1_LE07_013030_20080908,12.0,0.981,1220887311720,12774,16.019694754794273,17.09932604464826,17.23992710319043,17.09932604464826,17.635487618482173,0.4439322937423472,1220896800000,1.9799987792968752,
1_1_2_1_LT05_013030_20080916,58.0,0.981,1221578275400,5784,-9999,-9999,13.676285692570755,-9999,-9999,1.4022309574372518,1221588000000,1.5709991455078125,
1_2_1_LE07_013030_20080924,0.0,0.981,1222269702620,0,-9999,-9999,,-9999,-9999,,1222279200000,2.6500000000000004,
1_2_1_LE07_013030_20081010,0.0,0.981,1223652089150,18443,13.276626288356521,12.720006095475451,12.928758852320811,12.720006095475451,13.276626288356521,0.4310300969001163,1223661600000,1.35,
1_1_2_1_LT05_013030_20081018,9.0,0.981,1224343013320,23331,9.960695478286981,10.445772965214312,9.030161386221973,9.960695478286981,9.4735289639008,1.763265035653851,1224352800000,0.6399993896484375,
1_2_1_LE07_013030_20081026,3.0,0.981,1225034505680,17978,-9999,-9999,10.176132123208681,10.465565857540664,-9999,0.5066356019262045,1225044000000,0.9709991455078125,
1_2_1_LE07_013030_20090303,7.0,0.981,1236093777460,0,-9999,-9999,,-9999,-9999,,1236103200000,0.229998779296875,
1_2_1_LE07_013030_20090319,90.0,0.981,1237476185070,0,-9999,-9999,,-9999,-9999,,1237485600000,0.5100006103515625,
1_1_2_1_LT05_013030_20090327,41.0,0.981,1238167182380,1795,-9999,-9999,-0.4371560200556727,-9999,-9999,0.7553298170211562,1238176800000,0.5209991455078126,
1_1_2_1_LT05_013030_20090412,59.0,0.981,1239549602060,9011,-9999,-9999,-0.17659879596985756,-0.7634511398918201,-9999,1.128024580590835,1239559200000,0.37999877929687503,
1_2_1_LE07_013030_20090420,93.0,0.981,1240240995750,0,-9999,-9999,,-9999,-9999,,1240250400000,0.37999877929687503,
1_1_2_1_LT05_013030_20090428,5.0,0.981,1240932019990,0,-9999,-9999,,-9999,-9999,,1240941600000,2.6100006103515625,
1_2_1_LE07_013030_20090522,7.0,0.981,1243005800240,17228,10.464734212466238,-9999,12.314397874706568,14.930161252022588,13.830242072028488,1.6205132829864055,1243015200000,1.7209991455078126,
1_1_2_1_LT05_013030_20090530,50.0,0.981,1243696855700,15519,12.364805269708437,-9999,12.579459766306917,-9999,-9999,0.9500358286217021,1243706400000,1.5209991455078127,
1_2_1_LE07_013030_20090607,56.0,0.981,1244388200000,3933,-9999,13.276246520394158,13.670130092284248,-9999,13.830223235397325,0.8546537451576104,1244397600000,1.7399993896484376,
1_2_1_LE07_013030_20090623,68.0,0.981,1245770598140,0,-9999,-9999,,-9999,-9999,,1245780000000,2.9300003051757812,
1_1_2_1_LT05_013030_20090717,19.0,0.981,1247844106580,1969,-9999,-9999,10.219564106460757,-9999,-9999,2.458927804976863,1247853600000,2.2100006103515626,
1_2_1_LE07_013030_20090725,43.0,0.981,1248535390120,0,-9999,-9999,,-9999,-9999,,1248544800000,2.789999389648438,
1_2_1_LE07_013030_20090810,91.0,0.981,1249917784070,0,-9999,-9999,,-9999,-9999,,1249927200000,3.0600006103515627,
1_1_2_1_LT05_013030_20090818,0.0,0.981,1250608935550,0,-9999,-9999,,-9999,-9999,,1250618400000,3.469999694824219,
1_2_1_LE07_013030_20090826,67.0,0.981,1251300184060,0,-9999,-9999,,-9999,-9999,,1251309600000,2.510000610351563,
1_1_2_1_LT05_013030_20090903,53.0,0.981,1251991350120,9111,-9999,14.720148393347328,11.833470039534754,-9999,-9999,1.7187201671016608,1252000800000,1.8899993896484375,
1_2_1_LE07_013030_20090911,75.0,0.981,1252682583410,0,-9999,-9999,,-9999,-9999,,1252692000000,1.2899993896484376,
1_1_2_1_LT05_013030_20090919,14.0,0.981,1253373762880,15926,-9999,14.253364061500251,13.611269029417121,13.784245668412247,-9999,1.1719795881588628,1253383200000,0.8899993896484375,
1_1_2_1_LT05_013030_20091005,66.0,0.981,1254756174080,6795,-9999,-9999,10.793340239270403,-9999,11.409030736305521,0.7489674117672246,1254765600000,1.4799987792968752,
1_1_2_1_LT05_013030_20091021,36.0,0.981,1256138583550,18573,8.491774611978164,7.998107458915174,8.080358874929127,-9999,7.998107458915174,0.6266809816949371,1256148000000,1.6899993896484375,
1_2_1_LE07_013030_20091029,38.0,0.981,1256829796350,1125,-9999,-9999,6.461838026563802,-9999,-9999,0.8425828619970223,1256839200000,1.3899993896484375,
1_2_1_LE07_013030_20100306,5.0,0.981,1267889098510,0,-9999,-9999,,-9999,-9999,,1267898400000,0.43999938964843754,
1_2_1_LE07_013030_20100407,44.0,0.981,1270653906510,0,-9999,-9999,,-9999,-9999,,1270663200000,2.6300003051757814,
1_1_2_1_LT05_013030_20100415,1.0,0.981,1271345027080,24908,5.496379702252756,6.001575089752087,6.069135248192485,7.004871883935238,6.504375248840442,1.4614099253563915,1271354400000,0.579998779296875,
1_2_1_LE07_013030_20100423,35.0,0.981,1272036305940,1680,-9999,-9999,5.720488670762163,-9999,-9999,1.2966179477227167,1272045600000,0.9200012207031251,
1_1_2_1_LT05_013030_20100501,37.0,0.981,1272727423200,8225,-9999,7.997404792724084,9.199353448526486,9.958887278464326,9.471744286377213,0.9446158958769868,1272736800000,2.0899993896484377,
1_1_2_1_LT05_013030_20100517,36.0,0.981,1274109820670,24908,8.492473085457124,9.473278498066941,9.167654238841646,8.98396455177561,9.9604457982044,1.5908864924358368,1274119200000,1.1100006103515625,
1_2_1_LE07_013030_20100525,9.0,0.981,1274801100760,0,-9999,-9999,,-9999,-9999,,1274810400000,2.9399993896484378,
1_1_2_1_LT05_013030_20100602,4.0,0.981,1275492215350,22722,17.030638609516167,18.848753415459928,17.99231316969992,17.943018698181568,17.943018698181568,0.8035246200512159,1275501600000,2.4000000000000004,
1_1_2_1_LT05_013030_20100618,5.0,0.981,1276874611120,24375,16.111458684480972,15.649300092826216,15.398267463951678,16.111458684480972,16.571881741739244,1.7074832823358237,1276884000000,2.3600006103515625,
1_2_1_LE07_013030_20100626,89.0,0.981,1277565904600,0,-9999,-9999,,-9999,-9999,,1277575200000,2.5699996948242188,
1_1_2_1_LT05_013030_20100704,40.0,0.981,1278257006400,0,-9999,-9999,,-9999,-9999,,1278266400000,3.369999694824219,
1_2_1_LE07_013030_20100712,25.0,0.981,1278948306780,8278,-9999,-9999,21.245509500072718,-9999,-9999,1.0123203747582772,1278957600000,2.4300003051757812,
1_2_1_LE07_013030_20100728,24.0,0.981,1280330707060,0,-9999,-9999,,-9999,-9999,,1280340000000,2.7300003051757815,
1_2_1_LE07_013030_20100813,62.0,0.981,1281713106500,519,-9999,-9999,18.15885042035111,-9999,-9999,0.5729697054952957,1281722400000,2.0899993896484377,
1_1_2_1_LT05_013030_20100821,50.0,0.981,1282404192300,0,-9999,-9999,,-9999,-9999,,1282413600000,2.6899993896484378,
1_2_1_LE07_013030_20100829,0.0,0.981,1283095509770,17925,-9999,19.228382925884553,19.97062080853093,20.279058398462627,-9999,0.6624761685190381,1283104800000,1.579998779296875,
1_1_2_1_LT05_013030_20100906,28.0,0.981,1283786588710,21285,14.719925682552864,17.487213254132982,17.00188620079227,16.571781114362306,-9999,0.733649912362127,1283796000000,2.1100006103515625,
1_2_1_LE07_013030_20100914,61.0,0.981,1284477910980,10383,-9999,-9999,14.129017115365585,14.38158431982104,-9999,1.223100650031547,1284487200000,1.629998779296875,
1_1_2_1_LT05_013030_20100922,62.0,0.981,1285168983140,0,-9999,-9999,,-9999,-9999,,1285178400000,3.0,
1_1_2_1_LT05_013030_20101008,3.0,0.981,1286551375000,24908,11.887155437126998,12.3641147794699,11.950791903751494,11.887155437126998,11.887155437126998,0.38063955695053225,1286560800000,1.9500000000000002,
1_2_1_LE07_013030_20101016,71.0,0.981,1287242717460,61,-9999,-9999,7.925164196836531,-9999,-9999,0.9267331496582678,1287252000000,1.329998779296875,
1_1_2_1_LT05_013030_20110301,9.0,0.981,1298992970970,132,-9999,-9999,-8.368887976634404,-9999,-9999,0.4254332953080167,1299002400000,0.12000122070312501,
1_2_1_LE07_013030_20110309,96.0,0.981,1299684387260,0,-9999,-9999,,-9999,-9999,,1299693600000,0.770001220703125,
1_1_2_1_LT05_013030_20110317,66.0,0.981,1300375366110,14882,-16.52350057931077,-9999,-16.804888260077927,-16.52350057931077,-15.256962640451961,0.7974706555717506,1300384800000,1.029998779296875,
1_2_1_LE07_013030_20110410,74.0,0.981,1302449191010,3648,-9999,-9999,-6.553894705325335,-9999,-0.9513793342377671,3.1041142877636436,1302458400000,1.220001220703125,
1_1_2_1_LT05_013030_20110418,48.0,0.981,1303140156760,2485,-9999,-9999,0.16792539305378426,-9999,1.3655426042040932,1.6079157872342116,1303149600000,0.8,
1_2_1_LE07_013030_20110512,25.0,0.981,1305213988660,17039,8.743192574866617,9.32022304698846,9.724181893809774,8.163052438927403,9.894175381626892,1.2810980041138875,1305223200000,1.4299987792968751,
1_2_1_LE07_013030_20110528,86.0,0.981,1306596389540,0,-9999,-9999,,-9999,-9999,,1306605600000,2.669999694824219,
1_1_2_1_LT05_013030_20110605,49.0,0.981,1307287339710,0,-9999,-9999,,-9999,-9999,,1307296800000,2.510000610351563,
1_1_2_1_LT05_013030_20110621,3.0,0.981,1308669731280,24908,16.5717893915129,17.03038806322676,17.361624173405232,17.03038806322676,17.03038806322676,0.8618646616939951,1308679200000,2.129998779296875,
1_2_1_LE07_013030_20110629,49.0,0.981,1309361184860,17023,-9999,-9999,17.888105479842665,18.17011950214597,-9999,0.6677821178467661,1309370400000,2.3600006103515625,
1_1_2_1_LT05_013030_20110707,16.0,0.981,1310052125250,8045,-9999,-9999,18.47671195709651,-9999,-9999,0.5449001726071788,1310061600000,1.25,
1_2_1_LE07_013030_20110715,16.0,0.981,1310743584880,18033,-9999,19.757140125852008,19.94389554316432,19.757140125852008,-9999,0.5664863587681435,1310752800000,2.1399993896484375,
1_1_2_1_LT05_013030_20110723,26.0,0.981,1311434517420,0,-9999,-9999,,-9999,-9999,,1311444000000,2.8199996948242188,
1_2_1_LE07_013030_20110731,12.0,0.981,1312125981530,18666,20.80449111238685,20.80449111238685,20.96407146459867,-9999,20.80449111238685,0.4702616550986241,1312135200000,2.1899993896484378,
1_1_2_1_LT05_013030_20110808,53.0,0.981,1312816908120,22,-9999,-9999,15.67105106702326,-9999,-9999,0.2602725164221174,1312826400000,2.2399993896484376,
1_1_2_1_LT05_013030_20110824,62.0,0.981,1314199299560,0,-9999,-9999,,-9999,-9999,,1314208800000,2.6800003051757812,
1_2_1_LE07_013030_20110901,42.0,0.981,1314890775060,0,-9999,-9999,,-9999,-9999,,1314900000000,2.7800003051757813,
1_1_2_1_LT05_013030_20110909,54.0,0.981,1315581688950,0,-9999,-9999,,-9999,-9999,,1315591200000,1.9899993896484376,
1_2_1_LE07_013030_20110917,46.0,0.981,1316273170090,2460,-9999,5.214008587717745,3.6920432874220306,-9999,2.1785220143940935,0.9307867107796481,1316282400000,1.1799987792968751,
1_1_2_1_LT05_013030_20110925,57.0,0.981,1316964073040,0,-9999,-9999,,-9999,-9999,,1316973600000,2.519999694824219,
1_2_1_LE07_013030_20111003,86.0,0.981,1317655569710,3,-9999,-9999,11.032304714167823,-9999,-9999,0.0,1317664800000,1.9799987792968752,
1_1_2_1_LT05_013030_20111011,1.0,0.981,1318346456340,24908,13.784157531275282,13.784157531275282,13.89936852282674,13.784157531275282,14.253302817437769,0.31744898698339413,1318356000000,1.1399993896484375,
1_2_1_LE07_013030_20120311,7.0,0.981,1331479619390,68,-9999,-9999,-0.9516391959682543,-9999,-9999,0.5580825958489946,1331488800000,0.75,
1_2_1_LE07_013030_20120412,65.0,0.981,1334244416320,15121,4.010698506991559,-9999,4.226738266869543,4.614185395783216,5.214156132085859,1.0655087321292098,1334253600000,0.7899993896484375,
1_2_1_LE07_013030_20120428,1.0,0.981,1335626837070,17410,6.993709151390957,6.403915865000557,6.698318554953956,6.403915865000557,-9999,0.7741847229836286,1335636000000,0.2600006103515625,
1_2_1_LE07_013030_20120514,100.0,0.981,1337009258000,0,-9999,-9999,,-9999,-9999,,1337018400000,2.1100006103515625,
1_2_1_LE07_013030_20120530,91.0,0.981,1338391641340,0,-9999,-9999,,-9999,-9999,,1338400800000,1.4600006103515626,
1_2_1_LE07_013030_20120615,0.0,0.981,1339774039030,18122,17.634402417676274,-9999,17.67141392933566,17.634402417676274,18.16778505160487,0.7516620995262281,1339783200000,1.1899993896484375,
1_2_1_LE07_013030_20120717,71.0,0.981,1342538862400,0,-9999,-9999,,-9999,-9999,,1342548000000,4.589999389648438,
1_2_1_LE07_013030_20120802,23.0,0.981,1343921271680,0,-9999,-9999,,-9999,-9999,,1343930400000,2.6500000000000004,
1_2_1_LE07_013030_20120818,36.0,0.981,1345303683840,12016,-9999,-9999,20.220061896902305,20.27861590210051,-9999,0.4426078109998118,1345312800000,1.470001220703125,
1_2_1_LE07_013030_20120903,1.0,0.981,1346686093970,18769,19.22970468232499,18.700656333978483,18.918326333144783,-9999,18.700656333978483,0.38611376247109164,1346695200000,1.9899993896484376,
1_2_1_LE07_013030_20120919,9.0,0.981,1348068501760,18896,17.09800130520769,16.01922462824131,16.517474231607412,16.5598835936396,16.01922462824131,0.46163379811428346,1348077600000,0.479998779296875,
1_2_1_LE07_013030_20121005,2.0,0.981,1349450911500,0,-9999,-9999,,-9999,-9999,,1349460000000,2.7800003051757813,
1_2_1_LE07_013030_20121021,56.0,0.981,1350833321900,6728,8.162924355702385,9.320083966154597,9.410656046093495,-9999,8.743058026991603,0.5670148730964107,1350842400000,1.5399993896484376,
2_1_LC08_013030_20130325,95.29,0.981,1364225747350,0,-9999,-9999,,-9999,-9999,,1364234400000,0.620001220703125,
1_2_1_LE07_013030_20130330,6.0,0.981,1364657336360,53,-9999,-9999,-1.4859570522436987,-9999,-9999,0.4484286148518517,1364666400000,0.270001220703125,
2_1_LC08_013030_20130330,10.29,0.981,1364657492920,0,-9999,-9999,,-9999,-9999,,1364666400000,0.270001220703125,
1_2_1_LE07_013030_20130415,71.0,0.981,1366039733030,0,-9999,-9999,,-9999,-9999,,1366048800000,1.329998779296875,
2_1_LC08_013030_20130423,92.31,0.981,1366731279900,0,-9999,-9999,,-9999,-9999,,1366740000000,0.779998779296875,
1_2_1_LE07_013030_20130501,0.0,0.981,1367422128410,17993,-9999,8.743045100516854,11.058623056452223,11.598128025537392,-9999,1.9512896560859743,1367431200000,1.55,
1_2_1_LE07_013030_20130517,34.0,0.981,1368804526020,12179,9.894569180092066,-9999,10.138456308118668,-9999,-9999,0.9439743547540769,1368813600000,1.020001220703125,
1_2_1_LE07_013030_20130602,14.0,0.981,1370186916980,0,-9999,-9999,,-9999,-9999,,1370196000000,3.760000610351563,
2_1_LC08_013030_20130610,100.0,0.981,1370878494430,0,-9999,-9999,,-9999,-9999,,1370887200000,2.070001220703125,
1_2_1_LE07_013030_20130704,31.0,0.981,1372951702570,0,-9999,-9999,,-9999,-9999,,1372960800000,4.219999694824219,
2_1_LC08_013030_20130712,23.91,0.981,1373643293090,0,-9999,-9999,,-9999,-9999,,1373652000000,1.1500000000000001,
1_2_1_LE07_013030_20130720,61.0,0.981,1374334094580,0,-9999,-9999,,-9999,-9999,,1374343200000,3.010000610351563,
2_1_LC08_013030_20130728,82.6,0.981,1375025693160,0,-9999,-9999,,-9999,-9999,,1375034400000,3.5699996948242188,
1_2_1_LE07_013030_20130805,0.0,0.981,1375716489000,18528,19.228500673319928,18.699689979302562,18.994683552785506,19.228500673319928,18.699689979302562,0.41132056884838963,1375725600000,1.6200012207031251,
1_2_1_LE07_013030_20130821,0.0,0.981,1377098895280,0,-9999,-9999,,-9999,-9999,,1377108000000,2.5800003051757816,
1_2_1_LE07_013030_20130906,2.0,0.981,1378481307020,19210,18.168264475972197,17.098843944326543,17.312145622521037,18.168264475972197,17.634767814078245,1.0159287424790575,1378490400000,1.4799987792968752,
2_1_LC08_013030_20130914,81.18,0.981,1379172892580,0,-9999,-9999,,-9999,-9999,,1379181600000,1.6899993896484375,
1_2_1_LE07_013030_20130922,52.0,0.981,1379863716300,1677,-9999,-9999,15.318745020463563,-9999,15.476195182326517,0.7843986342508528,1379872800000,1.55,
2_1_LC08_013030_20130930,3.88,0.981,1380555286430,0,-9999,-9999,,-9999,-9999,,1380564000000,1.6,
1_2_1_LE07_013030_20131008,1.0,0.981,1381246129370,18948,13.276847874223035,13.830705962050228,13.734676197435821,-9999,13.276847874223035,0.3756898180559227,1381255200000,0.929998779296875,
1_2_1_LE07_013030_20131024,61.0,0.981,1382628537560,565,-9999,-9999,7.732398731036962,-9999,-9999,2.2192771717446145,1382637600000,0.8399993896484376,
1_2_1_LE07_013030_20140301,73.0,0.981,1393687778260,2248,-9999,-16.871864060337753,-15.977155848717816,-9999,-9999,0.9348085236923014,1393696800000,0.6899993896484375,
2_1_LC08_013030_20140309,15.59,0.981,1394379207330,0,-9999,-9999,,-9999,-9999,,1394388000000,0.25,
1_2_1_LE07_013030_20140317,18.0,0.981,1395070186840,0,-9999,-9999,,-9999,-9999,,1395079200000,0.1100006103515625,
2_1_LC08_013030_20140325,77.71,0.981,1395761591950,0,-9999,-9999,,-9999,-9999,,1395770400000,0.279998779296875,
2_1_LC08_013030_20140410,22.07,0.981,1397143978520,0,-9999,-9999,,-9999,-9999,,1397152800000,1.25,
1_2_1_LE07_013030_20140418,88.0,0.981,1397835001380,1237,-9999,-9999,-12.928629770484164,-9999,-9999,0.7676190315639001,1397844000000,0.8,
2_1_LC08_013030_20140512,2.84,0.981,1399908748620,0,-9999,-9999,,-9999,-9999,,1399917600000,1.529998779296875,
1_2_1_LE07_013030_20140520,2.0,0.981,1400599814990,18354,10.464973227009338,9.89400657175219,10.429611499973031,11.032988676448607,10.464973227009338,1.3739713171147225,1400608800000,1.5600006103515627,
1_2_1_LE07_013030_20140605,93.0,0.981,1401982218000,0,-9999,-9999,,-9999,-9999,,1401991200000,2.1100006103515625,
1_2_1_LE07_013030_20140621,53.0,0.981,1403364619390,869,-9999,-9999,12.57683567382831,-9999,-9999,0.639241595684727,1403373600000,1.6100006103515625,
2_1_LC08_013030_20140629,23.41,0.981,1404055958510,0,-9999,-9999,,-9999,-9999,,1404064800000,2.539999389648438,
1_2_1_LE07_013030_20140707,42.0,0.981,1404747025200,0,-9999,-9999,,-9999,-9999,,1404756000000,3.8000000000000003,
2_1_LC08_013030_20140715,88.3,0.981,1405438365970,0,-9999,-9999,,-9999,-9999,,1405447200000,4.15,
1_2_1_LE07_013030_20140723,33.0,0.981,1406129428430,0,-9999,-9999,,-9999,-9999,,1406138400000,3.8899993896484375,
2_1_LC08_013030_20140731,90.04,0.981,1406820771520,0,-9999,-9999,,-9999,-9999,,1406829600000,2.6100006103515625,
1_2_1_LE07_013030_20140808,13.0,0.981,1407511833100,17413,18.700407028616755,18.700407028616755,18.631683474230517,18.16907473138188,18.700407028616755,0.34988569621986215,1407520800000,1.9000000000000001,
2_1_LC08_013030_20140816,81.7,0.981,1408203177770,0,-9999,-9999,,-9999,-9999,,1408212000000,2.769999694824219,
1_2_1_LE07_013030_20140824,14.0,0.981,1408894230710,0,-9999,-9999,,-9999,-9999,,1408903200000,2.7100006103515626,
2_1_LC08_013030_20140901,24.65,0.981,1409585579910,0,-9999,-9999,,-9999,-9999,,1409594400000,2.5699996948242188,
2_1_LC08_013030_20140917,15.89,0.981,1410967981560,0,-9999,-9999,,-9999,-9999,,1410976800000,1.579998779296875,
2_1_LC08_013030_20141003,0.02,0.981,1412350384480,0,-9999,-9999,,-9999,-9999,,1412359200000,1.3700012207031251,
2_1_LC08_013030_20141019,67.14,0.981,1413732787970,0,-9999,-9999,,-9999,-9999,,1413741600000,0.5199999809265137,
1_2_1_LE07_013030_20141027,40.0,0.981,1414423860160,11854,9.894393769286232,7.579927248105267,9.117927227997779,-9999,7.579927248105267,0.8390755541370544,1414432800000,1.2300000190734863,
2_1_LC08_013030_20150312,24.84,0.981,1426174350030,0,-9999,-9999,,-9999,-9999,,1426183200000,0.1899999976158142,
1_2_1_LE07_013030_20150405,59.0,0.981,1428247921640,718,-9999,-9999,-2.262496580467762,-9999,-9999,0.339163468151756,1428256800000,0.32999999523162843,
2_1_LC08_013030_20150413,16.98,0.981,1428939136790,0,-9999,-9999,,-9999,-9999,,1428948000000,0.7599999904632568,
2_1_LC08_013030_20150429,58.46,0.981,1430321529160,0,-9999,-9999,,-9999,-9999,,1430330400000,1.4500000000000002,
1_2_1_LE07_013030_20150507,0.0,0.981,1431012735310,18579,8.74330274197989,8.163157443893457,9.85036903667827,-9999,8.74330274197989,1.6947599710778978,1431021600000,1.3300000190734864,
2_1_LC08_013030_20150515,100.0,0.981,1431703914190,0,-9999,-9999,,-9999,-9999,,1431712800000,1.3699999809265138,
1_2_1_LE07_013030_20150523,0.0,0.981,1432395141300,18392,9.320639321517776,10.46556013130073,10.32507943521615,11.59866167310903,-9999,1.0940721405312543,1432404000000,0.9800000190734863,
1_2_1_LE07_013030_20150624,13.0,0.981,1435159949830,16275,17.635259742174657,17.635259742174657,18.230518998727472,-9999,18.168930165668986,0.7421425107008642,1435168800000,1.8299999237060547,
2_1_LC08_013030_20150702,38.16,0.981,1435851138310,0,-9999,-9999,,-9999,-9999,,1435860000000,1.2800000190734864,
1_2_1_LE07_013030_20150710,21.0,0.981,1436542356800,11052,19.228267613182766,-9999,18.920748644128505,19.754731825545903,-9999,0.6359392547120011,1436551200000,1.5399999618530273,
2_1_LC08_013030_20150803,4.45,0.981,1438615951020,0,-9999,-9999,,-9999,-9999,,1438624800000,3.0700000762939457,
2_1_LC08_013030_20150819,9.08,0.981,1439998358480,0,-9999,-9999,,-9999,-9999,,1440007200000,3.1399999618530274,
1_2_1_LE07_013030_20150827,67.0,0.981,1440689564450,3983,-9999,17.099708887289182,17.684617619060738,-9999,-9999,0.6007650219795422,1440698400000,2.35,
2_1_LC08_013030_20150904,34.91,0.981,1441380763280,0,-9999,-9999,,-9999,-9999,,1441389600000,1.3,
1_2_1_LE07_013030_20150912,43.0,0.981,1442071968700,0,-9999,-9999,,-9999,-9999,,1442080800000,2.8200000762939457,
2_1_LC08_013030_20150920,37.13,0.981,1442763171950,0,-9999,-9999,,-9999,-9999,,1442772000000,0.5599999904632569,
1_2_1_LE07_013030_20150928,23.0,0.981,1443454372110,0,-9999,-9999,,-9999,-9999,,1443463200000,3.379999923706055,
2_1_LC08_013030_20151006,25.67,0.981,1444145574860,0,-9999,-9999,,-9999,-9999,,1444154400000,1.3699999809265138,
2_1_LC08_013030_20151022,64.71,0.981,1445527977800,0,-9999,-9999,,-9999,-9999,,1445536800000,1.6799999237060548,
1_2_1_LE07_013030_20151030,32.0,0.981,1446219199870,14561,4.010735227630109,-9999,8.155942660699818,5.810762546087889,8.743773667710865,0.8178805032933882,1446228000000,0.43000001907348634,
1_2_1_LE07_013030_20160306,4.0,0.981,1457278494820,1242,-9999,-9999,-2.687157082094991,-2.8783472869127373,-9999,0.849616910619553,1457287200000,0.30000000000000004,
1_2_1_LE07_013030_20160322,9.0,0.981,1458660901770,17788,-9999,-9999,1.57114374316781,0.9384043528030817,-9999,0.5290279999331694,1458669600000,0.48000001907348633,
2_1_LC08_013030_20160330,5.98,0.981,1459351953690,0,-9999,-9999,,-9999,-9999,,1459360800000,0.5099999904632568,
2_1_LC08_013030_20160415,0.01,0.981,1460734348790,0,-9999,-9999,,-9999,-9999,,1460743200000,0.7400000095367432,
1_2_1_LE07_013030_20160423,77.0,0.981,1461425713520,1844,-9999,-9999,5.829301267070136,-9999,-9999,1.3867536528089137,1461434400000,0.35000000000000003,
1_2_1_LE07_013030_20160509,39.0,0.981,1462808117570,2019,6.403905561918173,-9999,6.377002373323602,-9999,-9999,1.0669377634357653,1462816800000,0.5900000095367431,
2_1_LC08_013030_20160517,52.34,0.981,1463499148000,0,-9999,-9999,,-9999,-9999,,1463508000000,1.1699999809265138,
1_2_1_LE07_013030_20160525,12.0,0.981,1464190521330,14768,13.275260195173342,14.380829355313796,13.425906144547588,11.031443104726764,14.929677480264646,1.733387202935394,1464199200000,2.379999923706055,
2_1_LC08_013030_20160602,50.79,0.981,1464881553800,0,-9999,-9999,,-9999,-9999,,1464890400000,2.9200000762939453,
1_2_1_LE07_013030_20160610,39.0,0.981,1465572926070,3611,-9999,-9999,12.179913416015742,-9999,-9999,0.4579458665850623,1465581600000,1.6299999237060547,
2_1_LC08_013030_20160618,1.38,0.981,1466263956900,0,-9999,-9999,,-9999,-9999,,1466272800000,0.9899999618530274,
1_2_1_LE07_013030_20160626,4.0,0.981,1466955327580,0,-9999,-9999,,-9999,-9999,,1466964000000,2.8100000381469727,
2_1_LC08_013030_20160704,0.37,0.981,1467646366320,0,-9999,-9999,,-9999,-9999,,1467655200000,1.8899999618530274,
1_2_1_LE07_013030_20160712,6.0,0.981,1468337726600,0,-9999,-9999,,-9999,-9999,,1468346400000,2.5200000762939454,
2_1_LC08_013030_20160720,10.8,0.981,1469028772540,0,-9999,-9999,,-9999,-9999,,1469037600000,2.3700000762939455,
1_2_1_LE07_013030_20160728,77.0,0.981,1469720130030,0,-9999,-9999,,-9999,-9999,,1469728800000,2.9200000762939453,
2_1_LC08_013030_20160805,6.34,0.981,1470411175320,0,-9999,-9999,,-9999,-9999,,1470420000000,2.3700000762939455,
1_2_1_LE07_013030_20160813,81.0,0.981,1471102531060,0,-9999,-9999,,-9999,-9999,,1471111200000,4.75999984741211,
2_1_LC08_013030_20160821,49.17,0.981,1471793580740,0,-9999,-9999,,-9999,-9999,,1471802400000,4.1299999237060545,
1_2_1_LE07_013030_20160829,21.0,0.981,1472484934560,15461,20.279398306688808,20.279398306688808,20.088723531806103,-9999,19.75515787307351,0.5657494360780246,1472493600000,1.6600000381469728,
2_1_LC08_013030_20160906,77.64,0.981,1473175986320,0,-9999,-9999,,-9999,-9999,,1473184800000,2.629999923706055,
1_2_1_LE07_013030_20160914,73.0,0.981,1473867336300,14623,-9999,13.829226183376043,15.320872492031382,14.9295871170337,-9999,0.5955115787744718,1473876000000,2.4700000762939456,
2_1_LC08_013030_20160922,0.01,0.981,1474558387850,0,-9999,-9999,,-9999,-9999,,1474567200000,2.6899999618530277,
1_2_1_LE07_013030_20160930,95.0,0.981,1475249738990,0,-9999,-9999,,-9999,-9999,,1475258400000,1.7799999237060549,
2_1_LC08_013030_20161008,89.58,0.981,1475940791380,0,-9999,-9999,,-9999,-9999,,1475949600000,2.6399999618530274,
1_2_1_LE07_013030_20161016,83.0,0.981,1476632138230,0,-9999,-9999,,-9999,-9999,,1476640800000,3.1200000762939455,
2_1_LC08_013030_20161024,22.48,0.981,1477323194720,0,-9999,-9999,,-9999,-9999,,1477332000000,0.6400000095367432,
