system:index,azimuth,cloud_cover,elev,emiss,esd,l_exceltime,landsat_time,pct_lake,pixel_count,surface_temp_max,surface_temp_mean,surface_temp_median,surface_temp_min,surface_temp_stdDev,sza,v_exceltime,vapor_time,water_column,.geo
1_1_2_1_LT05_013030_19850901,138.26797,5.0,47.822216,0.9779510005476145,1.0090483,31291.6266353125,494434941291,0.7272842639593908,17193,21.078635021846537,16.857646575390216,17.030211924090256,14.253719078202446,0.6428039393031849,42.17778396606445,31291.75,494445600000,1.170001220703125,
1_1_2_1_LT05_013030_19850917,143.90114,6.0,43.06969,0.9779510005476145,1.0049189,31307.626485729168,495817328367,0.727072758037225,17188,18.395374838100636,15.182237319386559,15.186315786106608,12.83998489619897,0.38375646643152334,46.9303092956543,31307.75,495828000000,1.6,
1_1_2_1_LT05_013030_19851120,155.80006,36.0,23.41129,0.9779510005476145,0.9879325,31371.625920659724,501346879545,0.6879864636209814,16264,12.838533992975135,8.982235601119502,8.981940049867227,7.9969051248375065,0.7491296731782914,66.58871078491211,31371.75,501357600000,2.3600006103515625,
1_1_2_1_LT05_013030_19860515,128.12862,41.0,56.60322,0.9779510005476145,1.0109715,31547.623305428242,516553053589,0.7272842639593908,17193,19.296556403141224,10.001390242087968,9.960210236350852,3.966077201779566,1.496071843603267,33.39677810668945,31547.5,516542400000,1.4799987792968752,
1_1_2_1_LT05_013030_19861022,150.39049,4.0,30.897781,0.9779510005476145,0.9950896,31707.61961,530376734304,0.7267766497461929,17181,9.473356369758609,7.118555990361898,7.004670069355775,4.988641914643097,0.6768798650333513,59.10221862792969,31707.5,530366400000,1.220001220703125,
1_1_2_1_LT05_013030_19861123,153.4201,72.0,22.016676,0.9779510005476145,0.9874027,31739.61879398148,533141463800,0.49826565143824025,11779,1.3655354366607741,-3.7299889688700145,-3.489928334177084,-10.36713842519311,2.274915179624111,67.98332405090332,31739.5,533131200000,1.1,
1_1_2_1_LT05_013030_19870502,131.299,17.0,53.553524,0.9779510005476145,1.0078675,31899.622471620372,546965781548,0.7272842639593908,17193,15.650022079335262,6.128882865790883,6.001663420185941,4.988850256534406,1.3139906408698696,36.446475982666016,31899.5,546955200000,0.55,
1_1_1_1_LT04_013030_19870526,123.58484709,38.0,57.46879674,0.9779510005476145,1.0130782,31923.619376226852,5.49039114106E11,0.7272842639593908,17193,26.58737786503675,17.11941904656657,16.81546235532075,15.479934718609929,1.0510937041057609,32.53120326,31923.5,549028800000,1.379998779296875,
1_1_2_1_LT05_013030_19870705,121.050354,16.0,58.560978,0.9779510005476145,1.016714,31963.623527060186,552495472738,0.7272842639593908,17193,22.843681662669713,17.326903635832718,17.03082731725946,16.572237295525127,0.6050242371746635,31.439022064208984,31963.5,552484800000,2.0500000000000003,
1_1_2_1_LT05_013030_19870806,127.85028,17.0,53.814022,0.9779510005476145,1.0142733,31995.624085983796,555260321029,0.7272842639593908,17193,23.706573417571537,18.411578417091714,18.394733296853328,17.486769897091687,0.30762491729344904,36.185977935791016,31995.5,555249600000,1.2299987792968752,
1_1_2_1_LT05_013030_19871009,149.84749,9.0,35.99112,0.9779510005476145,0.9988292,32059.625176574074,560790015256,0.7272842639593908,17193,10.445341179046576,9.416766821077298,9.473057915058895,5.496044576897699,0.6025143764640605,54.008880615234375,32059.75,560800800000,1.4600006103515626,
1_1_2_1_LT05_013030_19871025,153.29037,34.0,30.828316,0.9779510005476145,0.994327,32075.62535079861,562172430309,0.6998730964467005,16545,9.473681182248564,8.290723507241465,8.492827119473214,2.413648733172331,0.76007535251538,59.17168426513672,32075.75,562183200000,0.8,
1_1_2_1_LT05_013030_19880605,125.075615,26.0,60.112915,0.9779510005476145,1.0147527,32299.627368541667,581526204642,0.7272842639593908,17193,19.7480036055187,12.852325704865576,12.83876944652788,11.407706954680766,0.8955649108970899,29.8870849609375,32299.75,581536800000,2.2600006103515624,
1_1_2_1_LT05_013030_19880621,122.86057,12.0,60.245888,0.9779510005476145,1.0163172,32315.627430590277,582908610003,0.7245769881556684,17129,18.847703684713277,13.151707612118635,13.312611975679117,10.44458202790438,0.8153116538000007,29.754112243652344,32315.75,582919200000,1.8899993896484375,
1_1_2_1_LT05_013030_19880723,125.68539,32.0,56.900433,0.9779510005476145,1.0158482,32347.627514131942,585673417221,0.44251269035533,10461,21.086881293685053,15.313278557695506,16.111843492650248,2.933179371372155,2.4215197433436186,33.09956741333008,32347.75,585684000000,2.5,
1_1_2_1_LT05_013030_19880909,141.6893,38.0,45.592377,0.9779510005476145,1.0069937,32395.627551331017,589820620435,0.7248730964467005,17136,18.396661108150468,15.687893765033886,15.649809756180996,6.00033695835977,0.5732489347037953,44.407623291015625,32395.75,589831200000,2.169999694824219,
1_1_2_1_LT05_013030_19880925,147.02399,7.0,40.599907,0.9779510005476145,1.0026268,32411.62747385417,591203013741,0.7272842639593908,17193,16.571820951027508,14.03016641769574,14.253819241712524,12.365688406859888,0.31511182989512476,49.40009307861328,32411.75,591213600000,0.8899993896484375,
1_1_2_2_LT05_013030_19881011,151.37200786,76.0,35.34130779,0.9779510005476145,0.9980436,32427.627407627315,5.92585408019E11,0.25503384094754655,6029,11.409702556311904,7.646085795714997,7.998897350631419,0.30660545566369474,1.8337621577568115,54.65869221,32427.75,592596000000,1.1200012207031251,
1_1_2_1_LT05_013030_19881027,154.42392,3.0,30.15958,0.9779510005476145,0.9935882,32443.627395798612,593967806997,0.7271996615905245,17191,8.492797431649338,7.266503937242088,7.5031383241306635,4.478771431616205,0.4286195262896653,59.84041976928711,32443.75,593978400000,0.8600006103515625,
1_1_2_1_LT05_013030_19881112,156.05571,10.0,25.501045,0.9779510005476145,0.989604,32459.62742542824,595350209557,0.7271996615905245,17191,5.496451880808324,4.581956165130195,4.988848420004731,-0.7634500708266707,0.9172965217698651,64.49895477294922,32459.75,595360800000,0.570001220703125,
1_1_2_1_LT05_013030_19890507,131.59631,36.0,55.57476,0.9779510005476145,1.009219,32635.62611375,610556496228,0.6129441624365483,14490,13.784487668712176,6.915522682329777,6.504159177638329,3.4512106187938056,1.158321781795555,34.42523956298828,32635.75,610567200000,1.25,
1_1_1_1_LT04_013030_19890819,134.84670457,26.0,51.73901843,0.9779510005476145,1.0119189,32739.62941898148,6.195423818E11,0.6885363790186125,16277,24.532683599079682,19.32893530829512,19.875128703453623,13.674237218870505,1.1717308971531584,38.26098157,32739.75,619552800000,1.8399993896484377,
1_1_2_1_LT05_013030_19890827,135.41357,2.0,48.755035,0.9779510005476145,1.0102283,32747.624550416665,620233161156,0.7272842639593908,17193,19.295435916847918,16.09440335092274,16.111870114868367,14.253795959419461,0.31693755351825087,41.244964599609375,32747.5,620222400000,0.9799987792968751,
1_1_2_1_LT05_013030_19890928,146.28783,0.0,39.161983,0.9779510005476145,1.0018597,32779.624037546295,622997916844,0.7272842639593908,17193,14.721001478874157,13.384412830000752,13.313411305318791,10.445623522570331,0.5341969436535506,50.838016510009766,32779.5,622987200000,1.2399993896484376,
1_1_2_1_LT05_013030_19891014,150.41113,27.0,33.918423,0.9779510005476145,0.9972737,32795.62367177084,624380285241,0.7271996615905245,17191,13.313665071990554,9.29013633034329,9.960903793462196,5.496426429497901,1.561548271417123,56.08157730102539,32795.5,624369600000,0.720001220703125,
1_1_2_1_LT05_013030_19891030,153.21915,36.0,28.814333,0.9779510005476145,0.9928742,32811.62335378472,625762657767,0.7264382402707276,17173,10.928813877352482,7.271663000762408,7.004810290469344,4.9887317441859125,0.5285988560352565,61.18566703796387,32811.5,625752000000,1.029998779296875,
1_1_2_1_LT05_013030_19900526,123.88787,41.0,57.665363,0.9779510005476145,1.0131161,33019.62018670139,643733584131,0.6997038917089679,16541,17.486517991864012,9.693069319768545,9.960796532644732,-0.2269948383829783,2.8986728508512503,32.33463668823242,33019.5,643723200000,0.929998779296875,
1_1_2_1_LT05_013030_19900627,119.1698,52.0,58.325863,0.9779510005476145,1.01658,33051.620179398145,646498383500,0.7272842639593908,17193,24.588342784303638,18.859353568153747,18.849678106414615,17.94374277008455,0.562197034235075,31.674137115478516,33051.5,646488000000,2.4899993896484376,
1_1_1_1_LT04_013030_19900721,124.58599166,39.0,57.04765729,0.9779510005476145,1.0160593,33075.62649188658,6.48572528899E11,0.5565143824027072,13156,22.014116991729495,17.566492639599254,17.257584234954205,11.839445116139286,1.4111485059382787,32.95234271,33075.75,648583200000,1.8700012207031251,
1_1_2_1_LT05_013030_19900729,123.59948,13.0,54.341515,0.9779510005476145,1.0152917,33083.62010068287,649263176699,0.6873096446700507,16248,25.012275652073754,20.30270902651073,20.194339672030825,16.572255585157645,0.556656413363303,35.658485412597656,33083.5,649252800000,2.1100006103515625,
1_1_2_1_LT05_013030_19900830,134.40009,5.0,47.202232,0.9779510005476145,1.0096002,33115.619964895835,652027964967,0.7272842639593908,17193,21.07902698821249,18.670221118847877,18.84622208618877,17.030275086046075,0.3318948495917445,42.797767639160156,33115.5,652017600000,1.270001220703125,
1_1_2_1_LT05_013030_19901001,145.39522,4.0,37.68611,0.9779510005476145,1.001076,33147.61980625,654792751260,0.6532571912013536,15443,14.720984299878957,12.442456434552328,12.840639619200331,3.451334926617056,1.2817089425201222,52.31388854980469,33147.5,654782400000,0.25,
1_1_2_1_LT05_013030_19901017,149.48227,27.0,32.521004,0.9779510005476145,0.9964974,33163.61975449074,656175146788,0.7040186125211506,16643,12.36508519187065,10.922566586258815,10.928229391922658,6.503896852479066,0.7427392571173862,57.47899627685547,33163.5,656164800000,1.529998779296875,
1_1_2_1_LT05_013030_19901118,153.50162,52.0,23.203106,0.9779510005476145,0.9884149,33195.61969028935,658939941241,0.40135363790186124,9488,3.9663375585052627,1.8914167067465597,2.933788340904977,-5.726723461140103,2.107069471032781,66.79689407348633,33195.5,658929600000,0.55,
1_1_2_1_LT05_013030_19910513,128.063,0.0,55.927387,0.9779510005476145,1.0104688,33371.621738877315,674146518239,0.7272842639593908,17193,21.96073569830132,12.331112051999668,11.888532140101173,10.44565645971082,1.3803287524577044,34.07261276245117,33371.5,674136000000,1.2100006103515626,
1_1_2_1_LT05_013030_19910716,121.690994,1.0,56.92722,0.9779510005476145,1.0164092,33435.62236876157,679676172661,0.7213620981387479,17053,26.28549265689872,18.648334083177623,18.395241785608444,14.720839938451318,0.6941987295561316,33.07278060913086,33435.5,679665600000,1.529998779296875,
1_1_2_1_LT05_013030_19910902,136.65915,0.0,46.960934,0.9779510005476145,1.0089507,33483.62267664352,683823399262,0.7272842639593908,17193,19.296722256620757,17.15859751841408,17.030454291845842,14.253461371166878,0.4957119598390828,43.039066314697266,33483.5,683812800000,1.5399993896484376,
1_1_2_1_LT05_013030_19910918,142.43198,69.0,42.30195,0.9779510005476145,1.0048085,33499.62280859954,685205810663,0.6805414551607445,16088,15.650088908803497,10.402924850366155,10.445438804599652,3.451163542712376,2.255171736459833,47.69805145263672,33499.5,685195200000,1.3899993896484375,
1_1_2_1_LT05_013030_19911004,147.45326,7.0,37.2426,0.9779510005476145,1.0002896,33515.62284049769,686588213419,0.7184010152284264,16983,15.65010423331908,12.859151190039883,12.840390864526041,9.960509182413563,0.40499091858493896,52.75740051269531,33515.5,686577600000,1.25,
1_1_2_1_LT05_013030_19911105,153.78296,43.0,27.148352,0.9779510005476145,0.9914724,33547.62295592592,689353023392,0.6878595600676819,16261,7.004967018342585,4.273529541932623,4.478807285073327,-6.294231072612296,1.8618797369956452,62.85164833068848,33547.5,689342400000,0.679998779296875,
1_1_2_1_LT05_013030_19920515,127.69632,35.0,56.59145,0.9779510005476145,1.0110645,33739.622629108795,705941795155,0.6621404399323181,15653,15.186496547648753,8.474767144642197,8.492835963930824,4.9888128545790495,1.0946113260461559,33.40855026245117,33739.5,705931200000,0.779998779296875,
1_1_2_1_LT05_013030_19920616,120.823975,1.0,59.194176,0.9779510005476145,1.0159444,33771.622378217595,708706573478,0.7272842639593908,17193,22.398951434250215,16.50377520558147,16.571912986836743,15.65010898529264,0.5369729987470618,30.805824279785156,33771.5,708696000000,1.1200012207031251,
1_1_2_1_LT05_013030_19920819,131.33168,64.0,50.182384,0.9779510005476145,1.0118822,33835.62179027778,714236122680,0.5622250423011844,13291,19.299154256811942,14.798378024391821,14.720125834428103,10.92675913243737,0.6399520628092978,39.8176155090332,33835.5,714225600000,2.2399993896484376,
1_1_2_1_LT05_013030_19920920,142.7472,1.0,41.230972,0.9779510005476145,1.0040522,33867.621452754625,717000893518,0.7272842639593908,17193,16.11195064799241,14.753101868412243,14.720658148756277,11.40881930440376,0.45216287977951525,48.76902770996094,33867.5,716990400000,1.7600006103515626,
1_1_2_1_LT05_013030_19921006,147.50925,0.0,36.108112,0.9779510005476145,0.9995016,33883.62116765046,718383268885,0.7271996615905245,17191,11.40966513500655,10.597475570467102,10.928697758335236,6.504227175560079,0.6466141385760545,53.89188766479492,33883.5,718372800000,1.1600006103515625,
1_1_2_1_LT05_013030_19921022,151.0869,62.0,30.925812,0.9779510005476145,0.9949683,33899.621063969906,719765659927,0.4393824027072758,10387,8.492730709996223,7.340417593090432,7.999008705134238,-6.294537572802197,1.3414904756897603,59.074188232421875,33899.5,719755200000,0.970001220703125,
1_1_2_1_LT05_013030_19921107,153.25523,53.0,26.098253,0.9779510005476145,0.9907989,33915.62087238426,721148043374,0.405414551607445,9584,5.496459835935739,1.5882692205857851,2.4136637071638107,-6.294130675827361,2.9973529617320978,63.90174674987793,33915.5,721137600000,0.429998779296875,
1_1_2_1_LT05_013030_19930502,130.7667,0.0,53.525616,0.9779510005476145,1.0079772,34091.62176577546,736354520563,0.7272842639593908,17193,17.941196072106003,6.776159977488693,6.504404644937283,4.4787763285002375,1.6439081400850701,36.47438430786133,34091.5,736344000000,0.8399993896484376,
1_1_2_1_LT05_013030_19930603,122.78166,10.0,58.762283,0.9779510005476145,1.0144279,34123.62183099537,739119326198,0.49682741116751267,11745,19.743597191783838,10.271708159377654,10.44582605625596,0.3066056836137479,1.4227857469956517,31.237716674804688,34123.5,739108800000,1.029998779296875,
1_1_2_1_LT05_013030_19930705,120.190025,3.0,58.052193,0.9779510005476145,1.0167103,34155.621730405095,741884117507,0.7272842639593908,17193,25.448947123575167,17.921768173681237,17.94367767149626,16.572355910970042,0.7216152072686197,31.94780731201172,34155.5,741873600000,2.4600006103515626,
1_1_2_1_LT05_013030_19930721,122.5102,34.0,56.023285,0.9779510005476145,1.016044,34171.621737141206,743266518089,0.26683587140439935,6308,20.19264296361487,16.729008408321498,17.03061693118902,8.983242744800528,1.1156197293734607,33.976715087890625,34171.5,743256000000,1.770001220703125,
1_1_2_1_LT05_013030_19930806,126.83994,26.0,53.15796,0.9779510005476145,1.0142056,34187.621736597226,744648918042,0.7046954314720812,16659,22.403282066393064,14.639306571531462,14.25322924571357,9.472550939942394,1.5961762182446861,36.842041015625,34187.5,744638400000,1.770001220703125,
1_1_2_1_LT05_013030_19930907,138.27988,84.0,45.262638,0.9779510005476145,1.0075935,34219.62170112268,747413714977,0.3192047377326565,7546,12.364394763027983,10.19974586421122,10.444475953685593,5.495569004629499,1.1460123581550758,44.737361907958984,34219.5,747403200000,1.9399993896484375,
1_1_2_1_LT05_013030_19931025,151.83081,22.0,30.152409,0.9779510005476145,0.9942191,34267.62154287037,751560901304,0.6849407783417936,16192,10.929022478503455,8.502917273540703,8.492897070323636,2.93378751701207,0.6840447834560996,59.847591400146484,34267.5,751550400000,0.570001220703125,
1_1_2_1_LT05_013030_19931110,153.78401,1.0,25.450096,0.9779510005476145,0.9901459,34283.62145925926,752943294080,0.7271150592216582,17189,6.504293417143121,4.992948093411044,4.98871917823532,1.8909007387756551,0.6250341600473908,64.5499038696289,34283.5,752932800000,1.0600006103515625,
1_1_2_1_LT05_013030_19931126,154.30458,61.0,21.62278,0.9779510005476145,0.9868154,34299.62139663195,754325688669,0.7268189509306261,17182,2.4136509599782077,0.8523056727049402,0.8374432176973786,-4.601840778507881,1.077430654318963,68.3772201538086,34299.5,754315200000,0.770001220703125,
1_1_2_1_LT05_013030_19940521,124.83554,1.0,56.869415,0.9779510005476145,1.0121814,34475.61965320602,769531938037,0.7272842639593908,17193,21.523566889239184,11.149425934812685,10.927835389036957,9.472569432361876,1.5227145259938626,33.130584716796875,34475.5,769521600000,1.7600006103515626,
1_1_2_1_LT05_013030_19940622,118.874016,5.0,58.321655,0.9779510005476145,1.016339,34507.6192028588,772296699127,0.7268189509306261,17182,21.082094391922098,17.72569002212336,17.9425218502103,15.64996004428464,0.6663507439209497,31.6783447265625,34507.5,772286400000,1.8600006103515625,
1_1_2_1_LT05_013030_19940825,131.66771,10.0,48.09747,0.9779510005476145,1.0107361,34571.618031527774,777826197924,0.7272842639593908,17193,22.845161196654427,18.055689814528062,17.943103631931507,17.4878412182633,0.33094948341002867,41.902530670166016,34571.5,777816000000,2.1800003051757812,
1_1_2_1_LT05_013030_19940910,137.48346,6.0,43.734997,0.9779510005476145,1.0068885,34587.61774851852,779208573472,0.555668358714044,13136,15.650108611219336,13.39067126673165,13.784592944680256,4.988710465109666,1.3058833324350474,46.2650032043457,34587.5,779198400000,1.079998779296875,
1_1_2_1_LT05_013030_19941012,147.28322,0.0,33.73943,0.9779510005476145,0.9979294,34619.61711619213,781973318839,0.7272842639593908,17193,10.92886596651297,9.746166852424961,9.960775948241702,7.0048521682445095,0.4896171576439519,56.26057052612305,34619.5,781963200000,0.9600006103515626,
1_1_2_1_LT05_013030_19941028,150.42772,1.0,28.678778,0.9779510005476145,0.9934823,34635.6167430787,783355686602,0.7272842639593908,17193,9.960789817305374,9.057655157201456,8.98426464102434,6.504359968582815,0.3409468297705685,61.32122230529785,34635.5,783345600000,0.9399993896484375,
1_1_2_1_LT05_013030_19941113,152.14359,45.0,24.087608,0.9779510005476145,0.9895147,34651.61635582176,784738053143,0.7271573604060914,17190,7.503018050568707,6.593294252655152,6.5042934171433355,3.966245021597864,0.3993362382686467,65.91239166259766,34651.5,784728000000,1.0600006103515625,
1_1_2_1_LT05_013030_19941129,152.43286,54.0,20.439613,0.9779510005476145,0.9863404,34667.615990983795,786120421621,0.7229272419627749,17090,3.966325557464219,2.8527906581625366,2.9337809773725305,-0.7634506938069987,0.519460910889874,69.56038665771484,34667.5,786110400000,0.679998779296875,
1_1_2_1_LT05_013030_19950508,124.65962,11.0,52.721237,0.9779510005476145,1.0093126,34827.61166737269,799944048061,0.430160744500846,10169,13.313493578465405,4.939110833822935,4.988687500367328,0.8374379131764942,1.0378585895874637,37.27876281738281,34827.5,799934400000,1.129998779296875,
1_1_2_1_LT05_013030_19950828,128.41623,16.0,45.388153,0.9779510005476145,1.010127,34939.608121412035,809620541690,0.35038071065989845,8283,11.888827027711747,8.26315627568126,8.492835963931348,0.8374431177311658,1.9055381621343976,44.611846923828125,34939.5,809611200000,0.779998779296875,
1_1_2_1_LT05_013030_19950929,139.45737,20.0,36.2753,0.9779510005476145,1.0017332,34971.60702517361,812385246975,0.7272842639593908,17193,12.840706882355724,9.063187698027807,9.473752546720556,2.93378751701207,1.2982154203302438,53.724700927734375,34971.5,812376000000,0.570001220703125,
1_1_2_1_LT05_013030_19951116,148.82935,26.0,22.097536,0.9779510005476145,0.9889071,35019.60583689815,816532344308,0.7096446700507614,16776,5.496457158099089,3.6061475484500973,3.9663396562358457,-8.017180877805817,0.9603119610430042,67.90246391296387,35019.5,816523200000,0.5100006103515625,
1_1_2_1_LT05_013030_19960526,121.14813,1.0,56.500698,0.9779510005476145,1.0131915,35211.614319837965,833121877234,0.7223350253807107,17076,17.941038035555884,10.727353038409207,10.446026256742439,4.988838377418493,0.8724707541999456,33.49930191040039,35211.5,833112000000,0.65,
1_1_2_1_LT05_013030_19960814,127.758896,5.0,50.562798,0.9779510005476145,1.0128423,35291.61728443287,840034133375,0.7254653130287648,17150,24.142247706741145,18.821697653744355,18.846820885429242,17.03046117255931,0.4348922079621129,39.43720245361328,35291.5,840024000000,1.55,
1_1_2_1_LT05_013030_19960830,133.88602,0.0,46.790104,0.9779510005476145,1.0094954,35307.617884756946,841416585243,0.7272842639593908,17193,21.519470863692895,17.52150522680988,17.486517991863636,14.253809936512686,0.906477924308416,43.209896087646484,35307.5,841406400000,0.929998779296875,
1_1_2_1_LT05_013030_19960915,140.00598,47.0,42.37765,0.9779510005476145,1.0054336,35323.61849591435,842799038047,0.6692893401015229,15822,18.84767528106636,14.924044259081427,15.186141607467002,8.491568514296805,0.8192768205648655,47.62234878540039,35323.5,842788800000,1.879998779296875,
1_1_2_1_LT05_013030_19961001,145.44713,17.0,37.500668,0.9779510005476145,1.0009491,35339.61909150463,844181489506,0.7272842639593908,17193,14.253098739870428,11.98710429826823,11.887536143113902,10.444602798995653,0.33710233545486845,52.499332427978516,35339.5,844171200000,1.879998779296875,
1_1_2_1_LT05_013030_19961017,149.75507,19.0,32.43303,0.9779510005476145,0.9963733,35355.61966701389,845563939230,0.7220389170896785,17069,13.313633771738004,10.32715319415357,10.445947588480482,8.492802708610258,0.3199564691267201,57.56697082519531,35355.5,845553600000,0.8500000000000001,
1_1_2_1_LT05_013030_19961102,152.67897,58.0,27.552187,0.9779510005476145,0.9920529,35371.62021201389,846946386318,0.7250423011844331,17140,7.503188157461971,6.487774051588847,6.504439518969772,-0.7634511624469928,0.8298423943343401,62.44781303405762,35371.5,846936000000,0.7399993896484376,
1_1_2_1_LT05_013030_19970614,123.329544,25.0,60.265324,0.9779510005476145,1.0157394,35595.62660290509,866300538491,0.5610406091370559,13263,20.190118609935627,15.767777010360822,16.111887513806657,8.984175502145092,0.8053174309025454,29.734676361083984,35595.75,866311200000,1.0600006103515625,
1_1_2_1_LT05_013030_19970630,122.54629,4.0,59.724632,0.9779510005476145,1.0166671,35611.62699884259,867682972700,0.7272419627749577,17192,25.87537244554582,19.044199783489738,18.84924068310349,17.943486543079715,0.7662651637345691,30.275367736816406,35611.75,867693600000,2.369999694824219,
1_1_2_1_LT05_013030_19971105,156.4342,17.0,27.782814,0.9779510005476145,0.9913533,35739.62966409722,878742402978,0.725507614213198,17151,8.49278081349673,6.882048776882942,7.004888781163883,1.8909129694344164,0.5023231339085895,62.217185974121094,35739.75,878752800000,0.8899993896484375,
1_1_2_1_LT05_013030_19980516,132.61214,1.0,58.699497,0.9779510005476145,1.0111655,35931.63218732639,895331420985,0.7272842639593908,17193,21.965400662225477,12.743878363332756,12.364433946764622,10.927514793924313,1.4401859734212863,31.30050277709961,35931.75,895341600000,1.9200012207031252,
1_1_2_1_LT05_013030_19980703,125.3699,16.0,60.673073,0.9779510005476145,1.0167043,35979.632651747685,899478661111,0.5249153976311337,12409,21.9634117941765,17.589302404613917,17.94219846162521,9.959922359207463,1.145675696586591,29.326927185058594,35979.75,899488800000,1.6600006103515625,
1_1_2_1_LT05_013030_19980820,136.91501,22.0,52.202873,0.9779510005476145,1.0117834,36027.6329234375,903625884585,0.2822758037225042,6673,13.78416485015681,9.242156041212365,8.983529228421329,4.478429815106759,1.487787350021804,37.79712677001953,36027.75,903636000000,1.6,
1_1_2_1_LT05_013030_19981108,157.95262,77.0,27.335186,0.9779510005476145,0.9906834,36107.63324837963,910537912660,0.4393824027072758,10387,6.504445316985301,3.6195315091465043,3.9663202695505775,-2.3902327736594615,1.8586900070835477,62.66481399536133,36107.75,910548000000,0.720001220703125,
1_1_2_1_LT05_013030_19990604,128.18759,5.0,61.12892,0.9779510005476145,1.0144944,36315.63260732639,928509057273,0.514678510998308,12167,20.63516219950438,14.18914539122429,14.253742958353527,6.504254848061656,1.268399299829665,28.871078491210938,36315.75,928519200000,1.1200012207031251,
1_1_2_1_LT05_013030_19990620,125.60512,50.0,61.40496,0.9779510005476145,1.016191,36331.63251452547,929891449255,0.41806260575296106,9883,19.747374341675183,13.20874822078058,13.783404180432672,3.9656543526285226,2.4734267995456523,28.59503936767578,36331.75,929901600000,2.129998779296875,
1_1_2_1_LT05_013030_19990722,127.66669,16.0,58.171623,0.9779510005476145,1.0160027,36363.6323787963,932656237528,0.6196277495769882,14648,24.155837893598626,18.91932623326262,18.84971552084127,16.572366684928785,0.5868979100859615,31.82837677001953,36363.75,932666400000,2.5,
1_1_2_1_LT05_013030_19990807,131.96028,12.0,55.124043,0.9779510005476145,1.0141307,36379.63234658565,934038634745,0.7170896785109984,16952,22.839426246976,19.11258764874192,19.29692425639967,8.492026944397434,0.4500716065715708,34.87595748901367,36379.75,934048800000,1.6100006103515625,
1_1_2_1_LT05_013030_19990823,137.39035,8.0,51.28611,0.9779510005476145,1.0112184,36395.63218381944,935421020682,0.7272842639593908,17193,21.528345924488477,17.032898374689232,17.03107611907702,16.57232835492188,0.4306489790640523,38.713890075683594,36395.75,935431200000,2.3600006103515625,
1_2_1_LE07_013030_19990831,145.72757,0.0,50.852158,0.9779510005476145,1.009433,36403.64294917824,936113150809,0.7272842639593908,17193,23.382371462105116,18.515136759764463,18.701114312172166,17.099803055209694,0.35550365937078193,39.14784240722656,36403.75,936122400000,1.9200012207031252,
1_1_2_1_LT05_013030_19990924,148.3218,0.0,41.7179,0.9779510005476145,1.0031499,36427.63153909722,938185764978,0.7272842639593908,17193,20.194070340352162,14.868014017527315,14.720349683376638,14.252857970724751,0.41141579926969263,48.282100677490234,36427.75,938196000000,2.0600006103515627,
1_2_1_LE07_013030_19991002,155.64442,2.0,40.403183,0.9779510005476145,1.0008737,36435.64300438658,938877955579,0.7272842639593908,17193,16.020152639747284,13.713431455451737,13.830630273634775,12.160454927328518,0.3087254264462393,49.59681701660156,36435.75,938887200000,1.6899993896484375,
1_1_2_1_LT05_013030_19991026,155.65736,15.0,31.093649,0.9779510005476145,0.9940889,36459.63145990741,940950558136,0.7272842639593908,17193,9.960497791206455,7.504137824250605,7.502851253609712,4.988619902089391,0.5446006826044579,58.90635108947754,36459.75,940960800000,1.2600006103515626,
1_1_2_1_LT05_013030_19991111,157.27472,4.0,26.328299,0.9779510005476145,0.9900342,36475.6310762037,942332924984,0.7272419627749577,17192,7.004983157481634,5.913888318542937,6.001658377147707,0.306606389589136,1.0468796372321438,63.671701431274414,36475.75,942343200000,0.270001220703125,
1_1_2_1_LT05_013030_20000622,124.882126,57.0,61.10395,0.9779510005476145,1.0163646,36699.631535555556,961686564672,0.501057529610829,11845,19.2989501768698,10.314822957136817,9.958799823329619,3.450754721842464,2.1678154655998187,28.89604949951172,36699.75,961696800000,2.1899993896484378,
1_2_1_LE07_013030_20000630,130.34134,51.0,62.786808,0.9779510005476145,1.0166702,36707.64205019676,962378673137,0.3711505922165821,8774,19.75798141944993,16.077178744418482,16.56132812515899,1.5602748574690244,1.1429811470139895,27.213191986083984,36707.75,962388000000,2.169999694824219,
1_1_2_1_LT05_013030_20000708,125.29347,18.0,59.90333,0.9779510005476145,1.0166708,36715.631784074074,963068986144,0.7195008460236887,17009,22.84112134393658,16.62431789462836,16.57215765323367,13.312754602369155,0.4989942387552797,30.096668243408203,36715.75,963079200000,1.8,
1_1_2_1_LT05_013030_20000825,138.61372,2.0,50.65377,0.9779510005476145,1.0106287,36763.632432164355,967216242139,0.7249576988155668,17138,21.971005659575003,16.836999382703432,16.572366684927296,13.311374578137016,0.47140066204796377,39.346229553222656,36763.75,967226400000,2.5,
1_1_2_1_LT05_013030_20000910,144.4516,1.0,46.06122,0.9779510005476145,1.0067614,36779.63269921296,968598665212,0.7272842639593908,17193,21.079873882536877,17.02820540015591,17.03039987518483,1.890857465638784,0.3531224509011249,43.93878173828125,36779.75,968608800000,1.4600006103515626,
1_2_1_LE07_013030_20000918,151.12157,7.0,44.707703,0.9779510005476145,1.0046139,36787.6412465162,969290603699,0.7253807106598985,17148,19.757283099053744,15.703437618761425,16.020153244652878,8.162335289355411,0.7719638308237279,45.29229736328125,36787.75,969300000000,2.0100006103515624,
1_1_2_1_LT05_013030_20001012,153.90762,2.0,35.64429,0.9779510005476145,0.9977914,36811.63292004629,971363484292,0.7272842639593908,17193,14.253789638494059,10.523040905488447,10.445849648418342,9.473557857134884,0.3329970667536818,54.355709075927734,36811.75,971373600000,1.0,
1_2_1_LE07_013030_20001020,158.78474,0.0,33.811504,0.9779510005476145,0.9955329,36819.64104688657,972055386451,0.7272842639593908,17193,12.720261575976789,10.313927728303392,10.465367339336384,8.743350975046164,0.3244814663982321,56.18849563598633,36819.75,972064800000,1.4200012207031252,
1_1_2_1_LT05_013030_20001028,156.79695,59.0,30.44364,0.9779510005476145,0.9933546,36827.63310364583,972745900155,0.44335871404399324,10481,9.473757736351331,6.551685558432448,7.004997960401533,-2.3902183673943838,2.199016381086573,59.55636024475098,36827.75,972756000000,0.41000061035156254,
1_1_2_1_LT05_013030_20001129,158.379,53.0,22.263233,0.9779510005476145,0.9862617,36859.63341443287,975510727007,0.39479695431472084,9333,2.9337505132325883,1.5442104526003866,1.890909072325502,-8.017834312513399,0.9129016976279831,67.73676681518555,36859.75,975520800000,0.9500000000000001,
1_1_2_1_LT05_013030_20010508,135.54843,0.0,57.39708,0.9779510005476145,1.0094253,37019.634091597225,989334785514,0.7272842639593908,17193,21.07696537824325,9.614402118340909,9.473759305565205,7.00499635229819,1.9183131635247967,32.60292053222656,37019.75,989344800000,0.5,
1_2_1_LE07_013030_20010601,133.23822,5.0,62.512585,0.9779510005476145,1.0141253,37043.640710486114,991408957386,0.7272842639593908,17193,21.835826914390637,11.35287642266236,11.599011417439947,8.163641487893813,1.2595287801569153,27.487415313720703,37043.75,991418400000,0.8799987792968751,
1_1_2_1_LT05_013030_20010609,127.90808,9.0,61.69992,0.9779510005476145,1.0152023,37051.63421231481,992099595944,0.7137478849407783,16873,22.839679487799255,13.08890035064042,12.839927971804338,7.998294696920365,1.2787908647274902,28.300079345703125,37051.75,992109600000,1.6399993896484375,
1_1_2_1_LT05_013030_20010625,126.08779,11.0,61.515522,0.9779510005476145,1.016503,37067.634196921295,993481994614,0.7266920473773265,17179,22.845161196654427,17.721444911009442,17.487841218263075,16.572276519270023,0.7031622881388506,28.484477996826172,37067.75,993492000000,2.1800003051757812,
1_2_1_LE07_013030_20010719,131.33293,50.0,60.18851,0.9779510005476145,1.0161923,37091.64042188657,995556132451,0.3088409475465313,7301,21.84144386633581,16.49052098779007,16.56122539727222,12.16010321080284,0.9475829063561683,29.81148910522461,37091.75,995565600000,1.9100006103515625,
1_1_2_1_LT05_013030_20010727,129.89041,15.0,57.588657,0.9779510005476145,1.0154876,37099.634174467596,996246792674,0.519077834179357,12271,20.63671835099288,17.52677561688925,17.942004849375067,8.49214437091378,1.318378327261877,32.41134262084961,37099.75,996256800000,1.529998779296875,
1_2_1_LE07_013030_20010905,146.0722,1.0,48.738205,0.9779510005476145,1.0081043,37139.63992262731,999703289315,0.7272842639593908,17193,20.27793949465103,18.069492245472382,18.168224367429332,14.93082066837159,0.43925045686283537,41.26179504394531,37139.75,999712800000,0.9899993896484376,
1_1_2_1_LT05_013030_20010913,146.00182,42.0,45.395798,0.9779510005476145,1.0060384,37147.63404444444,1000393981440,0.7045262267343486,16655,19.74587232194339,16.180336443698593,16.111950101915294,9.472532310728027,0.565450894398574,44.60420227050781,37147.75,1000404000000,1.779998779296875,
1_1_2_1_LT05_013030_20010929,150.95503,8.0,40.18238,0.9779510005476145,1.0015948,37163.63393946759,1001776372370,0.6848561759729273,16190,16.1118454292143,14.13807367665375,14.253821307573725,2.9337603780086208,0.8806087103250678,49.81761932373047,37163.75,1001786400000,0.8799987792968751,
1_2_1_LE07_013030_20011108,160.3816,2.0,27.851818,0.9779510005476145,0.990631,37203.63980925926,1005232879520,0.7272419627749577,17192,8.743555710503761,7.220685938474215,6.993494804308778,3.403567027592731,0.4792042881776802,62.1481819152832,37203.75,1005242400000,1.2299987792968752,
1_1_2_1_LT05_013030_20011116,158.47957,50.0,25.14588,0.9779510005476145,0.9888039,37211.633636342594,1005923546180,0.5447546531302877,12878,11.409975704607186,6.87073146608006,6.50447492868018,2.933787063063442,0.8819827029521027,64.8541202545166,37211.75,1005933600000,0.579998779296875,
1_1_2_1_LT05_013030_20020511,133.5582,5.0,57.548836,0.9779510005476145,1.0100586,37387.63187361111,1021129793880,0.7115059221658206,16820,16.571640783274734,8.152761759215801,7.999177808939439,1.8909274319988154,1.0492327301319548,32.45116424560547,37387.75,1021140000000,0.470001220703125,
1_2_1_LE07_013030_20020519,136.05827,64.0,60.646423,0.9779510005476145,1.011776,37395.64000185185,1021821696160,0.2912859560067682,6886,11.59908585958036,6.426076056104695,6.4039783532755,0.9384048411573341,1.3041907180639456,29.35357666015625,37395.75,1021831200000,0.6899993896484375,
1_2_1_LE07_013030_20020604,132.15964,11.0,62.574615,0.9779510005476145,1.0145243,37411.63992893518,1023204089860,0.5842216582064298,13811,13.27647961692356,5.982380268193297,5.810080089348322,2.7927291424201584,1.122660502900445,27.425384521484375,37411.75,1023213600000,1.8100006103515627,
1_2_1_LE07_013030_20020620,129.52896,9.0,62.89206,0.9779510005476145,1.0162051,37427.63984618056,1024586482710,0.7272842639593908,17193,24.901158969157056,18.037950470914048,18.169239953795724,16.020150860958047,1.051682024702298,27.107940673828125,37427.75,1024596000000,1.6600006103515625,
1_2_1_LE07_013030_20020706,129.262,25.0,61.81555,0.9779510005476145,1.0167028,37443.63980451389,1025968879110,0.6293147208121828,14877,21.328056198026857,17.39304275827341,17.63686509390014,10.463265611302132,0.8777633898859752,28.1844482421875,37443.75,1025978400000,2.5,
1_2_1_LE07_013030_20020924,151.82014,20.0,42.602726,0.9779510005476145,1.0030874,37523.63935150463,1032880839970,0.7272842639593908,17193,19.754309490328176,16.878390735362174,17.099152183237802,14.930805802392138,0.34184731405803087,47.397274017333984,37523.75,1032890400000,1.1200012207031251,
1_1_2_1_LT05_013030_20021018,153.3583,34.0,33.317223,0.9779510005476145,0.9962377,37547.62897071759,1034953543070,0.49877326565143826,11791,11.888874554977248,9.785535238938463,10.446044232612879,0.30660638840644217,1.6705348452704638,56.682777404785156,37547.75,1034964000000,0.5399993896484375,
1_1_2_1_LT05_013030_20021103,155.68452,10.0,28.256168,0.9779510005476145,0.9919311,37563.62869965278,1036335919650,0.7271573604060914,17190,8.492863649442667,6.528570990541699,7.004967855779116,0.30660634498889777,1.2523157449905757,61.743831634521484,37563.75,1036346400000,0.2,
1_2_1_LE07_013030_20021127,160.60228,88.0,23.29058,0.9779510005476145,0.9866932,37587.639660416666,1038410466660,0.3813451776649746,9015,-2.878327585616686,-5.265353595529694,-5.509412302601053,-8.906192036219222,1.0536390392669917,66.70941925048828,37587.75,1038420000000,0.2399993896484375,
1_1_2_1_LT05_013030_20030615,125.438446,35.0,61.17897,0.9779510005476145,1.0157787,37787.63104328704,1055689722140,0.6782994923857868,16035,19.744212616450444,14.20670723781767,14.253657370137546,9.47328945292841,0.8380258252280689,28.821029663085938,37787.75,1055700000000,1.279998779296875,
1_1_2_1_LT05_013030_20030701,124.597824,14.0,60.565468,0.9779510005476145,1.0166731,37803.631298611115,1057072144200,0.5291032148900169,12508,28.41650194901265,19.189181878463465,19.299490503030487,11.407548581182576,1.1489816195004383,29.434532165527344,37803.75,1057082400000,2.3199996948242188,
1_1_2_1_LT05_013030_20030717,126.32077,32.0,58.799263,0.9779510005476145,1.0163524,37819.63148229167,1058454560070,0.5351099830795262,12650,22.848692199970802,18.460462535350928,18.39745421822594,13.311470171569349,0.6956124895136225,31.20073699951172,37819.75,1058464800000,2.4600006103515626,
1_2_1_LE07_013030_20030725,132.22339,22.0,59.150646,0.9779510005476145,1.0157402,37827.63986076389,1059146483970,0.45989847715736043,10872,21.842692030803256,17.695993193141863,17.63618614085165,14.381556635131263,0.6295219803294824,30.849353790283203,37827.75,1059156000000,2.070001220703125,
1_1_2_1_LT05_013030_20030818,135.60092,53.0,52.55931,0.9779510005476145,1.0122355,37851.63188738426,1061219395070,0.6229695431472081,14727,21.52608768927171,18.01678999157209,17.94295075957793,12.364060926494046,0.6813885275822916,37.44068908691406,37851.75,1061229600000,2.1,
1_2_1_LE07_013030_20031013,156.70642,1.0,36.247646,0.9779510005476145,0.9977285,37907.63960011574,1066058461450,0.62165820642978,14696,15.476701841136009,12.691922901196872,12.720518898615389,11.598851151175118,0.327512684971241,53.75235366821289,37907.75,1066068000000,1.1209991455078125,
1_1_2_1_LT05_013030_20031021,155.38152,74.0,32.856586,0.9779510005476145,0.9954717,37915.63255347222,1066749052620,0.40596446700507616,9597,10.44456110845646,9.18972429643992,8.982996846426577,7.003850301358577,0.5568342040487867,57.14341354370117,37915.75,1066759200000,1.9000000000000001,
1_2_1_LE07_013030_20031114,160.6563,25.0,26.337984,0.9779510005476145,0.9893585,37939.63990671297,1068823287940,0.6030033840947546,14255,6.404023013630134,3.8934403331239413,4.61428366405744,-6.853136922503275,1.8107904927053649,63.66201591491699,37939.75,1068832800000,0.35000000000000003,
1_1_2_1_LT05_013030_20031122,158.29858,13.0,23.772104,0.9779510005476145,0.9876741,37947.63286423611,1069513879470,0.7272842639593908,17193,7.004980469882656,4.783701151490208,4.9888425166334835,3.9663319866056015,0.34608724128160734,66.22789573669434,37947.75,1069524000000,0.6209991455078125,
1_1_2_1_LT05_013030_20040703,126.83015,13.0,61.20382,0.9779510005476145,1.0167044,38171.635334722225,1088867692920,0.61497461928934,14538,23.277896308874602,17.623942337895723,17.487433901113892,11.40862647016006,0.9106761305385935,28.796180725097656,38171.75,1088877600000,1.8600006103515625,
1_2_1_LE07_013030_20040711,129.954,15.0,61.24355,0.9779510005476145,1.0165919,38179.640195370375,1089559312880,0.6232656514382403,14734,23.386611772928493,17.930429892059895,18.170495862505867,14.930137835602766,0.518920081674256,28.756450653076172,38179.75,1089568800000,2.2800003051757813,
1_1_2_1_LT05_013030_20041007,154.49493,0.0,37.785793,0.9779510005476145,0.9992356,38267.636947569445,1097162232270,0.7272842639593908,17193,17.487126930908314,14.232931234088177,14.253415600425082,13.313047462071737,0.3025616193602514,52.21420669555664,38267.75,1097172000000,1.5899993896484377,
1_1_2_1_LT05_013030_20041108,159.54793,5.0,27.577919,0.9779510005476145,0.9905786,38299.63741226852,1099927072420,0.682741116751269,16140,7.999177473673085,6.506984024521861,7.004997462077923,-4.0441862512817925,1.303883829376962,62.422080993652344,38299.75,1099936800000,0.479998779296875,
1_1_2_1_LT05_013030_20050503,139.43025,61.0,57.041206,0.9779510005476145,1.0082058,38475.63897048611,1115133607050,0.4926818950930626,11647,13.313659750861774,5.329212588734435,4.988819755639246,-2.3902355766836845,1.3007538721325709,32.95879364013672,38475.75,1115143200000,0.75,
1_2_1_LE07_013030_20050511,138.28519,21.0,59.240284,0.9779510005476145,1.010108,38483.640632407405,1115824950640,0.5379864636209813,12718,19.231518272728188,11.493053154353657,11.597005879285605,4.009987113381082,1.138982782383939,30.759716033935547,38483.75,1115834400000,2.3000000000000003,
1_1_2_1_LT05_013030_20050519,135.55165,50.0,60.563602,0.9779510005476145,1.0118195,38491.63903599537,1116516012710,0.6221235194585448,14707,17.941251780847605,8.981000776402349,8.984289950972595,0.3066059589002464,1.376129071306373,29.436397552490234,38491.75,1116525600000,0.9,
1_1_2_1_LT05_013030_20050604,131.75409,2.0,62.48057,0.9779510005476145,1.0145541,38507.63913425926,1117898421200,0.7272842639593908,17193,25.867068768317605,17.31194978366089,17.030773443854986,15.186065526134083,1.1085867266660303,27.519428253173828,38507.75,1117908000000,1.9799987792968752,
1_1_2_1_LT05_013030_20050620,129.23776,16.0,62.798264,0.9779510005476145,1.016219,38523.63921446759,1119280828130,0.7256768189509306,17155,24.57608239787961,17.539817434488203,17.487293321607627,15.186235853016168,0.6503193521844589,27.201736450195312,38523.75,1119290400000,1.7399993896484376,
1_2_1_LE07_013030_20050730,133.92348,25.0,58.214424,0.9779510005476145,1.0151521,38563.64048356481,1122736937780,0.5527072758037225,13066,23.89032929016887,19.083630536238786,19.22973891142121,13.830521790554316,0.6438487700394082,31.78557586669922,38563.75,1122746400000,1.7899993896484376,
1_1_2_1_LT05_013030_20050807,135.87607,46.0,56.3862,0.9779510005476145,1.0140613,38571.63950706019,1123428053410,0.4510998307952623,10664,21.52310870596525,13.088938008545744,13.31291497899291,2.933562034820456,2.699704316840673,33.613800048828125,38571.75,1123437600000,1.6899993896484375,
1_1_2_1_LT05_013030_20050823,141.32564,30.0,52.4232,0.9779510005476145,1.0111232,38587.63957048611,1124810458890,0.6066835871404399,14342,23.28056762112062,18.28770471690501,18.396458779423458,10.927132355771711,0.9940914379666402,37.57680130004883,38587.75,1124820000000,2.0899993896484377,
1_1_2_1_LT05_013030_20050924,152.05165,0.0,42.54926,0.9779510005476145,1.0030249,38619.63958263889,1127575259940,0.7272842639593908,17193,19.295383545573955,17.01840144870527,17.030079076696246,13.784650718307814,0.529020793116069,47.450740814208984,38619.75,1127584800000,0.9500000000000001,
1_2_1_LE07_013030_20051002,154.46365,4.0,39.863857,0.9779510005476145,1.0007467,38627.64025185185,1128266517760,0.6163282571912013,14570,18.70240722419681,15.191005353400438,14.930045765748462,14.381172243663812,0.38798985626443594,50.13614273071289,38627.75,1128276000000,2.369999694824219,
1_2_1_LE07_013030_20051103,160.2051,66.0,29.326096,0.9779510005476145,0.9918757,38659.64046689815,1131031336340,0.582741116751269,13776,6.403120339659327,2.6882004364962304,2.1784208003727366,-1.5895529660432963,1.4313716782612507,60.67390441894531,38659.75,1131040800000,1.8399993896484377,
1_1_2_1_LT05_013030_20051111,160.59094,41.0,27.027407,0.9779510005476145,0.989933,38667.63973090278,1131722472750,0.6780033840947547,16028,6.504484384798432,3.2557790971839426,3.966341446232095,-5.726698698810355,2.4127888039493115,62.97259330749512,38667.75,1131732000000,0.3899993896484375,
1_2_1_LE07_013030_20051119,161.00427,18.0,25.013296,0.9779510005476145,0.9881811,38675.64056759259,1132413745040,0.629103214890017,14872,4.614189374302958,3.2022361720800627,3.4036329513000236,-1.5894569387548712,0.787938143116486,64.98670387268066,38675.75,1132423200000,0.9500000000000001,
1_2_1_LE07_013030_20060701,129.4872,9.0,62.450287,0.9779510005476145,1.0166757,38899.64083078704,1151767367780,0.6135786802030457,14505,22.359252630478423,17.515378678480083,17.63629079079061,16.561316590478835,0.49176011637323386,27.549713134765625,38899.75,1151776800000,2.1399993896484375,
1_1_2_1_LT05_013030_20060911,149.88599,3.0,47.44752,0.9779510005476145,1.0066447,38971.643497916666,1157988398220,0.7219966159052453,17068,17.03007323746295,13.275664058891733,13.313599550204003,6.001555360799982,0.8669313990083942,42.5524787902832,38971.75,1157997600000,0.9399993896484375,
1_1_2_1_LT05_013030_20060927,154.75151,19.0,42.10804,0.9779510005476145,1.0022492,38987.64363402778,1159370809980,0.5281725888324873,12486,17.030602423369256,13.19408319070828,13.78398278703254,3.965925620464694,1.4131725749926851,47.89196014404297,38987.75,1159380000000,1.75,
1_2_1_LE07_013030_20061005,155.29178,22.0,38.949932,0.9779510005476145,0.9999597,38995.64041944445,1160061732240,0.47918781725888326,11328,13.831116914017356,11.719775862141331,12.720608329371313,2.7929258089330395,1.7762878636360078,51.05006790161133,38995.75,1160071200000,0.9709991455078125,
1_1_2_1_LT05_013030_20061013,158.5603,1.0,36.58574,0.9779510005476145,0.9976656,39003.643765277775,1160753221320,0.7272842639593908,17193,12.365769280227928,11.479169918469545,11.409970123597263,7.004980469882656,0.6571262421423837,53.41426086425781,39003.75,1160762400000,0.6209991455078125,
1_2_1_LE07_013030_20061021,158.59012,31.0,33.531536,0.9779510005476145,0.9954106,39011.64061134259,1161444148820,0.5626480541455161,13301,10.465985886156512,8.78995838926046,9.321023732998801,0.3124969281083617,1.5648827181475353,56.46846389770508,39011.75,1161453600000,0.4709991455078125,
1_2_1_LE07_013030_20070501,140.95476,32.0,56.695316,0.9779510005476145,1.0075723,39203.641211458336,1178033000670,0.625,14775,5.2142363688889715,-2.351655212767426,-2.231743577523922,-4.18479676766785,1.0633135563874825,33.304683685302734,39203.75,1178042400000,0.7100006103515626,
1_1_2_1_LT05_013030_20070509,140.91443,29.0,59.215073,0.9779510005476145,1.0095274,39211.64407337963,1178724447940,0.7272842639593908,17193,26.288069055992786,12.56195902880094,12.364844001265833,7.998219028625998,2.1678721728736914,30.784927368164062,39211.75,1178733600000,1.6899993896484375,
1_1_2_1_LT05_013030_20070525,136.94174,1.0,62.245613,0.9779510005476145,1.0128657,39227.64394386574,1180106836750,0.7132825719120135,16862,25.868634074001914,15.504631237310404,15.185999401817213,13.783523410537422,1.5964072810790189,27.75438690185547,39227.75,1180116000000,2.0600006103515627,
1_1_2_1_LT05_013030_20070610,133.32568,70.0,63.630566,0.9779510005476145,1.0152515,39243.64377696759,1181489222330,0.5159475465313029,12197,14.720112544871498,10.124194381372003,9.958646880257701,3.9655546150163956,2.0688969045230703,26.369434356689453,39243.75,1181498400000,2.25,
1_2_1_LE07_013030_20070618,130.30353,27.0,63.148376,0.9779510005476145,1.0160326,39251.64108136574,1182180189430,0.4248730964467005,10044,20.279688851459177,14.473436564625452,14.930679715777897,9.320259981618882,1.5835614413054868,26.85162353515625,39251.75,1182189600000,1.529998779296875,
1_1_2_1_LT05_013030_20070712,131.9993,15.0,61.91174,0.9779510005476145,1.0165832,39275.64346875,1184253995700,0.5128595600676819,12124,25.003266309475777,17.64416831062089,17.94196202855809,9.960180586308919,1.1411734643211495,28.088260650634766,39275.75,1184263200000,1.5,
1_2_1_LE07_013030_20070805,135.72513,0.0,57.131466,0.9779510005476145,1.0144331,39299.64096736111,1186327379580,0.6235194585448393,14740,24.898837965113703,21.375608225340553,21.321013179551887,18.700032394759415,0.3484564679420008,32.868534088134766,39299.75,1186336800000,1.4600006103515626,
1_1_2_1_LT05_013030_20070813,139.75162,49.0,55.791782,0.9779510005476145,1.0131619,39307.64324513889,1187018776380,0.6539763113367174,15460,22.838315795420325,18.780061598574175,18.846637985290723,15.18637719391585,0.5447361079121894,34.20821762084961,39307.75,1187028000000,1.470001220703125,
1_1_2_1_LT05_013030_20070914,150.54677,30.0,46.49819,0.9779510005476145,1.0059195,39339.643047453705,1189783559300,0.7272842639593908,17193,20.194231112822926,16.37763138926394,16.572249523774342,15.649853508995745,0.3303710187915745,43.501808166503906,39339.75,1189792800000,2.0899993896484377,
1_2_1_LE07_013030_20071125,161.08498,37.0,23.810648,0.9779510005476145,0.9871101,39411.64103900463,1196004185770,0.6338409475465313,14984,4.01067215533505,2.4446235401713885,2.178545832558007,-2.87842486833279,0.6525937615964197,66.18935203552246,39411.75,1196013600000,1.05,
1_1_2_1_LT05_013030_20080511,137.91458,0.0,59.173996,0.9779510005476145,1.0101572,39579.639940277775,1210519290840,0.7272842639593908,17193,19.295064020794705,9.479160498405523,8.984369181091298,7.503188157461971,1.3652909732722787,30.826004028320312,39579.75,1210528800000,0.7399993896484376,
1_1_2_1_LT05_013030_20080612,130.20898,1.0,62.828243,0.9779510005476145,1.015551,39611.63934780093,1213284039650,0.7272842639593908,17193,25.42442273388482,17.473697419285468,17.486264430024242,15.186461506144955,0.8068826115423156,27.171756744384766,39611.75,1213293600000,0.5600006103515626,
1_2_1_LE07_013030_20080706,129.53622,27.0,61.854122,0.9779510005476145,1.0166967,39635.640555555554,1215357744000,0.6106175972927242,14435,25.912618500040352,20.417283960475213,20.282241971318232,16.56129718145403,0.7047431411562679,28.145877838134766,39635.75,1215367200000,2.0899993896484377,
1_1_2_1_LT05_013030_20080815,137.85106,70.0,54.173134,0.9779510005476145,1.0126687,39675.638055902775,1218813528030,0.3231387478849408,7639,17.030945622162847,13.972392492382056,14.25264735850029,9.471621025690544,1.0525466668817307,35.826866149902344,39675.75,1218823200000,2.2,
1_2_1_LE07_013030_20080823,141.63443,6.0,52.3904,0.9779510005476145,1.0110754,39683.64027280093,1219504919570,0.6284263959390863,14856,25.414542211426937,19.478241511171888,19.231479552179152,18.170518607046173,0.5392599690012909,37.60960006713867,39683.75,1219514400000,2.2899993896484374,
1_1_2_1_LT05_013030_20080831,143.34254,6.0,49.79288,0.9779510005476145,1.0092744,39691.637762384256,1220195902670,0.6234348561759729,14738,23.27585908148361,17.855604654618585,17.94219846162361,8.98343265620093,0.9167450990981342,40.20711898803711,39691.75,1220205600000,1.6600006103515625,
1_2_1_LE07_013030_20080908,147.18657,12.0,47.670723,0.9779510005476145,1.0072978,39699.64018194444,1220887311720,0.5021150592216582,11870,19.757157711167746,16.988619234554843,17.09985631047001,10.464463308380097,0.7329261320196053,42.32927703857422,39699.75,1220896800000,1.9799987792968752,
1_2_1_LE07_013030_20081010,156.32909,0.0,36.993324,0.9779510005476145,0.9983859,39731.63992071759,1223652089150,0.6383671742808799,15091,16.02011519222323,12.99266311175268,12.720331259012434,12.160881046126647,0.3737790658001587,53.006675720214844,39731.75,1223661600000,1.35,
1_1_2_1_LT05_013030_20081018,156.56749,9.0,33.981457,0.9779510005476145,0.9961141,39739.63672824074,1224343013320,0.6944585448392555,16417,11.409966692628183,8.976912954337681,9.473738806577835,-0.22699459975712533,1.9294146485824348,56.0185432434082,39739.75,1224352800000,0.6399993896484375,
1_2_1_LE07_013030_20081026,159.20372,3.0,31.677132,0.9779510005476145,0.9939112,39747.640112037036,1225034505680,0.6309644670050761,14916,12.720608329371345,10.276164178236764,10.465803197701488,8.743767483072086,0.34348151691254,58.32286834716797,39747.75,1225044000000,0.9709991455078125,
1_2_1_LE07_013030_20081111,160.68654,86.0,26.93093,0.9779510005476145,0.9898826,39763.64027962963,1226416920160,0.30300338409475464,7163,6.403966828080441,3.74305370119161,4.614245413878378,-2.2317452610669157,1.755407752326084,63.06907081604004,39763.75,1226426400000,0.7299987792968751,
1_2_1_LE07_013030_20081127,160.83076,60.0,23.219679,0.9779510005476145,0.9866177,39779.64042060185,1227799332340,0.5868020304568528,13872,3.4036711473679513,1.8158216846911883,2.178572965411244,-6.853340720868404,0.8069743985069167,66.78032112121582,39779.75,1227808800000,0.7000000000000001,
1_2_1_LE07_013030_20090522,135.96068,7.0,61.416122,0.9779510005476145,1.0123974,39955.64120648148,1243005800240,0.6125211505922166,14480,22.86904143864579,12.15807470418777,12.160408981783826,9.319977505328131,1.5631216944357889,28.583877563476562,39955.75,1243015200000,1.7209991455078126,
1_1_2_1_LT05_013030_20090530,133.12552,50.0,62.153744,0.9779510005476145,1.0137994,39963.63953356481,1243696855700,0.48684433164128593,11509,18.846753488869062,12.39671946688716,12.365097684242398,7.502563613650195,0.9659302051855637,27.846256256103516,39963.75,1243706400000,1.5209991455078127,
1_1_2_1_LT05_013030_20090903,145.83841,53.0,49.46065,0.9779510005476145,1.0086151,40059.640626388886,1251991350120,0.355160744500846,8396,18.395984100647915,10.875192786929905,10.927577815773645,3.965833560508496,2.0944054842164173,40.53934860229492,40059.75,1252000800000,1.8899993896484375,
1_1_2_1_LT05_013030_20090919,151.19208,14.0,44.38442,0.9779510005476145,1.0044302,40075.640774074076,1253373762880,0.5279610829103215,12481,15.186500814871762,13.117447610267039,13.784670739262152,3.966289424283916,1.8282652808746407,45.61558151245117,40075.75,1253383200000,0.8899993896484375,
1_1_2_1_LT05_013030_20091005,155.65797,66.0,38.96547,0.9779510005476145,0.9998961,40091.6409037037,1254756174080,0.291751269035533,6897,13.784291618141047,10.215251782875542,10.445311954155857,3.966077201779566,1.296921125222543,51.03453063964844,40091.75,1254765600000,1.4799987792968752,
1_1_2_1_LT05_013030_20091021,158.8996,36.0,33.536015,0.9779510005476145,0.9953496,40107.64101331019,1256138583550,0.5872250423011844,13882,11.40894547389021,8.144916461864284,7.998219028625084,4.988315130042291,0.5498196431666035,56.463985443115234,40107.75,1256148000000,1.6899993896484375,
1_1_2_1_LT05_013030_20091122,161.29596,27.0,24.420465,0.9779510005476145,0.9875894,40139.64117662037,1258903397660,0.7272419627749577,17192,7.503219124581008,5.818588541017047,6.001652176958124,4.478813963488009,0.307862657220565,65.57953453063965,40139.75,1258912800000,0.6299987792968751,
1_1_2_1_LT05_013030_20100501,141.27509,37.0,56.842155,0.9779510005476145,1.0076278,40299.641472222225,1272727423200,0.3975465313028765,9398,17.030858482905803,8.934956717397382,8.982595632752794,6.000456723964333,1.1178627144297797,33.15784454345703,40299.75,1272736800000,2.0899993896484377,
1_1_2_1_LT05_013030_20100517,137.473,36.0,60.58407,0.9779510005476145,1.0113477,40315.641442939814,1274109820670,0.7272842639593908,17193,18.394557930880808,9.077220882983266,8.984132514470026,7.004755978745991,1.5549939070301109,29.415931701660156,40315.75,1274119200000,1.1100006103515625,
1_1_2_1_LT05_013030_20100602,133.53642,4.0,62.7411,0.9779510005476145,1.0142215,40331.64138136574,1275492215350,0.692005076142132,16359,24.15406645349356,17.937584446420225,17.943549556330055,13.782890774755746,0.8412475419244272,27.258899688720703,40331.75,1275501600000,2.4000000000000004,
1_1_2_1_LT05_013030_20100618,130.6833,5.0,63.26366,0.9779510005476145,1.0160488,40347.64133240741,1276874611120,0.7222927241962775,17075,25.016991089447348,15.274639036049475,15.185709817767803,7.00301393290532,1.812566601876927,26.736339569091797,40347.75,1276884000000,2.3600006103515625,
1_2_1_LE07_013030_20100712,131.44896,25.0,61.67454,0.9779510005476145,1.0165741,40371.64243958333,1278948306780,0.319585448392555,7555,25.417296567075343,20.860665086967412,21.32746682125693,2.7924837157709215,1.4556079161991413,28.325458526611328,40371.75,1278957600000,2.4300003051757812,
1_2_1_LE07_013030_20100829,144.92148,0.0,51.27657,0.9779510005476145,1.0098616,40419.642474189815,1283095509770,0.6263536379018613,14807,26.403329576917287,19.98811433567222,19.75565361699898,18.70029126344013,0.715479170764737,38.72343063354492,40419.75,1283104800000,1.579998779296875,
1_1_2_1_LT05_013030_20100906,146.95941,28.0,48.65948,0.9779510005476145,1.0079366,40427.641073032406,1283786588710,0.6438663282571913,15221,20.194339672031486,16.871714518966208,17.030874171066362,8.491102388163231,0.9430804206758658,41.340518951416016,40427.75,1283796000000,2.1100006103515625,
1_2_1_LE07_013030_20100914,150.319,61.0,46.316654,0.9779510005476145,1.00586,40435.64248819444,1284477910980,0.4298223350253807,10161,16.561107782421267,13.442975967773712,14.38197897213167,5.810257903792694,1.9078299271538162,43.683345794677734,40435.75,1284487200000,1.629998779296875,
1_1_2_1_LT05_013030_20101008,156.24246,3.0,37.99199,0.9779510005476145,0.9991087,40459.640914351854,1286551375000,0.7272842639593908,17193,14.720472166714774,12.01154379024435,11.887394371336441,11.408440251382178,0.30095531840146483,52.00801086425781,40459.75,1286560800000,1.9500000000000002,
1_2_1_LE07_013030_20101117,161.89937,75.0,25.781836,0.9779510005476145,0.9886641,40499.642815162035,1290007539230,0.6472504230118443,15301,8.162874647236071,6.141084427065751,6.40331591037557,4.61383218642649,0.41429040877362594,64.21816444396973,40499.75,1290016800000,1.6700012207031252,
1_2_1_LE07_013030_20110512,139.9514,25.0,59.865025,0.9779510005476145,1.0102063,40675.643387268516,1305213988660,0.6173011844331642,14593,18.699970249958113,9.616980148864933,9.320390234708618,6.403551417604569,1.256167266602676,30.13497543334961,40675.75,1305223200000,1.4299987792968751,
1_1_2_1_LT05_013030_20110621,129.85707,3.0,63.015804,0.9779510005476145,1.0162461,40715.64040833333,1308669731280,0.7272842639593908,17193,25.442016819369307,17.3056892788408,17.030889926250406,16.11191941148533,0.8311889765281193,26.984195709228516,40715.75,1308679200000,2.129998779296875,
1_2_1_LE07_013030_20110629,131.19823,49.0,63.20413,0.9779510005476145,1.0166218,40723.64334328704,1309361184860,0.6153130287648054,14546,23.387656042289706,17.84227215164505,17.636634574751426,16.020115444800492,0.6341167190620517,26.79587173461914,40723.75,1309370400000,2.3600006103515625,
1_1_2_1_LT05_013030_20110707,129.69344,16.0,61.868656,0.9779510005476145,1.0166934,40731.64033854166,1310052125250,0.3122250423011844,7381,21.52070424280676,18.156225401597823,18.39476408388926,11.409572268053408,0.9542031201766836,28.131343841552734,40731.75,1310061600000,1.25,
1_2_1_LE07_013030_20110715,132.33632,16.0,61.469967,0.9779510005476145,1.0164593,40739.64334351852,1310743584880,0.6295685279187817,14883,26.911459696027336,19.90843418657902,19.757846681113044,18.701717420970848,0.550630886157131,28.530033111572266,40739.75,1310752800000,2.1399993896484375,
1_2_1_LE07_013030_20110731,135.80113,12.0,58.693363,0.9779510005476145,1.0150965,40755.64330474537,1312125981530,0.6445008460236886,15236,26.414531074253336,20.956198663956435,20.805276991079346,20.28277706021271,0.4711732241582625,31.306636810302734,40755.75,1312135200000,2.1899993896484378,
1_1_2_1_LT05_013030_20111011,156.32689,1.0,36.93492,0.9779510005476145,0.9983227,40827.63954097222,1318346456340,0.7272842639593908,17193,17.030193312829574,13.929294140281154,13.784559635092933,13.313486732664579,0.30603270925384585,53.06507873535156,40827.75,1318356000000,1.1399993896484375,
1_2_1_LE07_013030_20111104,161.45084,16.0,29.457754,0.9779510005476145,0.9917652,40851.64327418982,1320420378890,0.6189086294416244,14631,8.163774779550284,7.18353238783179,7.58041101820874,-4.184730250012877,1.0859024792558392,60.542245864868164,40851.75,1320429600000,0.35000000000000003,
1_1_2_1_LT05_013030_20111112,160.39133,32.0,26.826258,0.9779510005476145,0.9898324,40859.639191319446,1321111226130,0.7255922165820643,17153,6.504293417143121,5.562327869711,5.496303907998834,0.8374392192609802,0.6573708468915098,63.17374229431152,40859.75,1321120800000,1.0600006103515625,
1_2_1_LE07_013030_20120615,132.6231,0.0,63.820877,0.9779510005476145,1.0158358,41075.64397025463,1339774039030,0.6354060913705584,15021,24.896209086329637,17.59964263874396,17.63506540133695,16.02008444855211,0.7042706708277915,26.179122924804688,41075.75,1339783200000,1.1899993896484375,
1_2_1_LE07_013030_20120818,142.40648,36.0,54.526978,0.9779510005476145,1.0121038,41139.64448888889,1345303683840,0.47445008460236887,11216,24.898946468567658,19.99484344346006,20.279459938330323,6.993277562895901,0.9180826905828147,35.4730224609375,41139.75,1345312800000,1.470001220703125,
1_2_1_LE07_013030_20120903,147.98201,1.0,49.956173,0.9779510005476145,1.0085604,41155.64460613426,1346686093970,0.6497038917089678,15359,22.357873463443966,18.924039245986965,18.701300193816873,18.16987059456191,0.3981173196648553,40.043827056884766,41155.75,1346695200000,1.9899993896484376,
1_2_1_LE07_013030_20120919,153.18295,9.0,44.786755,0.9779510005476145,1.0043688,41171.644696296295,1348068501760,0.6473350253807106,15303,19.75312554741381,16.47896489671301,16.56054876807212,8.743955806734407,0.6474800662136385,45.2132453918457,41171.75,1348077600000,0.479998779296875,
1_2_1_LE07_013030_20121021,160.55864,56.0,33.807644,0.9779510005476145,0.9952887,41203.64492939815,1350833321900,0.3734771573604061,8829,11.598397220727957,8.77157193441034,9.320246288668397,2.792809432021135,1.2185452657803204,56.19235610961914,41203.75,1350842400000,1.5399993896484376,
1_2_1_LE07_013030_20121106,162.29822,0.0,28.780134,0.9779510005476145,0.9910839,41219.64495046296,1352215723720,0.6458544839255499,15268,9.32101537850889,7.63096806147128,7.5803976678368725,0.9384061168301413,0.9419988947372976,61.219865798950195,41219.75,1352224800000,0.5399993896484375,
1_2_1_LE07_013030_20121122,162.69164,0.0,24.671196,0.9779510005476145,0.9875474,41235.64505775463,1353598132990,0.6486040609137056,15333,6.993629142117651,5.1320291472480974,5.21412896617194,2.178546848666449,0.3885593867668173,65.32880401611328,41235.75,1353607200000,1.0399993896484376,
1_2_1_LE07_013030_20130501,143.24661,0.0,57.49223,0.9779510005476145,1.0076833,41395.64500474537,1367422128410,0.62834179357022,14854,23.378795802286305,10.895902852703102,11.03323245278363,6.993193356068027,1.9124960349916453,32.50777053833008,41395.75,1367431200000,1.55,
1_2_1_LE07_013030_20130517,139.53268,34.0,61.252213,0.9779510005476145,1.011393,41411.644977083335,1368804526020,0.4654822335025381,11004,17.099078571989175,9.886265095019827,9.894778470680505,5.214137392998374,0.8899839351767922,28.747787475585938,41411.75,1368813600000,1.020001220703125,
2_1_LC08_013030_20130712,135.5364,23.91,62.93598,0.9779510005476145,1.0165613,41467.6492255787,1373643293090,0.2881979695431472,6813,19.47891373843834,13.934324879070811,14.686452792228305,-6.508030875313818,3.3990439149830283,27.06401824951172,41467.75,1373652000000,1.1500000000000001,
1_2_1_LE07_013030_20130805,138.06842,0.0,57.74016,0.9779510005476145,1.0143673,41491.64454861111,1375716489000,0.636844331641286,15055,22.86820065884684,18.962643939701703,19.229234318566228,12.160554312846989,0.525621484424563,32.25983810424805,41491.75,1375725600000,1.6200012207031251,
1_2_1_LE07_013030_20130906,148.99937,2.0,49.120106,0.9779510005476145,1.0078804,41523.64475717593,1378481307020,0.6536802030456853,15453,21.838589930590693,17.277899620861618,17.635394845827516,12.72019725824742,1.0724408314128804,40.8798942565918,41523.75,1378490400000,1.4799987792968752,
2_1_LC08_013030_20130930,158.19667,3.88,41.541733,0.9779510005476145,1.0013444,41547.64914849537,1380555286430,0.6791878172588832,16056,19.31860591273901,15.699167497634486,15.781724136999527,10.722408994110165,0.6135686789574324,48.45826721191406,41547.75,1380564000000,1.6,
1_2_1_LE07_013030_20131008,158.17659,1.0,38.345352,0.9779510005476145,0.9990453,41555.645015856484,1381246129370,0.6498730964467005,15363,15.476686845405114,13.763752988468765,13.8311291411255,11.033857469413812,0.3793167672737106,51.65464782714844,41555.75,1381255200000,0.929998779296875,
1_2_1_LE07_013030_20131109,162.52426,58.0,28.00847,0.9779510005476145,0.9904225,41587.645178935185,1384010943460,0.639424703891709,15116,7.58027759862847,5.967541578785128,6.4039075237961445,-3.529392159519582,1.1508017310958398,61.99152946472168,41587.75,1384020000000,0.8899993896484375,
1_2_1_LE07_013030_20131125,162.70673,26.0,24.10748,0.9779510005476145,0.9870306,41603.64524097222,1385393348820,0.6487732656514382,15337,4.010750535413492,1.9790106135985908,2.1785734856786205,-6.178994391588602,1.3237884095292334,65.89252090454102,41603.75,1385402400000,0.6899993896484375,
2_1_LC08_013030_20140512,142.35692,2.84,60.591198,0.9779510005476145,1.010217,41771.64755347222,1399908748620,0.7272842639593908,17193,22.70874075067347,10.4665799475564,9.96869152734467,8.790930095541441,1.88619336687098,29.408802032470703,41771.75,1399917600000,1.529998779296875,
1_2_1_LE07_013030_20140520,139.5125,2.0,61.93332,0.9779510005476145,1.0119492,41779.646006828705,1400599814990,0.6362098138747885,15040,19.229066790746078,10.179505528949607,9.894189440726834,7.579702519684501,1.1141096201527108,28.066680908203125,41779.75,1400608800000,1.5600006103515627,
1_2_1_LE07_013030_20140808,139.8701,13.0,57.40529,0.9779510005476145,1.0139557,41859.64621643518,1407511833100,0.6178934010152284,14607,21.323544506049636,18.587009353758805,18.70106222942201,15.47656068881126,0.4089691188861793,32.59471130371094,41859.75,1407520800000,1.9000000000000001,
2_1_LC08_013030_20140917,154.009,15.89,45.995827,0.9779510005476145,1.0050675,41899.64793472222,1410967981560,0.6290609137055837,14871,18.460925801801405,15.268896155395822,15.65731454702053,5.552666056617827,1.0664725995238657,44.004173278808594,41899.75,1410976800000,1.579998779296875,
2_1_LC08_013030_20141003,158.31999,0.02,40.458096,0.9779510005476145,1.0005507,41915.64796851852,1412350384480,0.7272842639593908,17193,17.11512265186975,14.977837999444958,14.993282942171767,13.787337376030713,0.1956574156200345,49.54190444946289,41915.75,1412359200000,1.3700012207031251,
1_2_1_LE07_013030_20141027,161.97131,40.0,32.13336,0.9779510005476145,0.9937933,41939.64652962963,1414423860160,0.4925972927241963,11645,11.033616547943986,8.700785475321842,9.320614368618166,0.9383948519337454,1.4252517416737376,57.86663818359375,41939.75,1414432800000,1.2300000190734863,
2_1_LC08_013030_20141120,163.79796,37.96,25.451115,0.9779510005476145,0.9880979,41963.64795,1416497582880,0.7218697123519459,17065,4.665182328661518,3.660913674576204,3.8417950444087356,-4.096539622690175,0.8364976910658455,64.54888534545898,41963.75,1416506400000,0.3200000047683716,
1_2_1_LE07_013030_20141128,163.13995,47.0,23.682423,0.9779510005476145,0.9865431,41971.6466912037,1417188674120,0.45427241962774956,10739,2.1785827062983967,-1.9332210715807139,-0.9513636279893173,-16.11400683479281,3.1966033440008554,66.31757736206055,41971.75,1417197600000,0.35999999046325687,
1_2_1_LE07_013030_20150507,143.52887,0.0,59.352432,0.9779510005476145,1.0090339,42131.6473994213,1431012735310,0.6441201353637902,15227,20.800799108642835,9.759013686787734,9.320508362732388,6.403635515792102,1.6856018239079291,30.647567749023438,42131.75,1431021600000,1.3300000190734864,
1_2_1_LE07_013030_20150523,139.78596,0.0,62.641277,0.9779510005476145,1.0124792,42147.64746875,1432395141300,0.6389593908629442,15105,16.020031353872838,10.173501993037677,10.465796986570838,5.810704839569302,0.9057736807034643,27.358722686767578,42147.75,1432404000000,0.9800000190734863,
1_2_1_LE07_013030_20150624,133.98425,13.0,64.32255,0.9779510005476145,1.0164187,42179.64756747685,1435159949830,0.5951776649746193,14070,26.407451375899385,18.067170950405973,18.169554078732244,13.276452510761123,0.8033537086093873,25.677452087402344,42179.75,1435168800000,1.8299999237060547,
2_1_LC08_013030_20150702,133.72997,38.16,63.768753,0.9779510005476145,1.0166498,42187.64743414352,1435851138310,0.6160744500846024,14564,23.01667055828427,17.69531341063188,17.78337166159169,8.835545597600806,0.764774851623874,26.231246948242188,42187.75,1435860000000,1.2800000190734864,
1_2_1_LE07_013030_20150710,134.27905,21.0,62.96398,0.9779510005476145,1.0166405,42195.64764814815,1436542356800,0.4678087986463621,11059,23.3787101711828,18.73541152709456,18.7002031425445,13.83077431636103,0.7385514160955947,27.03601837158203,42195.75,1436551200000,1.5399999618530273,
2_1_LC08_013030_20151022,161.84605,64.71,33.964413,0.9779510005476145,0.9951999,42299.6478912037,1445527977800,0.4645939086294416,10983,8.649707518162288,6.94756515268425,7.140606423994148,4.416788818215111,0.6750329539285329,56.035587310791016,42299.75,1445536800000,1.6799999237060548,
1_2_1_LE07_013030_20151030,162.93169,32.0,31.3858,0.9779510005476145,0.9930649,42307.64814664352,1446219199870,0.5414551607445008,12800,9.32102596332334,8.03645141018735,8.163774274129715,0.938406638075583,1.1670417847973518,58.614200592041016,42307.75,1446228000000,0.43000001907348634,
2_1_LC08_013030_20151123,163.74684,1.18,24.829836,0.9779510005476145,0.9874694,42331.647948611106,1448292782760,0.7272842639593908,17193,6.747076907554969,5.767933016698095,6.013987157737942,0.9813370964060573,0.9450993227167273,65.17016410827637,42331.75,1448301600000,0.1,
2_1_LC08_013030_20160517,141.12831,52.34,61.746155,0.9779510005476145,1.0114498,42507.6475462963,1463499148000,0.28071065989847716,6636,12.673146227871184,7.259784666697101,7.053969470278212,-3.7532695774457836,1.7793223737391064,28.25384521484375,42507.75,1463508000000,1.1699999809265138,
1_2_1_LE07_013030_20160525,140.4399,12.0,63.393753,0.9779510005476145,1.0129819,42515.64955243055,1464190521330,0.5921742808798647,13999,23.387922893304,13.317083566630888,13.829678934357462,8.161605212637607,1.8499270207213379,26.606246948242188,42515.75,1464199200000,2.379999923706055,
2_1_LC08_013030_20160618,134.57008,1.38,64.500114,0.9779510005476145,1.0160778,42539.64764930555,1466263956900,0.7272842639593908,17193,27.596334692788616,18.922798341813063,18.71784500077772,17.337466040224527,0.9811300493345134,25.49988555908203,42539.75,1466272800000,0.9899999618530274,
2_1_LC08_013030_20160704,134.01465,0.37,63.574863,0.9779510005476145,1.0167509,42555.64775833333,1467646366320,0.7272842639593908,17193,27.61180673818931,20.06702250326498,19.9039714392941,19.471112043300046,0.671748496402841,26.42513656616211,42555.75,1467655200000,1.8899999618530274,
2_1_LC08_013030_20160720,136.03629,10.8,61.431236,0.9779510005476145,1.0160836,42571.64783032407,1469028772540,0.7238155668358714,17111,23.22570414635242,19.500498128646242,19.484028348679175,15.540002665606199,0.30657983136432154,28.568763732910156,42571.75,1469037600000,2.3700000762939455,
2_1_LC08_013030_20160805,140.11159,6.34,58.271564,0.9779510005476145,1.014357,42587.6478625,1470411175320,0.5525380710659898,13062,21.82271853602145,17.59273012704873,18.597903362043198,11.454722394748106,2.2341506786862966,31.728435516357422,42587.75,1470420000000,2.3700000762939455,
1_2_1_LE07_013030_20160829,148.94914,21.0,52.162724,0.9779510005476145,1.0097582,42611.64970555555,1472484934560,0.5741116751269035,13572,24.901158962061654,19.94883613745324,20.280214485667738,11.59822621649008,0.8819680431858565,37.837276458740234,42611.75,1472493600000,1.6600000381469728,
1_2_1_LE07_013030_20160914,154.10805,73.0,47.036526,0.9779510005476145,1.0057406,42627.64972569444,1473867336300,0.5589678510998308,13214,18.70272603859444,15.296506318381985,15.476251533211666,12.158938518882453,0.61563758829413,42.96347427368164,42627.75,1473876000000,2.4700000762939456,
2_1_LC08_013030_20161024,162.2845,22.48,33.064236,0.9779510005476145,0.9944494,42667.648087037036,1477323194720,0.6579103214890016,15553,11.695245352311913,10.760128220185548,11.158748786545896,-0.5893870741391305,1.1601558275793828,56.93576431274414,42667.75,1477332000000,0.6400000095367432,
1_2_1_LE07_013030_20161101,163.73409,25.0,30.622875,0.9779510005476145,0.9923516,42675.64968958333,1478014533180,0.34187817258883246,8082,8.163338209426103,4.985295021239078,4.614058710558719,0.9383934997245748,1.8458085977920586,59.37712478637695,42675.75,1478023200000,1.2800000190734864,
2_1_LC08_013030_20170504,144.08742,20.11,58.70405,0.9779510005476145,1.0084302,42859.64735405093,1493911931390,0.694585448392555,16420,12.726948744476447,5.276739053880202,5.689011556952216,-11.561440991528382,2.253195064464349,31.29595184326172,42859.75,1493920800000,0.6099999904632569,
2_1_LC08_013030_20170520,140.45102,0.01,62.23916,0.9779510005476145,1.0120153,42875.64749178241,1495294343290,0.7272842639593908,17193,19.46064579179776,11.87434126792696,11.59153134438483,10.52582837444216,0.9126762322055683,27.760841369628906,42875.75,1495303200000,0.43000001907348634,
1_2_1_LE07_013030_20170613,136.47784,22.0,64.842834,0.9779510005476145,1.0156151,42899.64965648148,1497368130320,0.250253807106599,5916,22.87363328174885,15.03834691178908,14.930224111071118,12.71911420252034,1.1960720856452114,25.15716552734375,42899.75,1497376800000,2.1899999618530273,
2_1_LC08_013030_20170621,134.26765,37.93,64.43098,0.9779510005476145,1.0162964,42907.64766319444,1498059158100,0.6344331641285956,14998,23.125466222319066,17.88286304053784,18.029531342093318,7.5899210684918765,1.0586872224113766,25.56902313232422,42907.75,1498068000000,2.0399999618530273,
2_1_LC08_013030_20170723,136.58371,50.96,60.94443,0.9779510005476145,1.0158982,42939.647773680554,1500823967646,0.6790609137055837,16053,23.32076668924849,19.324247808465074,19.452470301205622,16.1935372742646,0.5605002985858653,29.05556869506836,42939.75,1500832800000,1.6500000000000001,
2_1_LC08_013030_20170824,146.22678,22.41,53.44886,0.9779510005476145,1.010927,42971.64790393518,1503588778900,0.46417089678511,10973,22.138287472556563,18.249738351031507,18.716926894538577,8.28938535538813,1.4112853538330539,36.55113983154297,42971.75,1503597600000,1.7799999237060549,
1_2_1_LE07_013030_20170901,149.82034,21.0,51.30168,0.9779510005476145,1.0091146,42979.649658333336,1504280130480,0.2846869712351946,6730,18.168420908938366,15.48286517049517,16.560884531512283,6.993562584025292,1.8709433177253172,38.69831848144531,42979.75,1504288800000,1.1399999618530274,
2_1_LC08_013030_20170909,151.60365,61.77,48.55862,0.9779510005476145,1.0070688,42987.64792083333,1504971180360,0.3092216582064298,7310,17.09912706176518,14.118497887170829,14.657937496021008,7.780297340585232,1.3058607572338101,41.44137954711914,42987.75,1504980000000,1.75,
1_2_1_LE07_013030_20170917,154.88249,8.0,46.088547,0.9779510005476145,1.004999,42995.649630555556,1505662528080,0.6433587140439933,15209,22.87605605292378,18.67901180213059,18.702501666441027,16.561413794863675,0.4578158762957633,43.91145324707031,42995.75,1505671200000,2.4000000000000004,
1_2_1_LE07_013030_20171003,159.09341,4.0,40.5122,0.9779510005476145,1.0004927,43011.64964780092,1507044929570,0.6094331641285956,14407,18.168981754235194,14.526022261064275,14.3820649613481,9.320287000445548,0.4372435697657485,49.48780059814453,43011.75,1507053600000,1.5100000381469727,
2_1_LC08_013030_20171011,160.11484,66.99,37.56598,0.9779510005476145,0.9981547,43019.648039699074,1507735990630,0.4798223350253807,11343,14.877914486088027,10.272360284549285,11.941078214049053,-6.937430764268366,4.11007152956558,52.43402099609375,43019.75,1507744800000,1.0899999618530274,
1_2_1_LE07_013030_20171019,162.13937,4.0,34.932674,0.9779510005476145,0.9959291,43027.64967557871,1508427331970,0.6165820642978004,14576,15.476699975585731,13.521375846452399,13.830977101820375,9.894551167231732,0.7426847243548754,55.067325592041016,43027.75,1508436000000,1.2699999809265137,
2_1_LC08_013030_20171027,162.58304,4.6,32.156097,0.9779510005476145,0.9937051,43035.648054861114,1509118391940,0.7272842639593908,17193,12.707965126838197,12.294587309882544,12.413490609296069,9.76207808602174,0.4185861238453555,57.843902587890625,43035.75,1509127200000,1.0199999809265137,
1_2_1_LE07_013030_20171104,163.87947,54.0,29.768986,0.9779510005476145,0.9916552,43043.64966909723,1509809731410,0.5874788494077834,13888,5.214097520051832,3.669389045681954,4.010653921899953,-0.9513744221416859,0.9317806102641487,60.231014251708984,43043.75,1509818400000,1.1100000381469728,
2_1_LC08_013030_20171112,163.71901,28.4,27.388117,0.9779510005476145,0.9897209,43051.648025,1510500789360,0.7272842639593908,17193,8.263132064319526,7.251437593450011,7.421688029634826,2.7322184928624385,0.9186067061531444,62.61188316345215,43051.75,1510509600000,0.5099999904632568,
2_1_LC08_013030_20171128,163.57854,49.36,23.72064,0.9779510005476145,0.9864813,43067.64794976852,1511883182860,0.716243654822335,16932,2.332072865235182,0.9627634192598088,1.1407311466790995,-3.4799264013606375,0.9337586663574677,66.27935981750488,43067.75,1511892000000,1.2100000381469727,
2_1_LC08_013030_20180523,139.42024,0.28,62.59185,0.9779510005476145,1.0125102,43243.6470849537,1527089508140,0.7272842639593908,17193,21.948189533379626,14.088993854520474,13.717421803339944,13.119640504620376,1.12489967248417,27.40814971923828,43243.75,1527098400000,0.9100000381469727,
2_1_LC08_013030_20180608,135.84161,39.36,64.2172,0.9779510005476145,1.0150348,43259.64701782407,1528471902340,0.5467851099830795,12926,20.871235280396675,15.751357781551643,15.591661136140727,12.251964329191548,0.744804061417582,25.782798767089844,43259.75,1528480800000,1.0899999618530274,
2_1_LC08_013030_20180710,134.11928,24.28,62.864323,0.9779510005476145,1.016655,43291.647242708335,1531236721770,0.6805837563451776,16089,28.13907750407383,21.36001305338552,21.560240404747145,10.548878866403257,1.3886082949913894,27.135677337646484,43291.75,1531245600000,2.4600000381469727,
1_2_1_LE07_013030_20180718,135.09932,2.0,61.687214,0.9779510005476145,1.0162793,43299.64719675926,1531927917800,0.6405668358714044,15143,25.89573536215945,20.920125863998827,20.798914942754813,18.6988004781434,0.4732078217970968,28.312786102294922,43299.75,1531936800000,0.7199999809265137,
1_2_1_LE07_013030_20180819,143.74307,19.0,54.70634,0.9779510005476145,1.0120151,43331.646790162034,1534692682670,0.6184856175972927,14621,22.867269888613283,20.166717405716373,20.279573315318736,18.168965173323055,0.34719891715149165,35.29365921020508,43331.75,1534701600000,1.5,
1_2_1_LE07_013030_20180904,149.08638,24.0,50.02081,0.9779510005476145,1.0084507,43347.64656030093,1536075062810,0.45355329949238576,10722,21.838884305898336,18.348958787106493,18.700181398134536,13.830783122126508,0.7267560699620956,39.979190826416016,43347.75,1536084000000,1.5300000190734864,
2_1_LC08_013030_20181014,160.51839,11.37,36.58507,0.9779510005476145,0.9974157,43387.64772986111,1539531163860,0.7249576988155668,17138,12.792593611133135,11.646972125978568,12.158788528395641,3.6378391502591,1.2374104581729723,53.4149284362793,43387.75,1539540000000,1.3199999809265137,
1_2_1_LE07_013030_20181022,160.95406,45.0,33.681534,0.9779510005476145,0.9951671,43395.645783796295,1540222195720,0.6189932318104907,14633,9.320983956034766,8.2068097783699,8.163730914304354,0.31249675936012095,0.8652499471765119,56.31846618652344,43395.75,1540231200000,0.6699999809265137,
1_2_1_LE07_013030_20181107,162.4868,30.0,28.645536,0.9779510005476145,0.9909771,43411.6455431713,1541604574930,0.45029610829103217,10645,9.894778471613769,6.160592835273864,6.4038437846136365,0.3124961391650101,0.8930291592047505,61.35446357727051,43411.75,1541613600000,1.0199999809265137,
1_2_1_LE07_013030_20181123,162.70648,5.0,24.552137,0.9779510005476145,0.9874639,43427.645276157404,1542986951860,0.6302453468697123,14899,2.7929708988644326,0.49338121390812645,0.9384067945396638,-8.216697990417183,1.6526833426907335,65.44786262512207,43427.75,1542996000000,0.29000000953674315,
1_2_1_LE07_013030_20190518,137.12955,5.0,60.68392,0.9779510005476145,1.0114827,43603.64131782408,1558193009860,0.6238578680203045,14748,19.228199440218347,8.391894154634917,8.163403868785977,6.993510510717588,1.1244720886470008,29.316078186035156,43603.75,1558202400000,1.2100000381469727,
2_1_LC08_013030_20190526,139.13905,33.01,63.09598,0.9779510005476145,1.0130392,43611.64762233796,1558884754570,0.5434856175972927,12848,21.1654509618221,13.546641881696583,13.21565322373,10.619607450128788,1.357763549330043,26.90401840209961,43611.75,1558893600000,1.4899999618530275,
1_2_1_LE07_013030_20190603,132.98523,20.0,62.677097,0.9779510005476145,1.014316,43619.64092002314,1559575375490,0.6239001692047378,14749,20.27832585522069,12.450569219131264,12.161080780550027,11.033709668668111,0.7469947349603778,27.32290267944336,43619.75,1559584800000,1.1300000190734865,
2_1_LC08_013030_20190627,133.95964,31.25,64.1912,0.9779510005476145,1.0165905,43643.647766898146,1561649567060,0.6215313028764805,14693,25.63844236820004,19.780242014220747,19.90715491495544,14.109677892129499,1.0392006516031578,25.808799743652344,43643.75,1561658400000,1.8299999237060547,
2_1_LC08_013030_20190729,137.95032,15.63,59.916973,0.9779510005476145,1.0153943,43675.64786861111,1564414375848,0.6299492385786802,14892,25.998610999703267,21.698440691210063,21.655990747535004,17.31419462943954,0.512634906657217,30.083026885986328,43675.75,1564423200000,2.4299999237060548,
2_1_LC08_013030_20190814,142.73685,33.76,56.289066,0.9779510005476145,1.0130033,43691.647935393514,1565796781618,0.5944585448392555,14053,24.262398049610088,17.66356958190542,17.810672296639382,4.891408845551919,1.8134400755375013,33.710933685302734,43691.75,1565805600000,1.8899999618530274,
1_2_1_LE07_013030_20190907,145.82301,8.0,47.98254,0.9779510005476145,1.0077679,43715.63826774305,1567869546333,0.5892978003384095,13931,18.701088212029788,15.976259875373806,16.020156663970315,9.31965444964534,0.6390872089452361,42.017459869384766,43715.75,1567879200000,1.9100000381469728,
2_1_LC08_013030_20190915,153.39389,15.55,46.755367,0.9779510005476145,1.0056728,43723.648036666666,1568561590368,0.655160744500846,15488,20.012886965319254,16.344977329810174,16.40949937194166,10.745762898738421,0.5877922361276946,43.244632720947266,43723.75,1568570400000,1.9899999618530275,
1_2_1_LE07_013030_20191009,154.86057,63.0,37.31915,0.9779510005476145,0.9989185,43747.63731615741,1570634264116,0.6072758037225042,14356,13.83115683513799,12.5648585618049,12.720677956996626,7.580320294199742,0.4032018893772895,52.680850982666016,43747.75,1570644000000,0.8,
2_1_LC08_013030_20191102,163.17651,1.4,30.42773,0.9779510005476145,0.9922924,43771.6481132176,1572708796982,0.7272842639593908,17193,9.710107214797372,9.059426403895932,9.202410592444364,5.573094526277133,0.5610029521299966,59.572269439697266,43771.75,1572717600000,1.0,
1_2_1_LE07_013030_20191126,159.25256,37.0,23.157438,0.9779510005476145,0.9869518,43795.63582217593,1574781335036,0.6144670050761422,14526,2.792915513882618,0.5685243637365269,0.31249609127061295,-4.184950508973662,0.9413787939865884,66.84256172180176,43795.75,1574791200000,1.0399999618530273,
1_2_1_LE07_013030_20200520,129.64352,0.0,58.806763,0.9779510005476145,1.0120347,43971.62921254629,1589987163964,0.6189932318104907,14633,20.8001662377988,11.330015966776834,11.033683077883817,8.743620602893534,1.2501584332243347,31.1932373046875,43971.75,1589997600000,1.1600000381469726,
2_1_LC08_013030_20200613,135.18091,42.39,64.48404,0.9779510005476145,1.0156709,43995.64758767361,1592062351575,0.3573181049069374,8447,21.499936808465176,14.820838525724563,15.316151986279472,4.566954912755596,1.350073703017466,25.515960693359375,43995.75,1592071200000,1.2399999618530275,
2_1_LC08_013030_20200715,135.10825,67.6,62.20153,0.9779510005476145,1.0164583,44027.647756493054,1594827166161,0.46171742808798644,10915,22.882535048944234,19.529054750200146,19.90437169891577,12.273758455380856,1.0380845375468237,27.79846954345703,44027.75,1594836000000,2.029999923706055,
2_1_LC08_013030_20200731,138.64445,6.67,59.342148,0.9779510005476145,1.0150009,44043.647806539346,1596209570485,0.7263959390862944,17172,25.734609620043816,21.74233980259526,21.702578945652736,20.705927056525162,0.327842779996203,30.657852172851562,44043.75,1596218400000,2.010000038146973,
2_1_LC08_013030_20200917,154.20374,60.69,45.820934,0.9779510005476145,1.0049697,44091.648023217596,1600356789206,0.661336717428088,15634,18.294164299934298,14.189269023591985,14.34321462514283,8.583506646641247,1.723129893250811,44.1790657043457,44091.75,1600365600000,1.5800000190734864,
1_2_1_LE07_013030_20200925,145.3573,7.0,39.91007,0.9779510005476145,1.0027235,44099.62369152778,1601045886948,0.6058375634517766,14322,17.636069333503265,13.971044642119255,13.83027493341439,13.276219828692653,0.4118600471774478,50.08993148803711,44099.5,1601035200000,1.9899999618530275,
2_1_LC08_013030_20201003,158.48898,51.76,40.27862,0.9779510005476145,1.0003968,44107.64806612268,1601739192913,0.48358714043993234,11432,13.695318464879305,11.608637303829921,12.21650400248633,-0.5833205890267688,1.9841754087660055,49.721378326416016,44107.75,1601748000000,1.2699999809265137,
1_2_1_LE07_013030_20201011,149.50652,3.0,34.627495,0.9779510005476145,0.9981451,44115.62298694444,1602428226072,0.5916243654822335,13986,13.27729562892052,12.24210076033564,12.161322103227212,8.743955806611227,0.525979180592483,55.37250518798828,44115.5,1602417600000,0.48000001907348633,
