system:index,azimuth,cloud_cover,elev,emiss,esd,l_exceltime,landsat_time,pct_lake,pixel_count,surface_temp_max,surface_temp_mean,surface_temp_min,surface_temp_stdDev,sza,v_exceltime,vapor_time,water_column,zscore_max,zscore_mean,zscore_min,.geo
1_1_2_1_LT05_013030_19850901,138.26797,5.0,47.822216,0.981,1.0090483,31291.6266353125,494434941291,1.0,23640,21.077669884871106,16.855599503894695,14.253291068723769,0.6461897141402668,42.17778396606445,31291.75,494445600000,1.170001220703125,6.533793851227934,-1.8227490612479074E-12,-4.027158554563512,
1_1_2_1_LT05_013030_19850917,143.90114,6.0,43.06969,0.981,1.0049189,31307.626485729168,495817328367,0.9996615905245347,23632,18.39470840238461,15.181497076302822,12.839674685214792,0.3904993798276851,46.9303092956543,31307.75,495828000000,1.6,8.228467168116051,-2.146144029884123E-13,-5.99699388030117,
1_1_2_1_LT05_013030_19851120,155.80006,36.0,23.41129,0.981,0.9879325,31371.625920659724,501346879545,0.9464890016920474,22375,13.311428879032086,8.982424685178497,7.996818104366373,0.7542370541109216,66.58871078491211,31371.75,501357600000,2.3600006103515625,5.739580374974451,3.5714573380056585E-12,-1.3067596923807148,
1_1_2_1_LT05_013030_19860515,128.12862,41.0,56.60322,0.981,1.0109715,31547.623305428242,516553053589,1.0,23640,19.295800493579225,10.003585793290807,3.9660490288868164,1.5037658950379755,33.39677810668945,31547.5,516542400000,1.4799987792968752,6.179296079895306,-6.06681372939186E-13,-4.014944602963961,
1_1_2_1_LT05_013030_19861022,150.39049,4.0,30.897781,0.981,0.9950896,31707.61961,530376734304,0.9994500846023688,23627,9.473174442579916,7.118244564427279,4.988592923126983,0.6823108551336147,59.10221862792969,31707.5,530366400000,1.220001220703125,3.451403213703055,-2.1443231600429207E-12,-3.1212337093526865,
1_1_2_1_LT05_013030_19861123,153.4201,72.0,22.016676,0.981,0.9874027,31739.61879398148,533141463800,0.6836717428087986,16162,1.3655317151783912,-3.7297793393786516,-11.564980250574168,2.2733737002964896,67.98332405090332,31739.5,533131200000,1.1,2.241299375413959,-1.1913036429897912E-13,-3.4465081170656906,
1_1_2_1_LT05_013030_19870502,131.299,17.0,53.553524,0.981,1.0078675,31899.622471620372,546965781548,1.0,23640,15.6494316939705,6.131628266383588,4.988791372813287,1.354621890865296,36.446475982666016,31899.5,546955200000,0.55,7.026169805588477,3.0657244788845066E-13,-0.8436574820448884,
1_1_1_1_LT04_013030_19870526,123.58484709,38.0,57.46879674,0.981,1.0130782,31923.619376226852,5.49039114106E11,1.0,23640,26.585878627998405,17.1204850268346,15.479453753668004,1.0597826951523703,32.53120326,31923.5,549028800000,1.379998779296875,8.931447592473583,-3.999946582222577E-13,-1.5484601519471475,
1_1_2_1_LT05_013030_19870705,121.050354,16.0,58.560978,0.981,1.016714,31963.623527060186,552495472738,1.0,23640,22.84269902692823,17.326459066266843,16.571756042768303,0.6219075749725005,31.439022064208984,31963.5,552484800000,2.0500000000000003,8.869870994745972,-1.327031199302965E-12,-1.2135292346807494,
1_1_2_1_LT05_013030_19870806,127.85028,17.0,53.814022,0.981,1.0142733,31995.624085983796,555260321029,1.0,23640,23.705352260977442,18.41036322248497,17.486123770849844,0.3144727857446088,36.185977935791016,31995.5,555249600000,1.2299987792968752,16.837670153094468,-1.9593546321483243E-11,-2.9390125108813883,
1_1_2_1_LT05_013030_19871009,149.84749,9.0,35.99112,0.981,0.9988292,32059.625176574074,560790015256,1.0,23640,10.44513242412734,9.414693085847043,6.001136601535573,0.5882281331475576,54.008880615234375,32059.75,560800800000,1.4600006103515626,1.751768200487974,2.090383008398082E-12,-5.803116668435809,
1_1_2_1_LT05_013030_19871025,153.29037,34.0,30.828316,0.981,0.994327,32075.62535079861,562172430309,0.961590524534687,22732,9.473479021742826,8.291224335479225,2.4136359223772974,0.7564101942678724,59.17168426513672,32075.75,562183200000,0.8,1.5629809000761847,2.7442573586344344E-13,-7.770371760775688,
1_1_2_1_LT05_013030_19880605,125.075615,26.0,60.112915,0.981,1.0147527,32299.627368541667,581526204642,1.0,23640,19.74732261719309,12.853474305156896,11.407508728800138,0.9217361137794848,29.8870849609375,32299.75,581536800000,2.2600006103515624,7.479199533333539,1.7731284276738575E-12,-1.5687413726556974,
1_1_2_1_LT05_013030_19880621,122.86057,12.0,60.245888,0.981,1.0163172,32315.627430590277,582908610003,0.9962774957698816,23552,18.847041977666837,13.15211868069041,10.444397866419843,0.8261295638534972,29.754112243652344,32315.75,582919200000,1.8899993896484375,6.893498969353363,-5.544506131101225E-13,-3.27759825182911,
1_1_2_1_LT05_013030_19880723,125.68539,32.0,56.900433,0.981,1.0158482,32347.627514131942,585673417221,0.6096023688663282,14411,21.086124896522534,15.315918880268201,2.933170099802305,2.4161793435481336,33.09956741333008,32347.75,585684000000,2.5,2.3881530283181904,-9.484245430393017E-14,-5.124929493967928,
1_1_2_1_LT05_013030_19880909,141.6893,38.0,45.592377,0.981,1.0069937,32395.627551331017,589820620435,0.996912013536379,23567,18.847934602686934,15.687387844775765,6.000286239485549,0.5775295653621667,44.407623291015625,32395.75,589831200000,2.169999694824219,5.472528070366755,5.255218813643829E-13,-16.77334319536606,
1_1_2_1_LT05_013030_19880925,147.02399,7.0,40.599907,0.981,1.0026268,32411.62747385417,591203013741,1.0,23640,17.029388990046655,14.028610421900936,12.365347935369433,0.31465297924295177,49.40009307861328,32411.75,591213600000,0.8899993896484375,9.536787401045835,-1.4203307801691428E-11,-5.286021732682386,
1_1_2_2_LT05_013030_19881011,151.37200786,76.0,35.34130779,0.981,0.9980436,32427.627407627315,5.92585408019E11,0.35,8274,11.409428962031768,7.647614772043996,0.30660527063652093,1.8357733228377795,54.65869221,32427.75,592596000000,1.1200012207031251,2.049171399970382,-1.3312516110480893E-14,-3.9988648980145207,
1_1_2_1_LT05_013030_19881027,154.42392,3.0,30.15958,0.981,0.9935882,32443.627395798612,593967806997,1.0,23640,8.4926378302097,7.265359719012371,4.4787277066753175,0.4214599848479409,59.84041976928711,32443.75,593978400000,0.8600006103515625,2.911968289564004,3.0994287959383186E-12,-6.611854298202108,
1_1_2_1_LT05_013030_19881112,156.05571,10.0,25.501045,0.981,0.989604,32459.62742542824,595350209557,1.0,23640,5.496380679969116,4.579325970533581,-0.7634514250124915,0.9061403267289848,64.49895477294922,32459.75,595360800000,0.570001220703125,1.0120449144405137,-1.5727537351769116E-12,-5.896192055410013,
1_1_2_1_LT05_013030_19890507,131.59631,36.0,55.57476,0.981,1.009219,32635.62611375,610556496228,0.8435279187817258,19941,13.784095590509152,6.917285049116517,3.4511876540987068,1.1884015904663887,34.42523956298828,32635.75,610567200000,1.25,5.778190299036669,4.703754028863054E-13,-2.916604473457107,
1_1_1_1_LT04_013030_19890819,134.84670457,26.0,51.73901843,0.981,1.0119189,32739.62941898148,6.195423818E11,0.9452199661590525,22345,24.531503304757436,19.328136564505073,13.67390369628725,1.173749109695576,38.26098157,32739.75,619552800000,1.8399993896484377,4.433116666305212,-2.9822659908179964E-12,-4.817241454337977,
1_1_2_1_LT05_013030_19890827,135.41357,2.0,48.755035,0.981,1.0102283,32747.624550416665,620233161156,1.0,23640,19.29460348861157,16.092895108995126,14.253349554360385,0.31327638621732873,41.244964599609375,32747.5,620222400000,0.9799987792968751,10.220075691869507,-4.583816003459815E-12,-5.871957273404565,
1_1_2_1_LT05_013030_19890928,146.28783,0.0,39.161983,0.981,1.0018597,32779.624037546295,622997916844,1.0,23640,14.720550988848238,13.382274363170858,10.445402183003091,0.5238005580577408,50.838016510009766,32779.5,622987200000,1.2399993896484376,2.554935471317036,-3.1297542158108874E-12,-5.606851949638476,
1_1_2_1_LT05_013030_19891014,150.41113,27.0,33.918423,0.981,0.9972737,32795.62367177084,624380285241,0.9993231810490694,23624,13.313254308454244,9.289804026164505,5.496357849175119,1.5636285095614533,56.08157730102539,32795.5,624369600000,0.720001220703125,2.573149733256133,1.303843281481777E-13,-2.426053345659017,
1_1_2_1_LT05_013030_19891030,153.21915,36.0,28.814333,0.981,0.9928742,32811.62335378472,625762657767,0.9967005076142132,23562,10.928557899091652,7.2720177406873905,4.98867990450941,0.5285408370043024,61.18566703796387,32811.5,625752000000,1.029998779296875,6.9181790741639455,5.8054890738499E-12,-4.320078367302003,
1_1_2_1_LT05_013030_19900526,123.88787,41.0,57.665363,0.981,1.0131161,33019.62018670139,643733584131,0.9607445008460237,22712,17.940557110250793,9.696877832862574,-0.22699494606582016,2.897898378463637,32.33463668823242,33019.5,643723200000,0.929998779296875,2.844709579415523,-2.0834738472540552E-13,-3.424506826284806,
1_1_2_1_LT05_013030_19900627,119.1698,52.0,58.325863,0.981,1.01658,33051.620179398145,646498383500,1.0,23640,24.587257043771526,18.85954382941264,17.943222687006582,0.5752230889675441,31.674137115478516,33051.5,646488000000,2.4899993896484376,9.957377101533664,7.514080085652717E-12,-1.5929839395889758,
1_1_1_1_LT04_013030_19900721,124.58599166,39.0,57.04765729,0.981,1.0160593,33075.62649188658,6.48572528899E11,0.7666666666666667,18124,22.436508363350793,17.566079509967608,11.8392019220219,1.412071784600819,32.95234271,33075.75,648583200000,1.8700012207031251,3.4491368686047466,3.118660891676121E-13,-4.055656129100157,
1_1_2_1_LT05_013030_19900729,123.59948,13.0,54.341515,0.981,1.0152917,33083.62010068287,649263176699,0.9444162436548224,22326,25.011082580028784,20.302145633468374,16.571781114362306,0.5610662760480332,35.658485412597656,33083.5,649252800000,2.1100006103515625,8.39283547699323,-5.0861779268089245E-12,-6.6487056491463585,
1_1_2_1_LT05_013030_19900830,134.40009,5.0,47.202232,0.981,1.0096002,33115.619964895835,652027964967,1.0,23640,21.07807924067458,18.66846386731963,16.571397681197187,0.327705913174024,42.797767639160156,33115.5,652017600000,1.270001220703125,7.35298106163667,-2.0772496050889728E-11,-6.399232060877778,
1_1_2_1_LT05_013030_19901001,145.39522,4.0,37.68611,0.981,1.001076,33147.61980625,654792751260,0.897673434856176,21221,14.720430869635244,12.441266906763548,3.4513047243612336,1.2785770604982423,52.31388854980469,33147.5,654782400000,0.25,1.7825784876693624,1.4683182259610479E-12,-7.031224366640101,
1_1_2_1_LT05_013030_19901017,149.48227,27.0,32.521004,0.981,0.9964974,33163.61975449074,656175146788,0.9675126903553299,22872,12.364793457238175,10.921400305715403,6.503820394000087,0.7436284598246886,57.47899627685547,33163.5,656164800000,1.529998779296875,1.9410138657993985,3.807889370996875E-12,-5.940574023695605,
1_1_2_1_LT05_013030_19901118,153.50162,52.0,23.203106,0.981,0.9884149,33195.61969028935,658939941241,0.5552453468697124,13126,3.9663004164308426,1.8873874066293868,-5.726799121391809,2.1035743254022856,66.79689407348633,33195.5,658929600000,0.55,0.9882764705277938,-6.978749363179873E-14,-3.61964226130449,
1_1_2_1_LT05_013030_19910513,128.063,0.0,55.927387,0.981,1.0104688,33371.621738877315,674146518239,1.0,23640,22.398327374899715,12.333984809071067,10.445433404037281,1.413297883501124,34.07261276245117,33371.5,674136000000,1.2100006103515626,7.121175714844013,5.185062729674357E-13,-1.3362727186397032,
1_1_2_1_LT05_013030_19910716,121.690994,1.0,56.92722,0.981,1.0164092,33435.62236876157,679676172661,0.9919627749576988,23450,26.284043224446172,18.648777781530278,14.720418522227522,0.7153197112713716,33.07278060913086,33435.5,679665600000,1.529998779296875,10.673920098392614,1.5753641344327638E-12,-5.491753124376646,
1_1_2_1_LT05_013030_19910902,136.65915,0.0,46.960934,0.981,1.0089507,33483.62267664352,683823399262,1.0,23640,19.295975200038423,17.156593431260703,14.253068677297213,0.4853730992383859,43.039066314697266,33483.5,683812800000,1.5399993896484376,4.407705684832331,6.9396563197750695E-12,-5.9820471272913585,
1_1_2_1_LT05_013030_19910918,142.43198,69.0,42.30195,0.981,1.0048085,33499.62280859954,685205810663,0.9361252115059222,22130,15.64959386348107,10.40158834798412,3.4511416382286586,2.250556824961614,47.69805145263672,33499.5,685195200000,1.3899993896484375,2.3318698098575936,-1.0300451590579476E-13,-3.088323135264096,
1_1_2_1_LT05_013030_19911004,147.45326,7.0,37.2426,0.981,1.0002896,33515.62284049769,686588213419,0.9872673434856176,23339,15.649593685850261,12.858858624136262,9.96030904907331,0.4123092019352722,52.75740051269531,33515.5,686577600000,1.25,6.768549061274922,4.056775963731496E-12,-7.030038528021967,
1_1_2_1_LT05_013030_19911105,153.78296,43.0,27.148352,0.981,0.9914724,33547.62295592592,689353023392,0.9436548223350254,22308,7.004854040013088,4.272474454132474,-5.726852822382279,1.8682098127608275,62.85164833068848,33547.5,689342400000,0.679998779296875,1.462565696431453,3.8594466070737525E-13,-5.352357753510466,
1_1_2_1_LT05_013030_19920515,127.69632,35.0,56.59145,0.981,1.0110645,33739.622629108795,705941795155,0.9112944162436548,21543,16.111219310936466,8.475456482670584,4.988757319087023,1.1103914203380842,33.40855026245117,33739.5,705931200000,0.779998779296875,6.876640694811023,-1.1464011984599704E-12,-3.1400631342431975,
1_1_2_1_LT05_013030_19920616,120.823975,1.0,59.194176,0.981,1.0159444,33771.622378217595,708706573478,1.0,23640,22.39784620939199,16.503353421934374,15.649583904150887,0.557863886493649,30.805824279785156,33771.5,708696000000,1.1200012207031251,10.566184566106916,-2.277941634117161E-12,-1.5304262176741685,
1_1_2_1_LT05_013030_19920819,131.33168,64.0,50.182384,0.981,1.0118822,33835.62179027778,714236122680,0.772419627749577,18260,19.29850526921411,14.799249498097147,10.926577745249578,0.6501798240660497,39.8176155090332,33835.5,714225600000,2.2399993896484376,6.920017516046298,-1.042788392382357E-12,-5.956308715685643,
1_1_2_1_LT05_013030_19920920,142.7472,1.0,41.230972,0.981,1.0040522,33867.621452754625,717000893518,1.0,23640,16.5716298402817,14.7515630109884,10.927624482758283,0.4456937857792718,48.76902770996094,33867.5,716990400000,1.7600006103515626,4.083671092947844,-8.182383766507472E-12,-8.579743874023652,
1_1_2_1_LT05_013030_19921006,147.50925,0.0,36.108112,0.981,0.9995016,33883.62116765046,718383268885,0.9999153976311337,23638,11.409394203718566,10.594661034594791,7.004618931250484,0.6360925451234912,53.89188766479492,33883.5,718372800000,1.1600006103515625,1.2808406188215935,-6.225083656062976E-13,-5.643899037752967,
1_1_2_1_LT05_013030_19921022,151.0869,62.0,30.925812,0.981,0.9949683,33899.621063969906,719765659927,0.6036802030456853,14271,8.492575459537731,7.340299246638789,-6.2946163358366976,1.3412976091454942,59.074188232421875,33899.5,719755200000,0.970001220703125,0.8590757226750197,-7.870192321450544E-13,-10.165466254101457,
1_1_2_1_LT05_013030_19921107,153.25523,53.0,26.098253,0.981,0.9907989,33915.62087238426,721148043374,0.5596869712351946,13231,5.496386210112314,1.586370093654371,-6.294225326757131,3.0047691638842293,63.90174674987793,33915.5,721137600000,0.429998779296875,1.3012700487792255,-4.4363463879760604E-14,-2.6226957847984402,
1_1_2_1_LT05_013030_19930502,130.7667,0.0,53.525616,0.981,1.0079772,34091.62176577546,736354520563,1.0,23640,17.940459682439933,6.778453353375653,4.478732363362983,1.687474798552346,36.47438430786133,34091.5,736344000000,0.8399993896484376,6.614621053090667,5.678120851802493E-13,-1.3628179762954438,
1_1_2_1_LT05_013030_19930603,122.78166,10.0,58.762283,0.981,1.0144279,34123.62183099537,739119326198,0.6837986463620981,16165,19.742732553140648,10.275811104309726,0.30660549288430383,1.4434342610734443,31.237716674804688,34123.5,739108800000,1.029998779296875,6.5586093555730205,9.299511507263948E-14,-6.906587906546977,
1_1_2_1_LT05_013030_19930705,120.190025,3.0,58.052193,0.981,1.0167103,34155.621730405095,741884117507,1.0,23640,25.4477654554415,17.921933061131117,16.571920260064537,0.7371345156426284,31.94780731201172,34155.5,741873600000,2.4600006103515626,10.209578081891086,4.550902864564639E-12,-1.8314334391052745,
1_1_2_1_LT05_013030_19930721,122.5102,34.0,56.023285,0.981,1.016044,34171.621737141206,743266518089,0.36763959390862944,8691,20.637053566125903,16.733172015992963,8.98310393411312,1.1177980452873473,33.976715087890625,34171.5,743256000000,1.770001220703125,3.492474840685007,-7.546582420936417E-13,-6.933334795631683,
1_1_2_1_LT05_013030_19930806,126.83994,26.0,53.15796,0.981,1.0142056,34187.621736597226,744648918042,0.9694162436548224,22917,22.4022947233398,14.636539695042359,9.472395656857621,1.5956546229665183,36.842041015625,34187.5,744638400000,1.770001220703125,4.866814482610245,1.1740229050931814E-12,-3.2363795798015227,
1_1_2_1_LT05_013030_19930907,138.27988,84.0,45.262638,0.981,1.0075935,34219.62170112268,747413714977,0.43921319796954317,10383,12.364133838677205,10.19726705238741,5.49552259710414,1.144044900597636,44.737361907958984,34219.5,747403200000,1.9399993896484375,1.8940399849322769,-3.059237132238748E-13,-4.109755179038106,
1_1_2_1_LT05_013030_19931025,151.83081,22.0,30.152409,0.981,0.9942191,34267.62154287037,751560901304,0.9412013536379019,22250,10.928737988547311,8.502208293730558,2.933767344118116,0.6864639841827018,59.847591400146484,34267.5,751550400000,0.570001220703125,3.5348244783821534,4.738683807841791E-13,-8.111774365325488,
1_1_2_1_LT05_013030_19931110,153.78401,1.0,25.450096,0.981,0.9901459,34283.62145925926,752943294080,0.9998730964467005,23637,6.504205342677451,4.99209751000519,1.8908934858217212,0.6192289970958752,64.5499038696289,34283.5,752932800000,1.0600006103515625,2.441920258521325,-1.7294052337835414E-12,-5.008169899548987,
1_1_2_1_LT05_013030_19931126,154.30458,61.0,21.62278,0.981,0.9868154,34299.62139663195,754325688669,0.9994500846023688,23627,2.4136380402753197,0.8493027064667382,-5.162752171450454,1.0673023760074039,68.3772201538086,34299.5,754315200000,0.770001220703125,1.4656908566628448,7.712615109910022E-14,-5.632944339922923,
1_1_2_1_LT05_013030_19940521,124.83554,1.0,56.869415,0.981,1.0121814,34475.61965320602,769531938037,1.0,23640,21.522660379821044,11.151103296846834,9.472413663309855,1.5458183779472854,33.130584716796875,34475.5,769521600000,1.7600006103515626,6.709427983866223,3.917362572102224E-13,-1.0859552826420242,
1_1_2_1_LT05_013030_19940622,118.874016,5.0,58.321655,0.981,1.016339,34507.6192028588,772296699127,0.9993654822335025,23625,21.523367081658137,17.72579319944686,15.649515907713823,0.6768411149506943,31.6783447265625,34507.5,772286400000,1.8600006103515625,5.610731674431331,6.13182099633275E-12,-3.067599242821242,
1_1_2_1_LT05_013030_19940825,131.66771,10.0,48.09747,0.981,1.0107361,34571.618031527774,777826197924,1.0,23640,22.844199494285508,18.054990821491106,17.487314804841628,0.34123640774479586,41.902530670166016,34571.5,777816000000,2.1800003051757812,14.034870148955966,-1.8234216558469726E-11,-1.6635857246335588,
1_1_2_1_LT05_013030_19940910,137.48346,6.0,43.734997,0.981,1.0068885,34587.61774851852,779208573472,0.7643824027072758,18070,15.649579030952554,13.386594315127901,4.988659371648382,1.3028362776172835,46.2650032043457,34587.5,779198400000,1.079998779296875,1.7369678406279523,-3.1017727017734183E-13,-6.445886630389384,
1_1_2_1_LT05_013030_19941012,147.28322,0.0,33.73943,0.981,0.9979294,34619.61711619213,781973318839,1.0,23640,11.40954427581171,9.74512099877601,6.504259342673645,0.4793546437420867,56.26057052612305,34619.5,781963200000,0.9600006103515626,3.4722168623263223,4.1758331453842795E-12,-6.760885074154172,
1_1_2_1_LT05_013030_19941028,150.42772,1.0,28.678778,0.981,0.9934823,34635.6167430787,783355686602,1.0,23640,9.96057335964484,9.056597767737406,7.004757397174679,0.333384237686697,61.32122230529785,34635.5,783345600000,0.9399993896484375,2.711512692321582,-7.965759331883314E-12,-6.154581226755466,
1_1_2_1_LT05_013030_19941113,152.14359,45.0,24.087608,0.981,0.9895147,34651.61635582176,784738053143,0.9998730964467005,23637,7.502900245874147,6.591473547523973,3.9662127215242897,0.39270782741057886,65.91239166259766,34651.5,784728000000,1.0600006103515625,2.3208773412027526,5.631472936562249E-12,-6.685022917190175,
1_1_2_1_LT05_013030_19941129,152.43286,54.0,20.439613,0.981,0.9863404,34667.615990983795,786120421621,0.9883248730964467,23364,3.966289631947502,2.8523636094235916,-0.7634520060397304,0.5169844337150635,69.56038665771484,34667.5,786110400000,0.679998779296875,2.1546606626416374,-6.49245874133859E-14,-6.994051231832993,
1_1_2_1_LT05_013030_19950508,124.65962,11.0,52.721237,0.981,1.0093126,34827.61166737269,799944048061,0.5917089678510998,13988,13.784162460697006,4.939354321329007,0.8374365324579377,1.0497077410259679,37.27876281738281,34827.5,799934400000,1.129998779296875,8.425972100313581,-1.1413154421565517E-13,-3.9076760402489925,
1_1_2_1_LT05_013030_19950828,128.41623,16.0,45.388153,0.981,1.010127,34939.608121412035,809620541690,0.4811336717428088,11374,11.888504919226254,8.262130164718467,0.8374415758004442,1.9053816708308797,44.611846923828125,34939.5,809611200000,0.779998779296875,1.9032274793146473,9.025218616226709E-14,-3.896693613978316,
1_1_2_1_LT05_013030_19950929,139.45737,20.0,36.2753,0.981,1.0017332,34971.60702517361,812385246975,1.0,23640,12.840312839564522,9.061659687995215,2.933767344118116,1.2938012597364026,53.724700927734375,34971.5,812376000000,0.570001220703125,2.920582371622644,2.335186554566799E-13,-4.736347485954364,
1_1_2_1_LT05_013030_19951116,148.82935,26.0,22.097536,0.981,0.9889071,35019.60583689815,816532344308,0.9753807106598985,23058,5.49638491552063,3.60418306105381,-8.01733012298357,0.9568087143761229,67.90246391296387,35019.5,816523200000,0.5100006103515625,1.9776177056462225,-8.309054181875173E-13,-12.146119709638164,
1_1_2_1_LT05_013030_19960526,121.14813,1.0,56.500698,0.981,1.0131915,35211.614319837965,833121877234,0.9934010152284264,23484,17.940274189657988,10.72872908736554,4.988780943345107,0.8959951267115858,33.49930191040039,35211.5,833112000000,0.65,8.048643220593979,1.0648340140040455E-12,-6.406226968093857,
1_1_2_1_LT05_013030_19960729,122.43227,8.0,53.623936,0.981,1.0152385,35275.61670560185,838651683364,0.303087986463621,7165,19.745083274017965,9.146481152359268,1.3654849794704065,3.5435232030962642,36.37606430053711,35275.5,838641600000,1.770001220703125,2.99097861484238,1.3068968991508794E-13,-2.195836100661052,
1_1_2_1_LT05_013030_19960814,127.758896,5.0,50.562798,0.981,1.0128423,35291.61728443287,840034133375,0.9975042301184434,23581,24.14104371283993,18.821001145417842,17.02988976643787,0.4452998443583327,39.43720245361328,35291.5,840024000000,1.55,11.9471017895552,-2.9337233951956163E-12,-4.02225916238737,
1_1_2_1_LT05_013030_19960830,133.88602,0.0,46.790104,0.981,1.0094954,35307.617884756946,841416585243,1.0,23640,21.958463914831036,17.519886841783244,13.784236479361203,0.9066112349825528,43.209896087646484,35307.5,841406400000,0.929998779296875,4.8957887369807525,1.4912267856383029E-12,-4.120454521495017,
1_1_2_1_LT05_013030_19960915,140.00598,47.0,42.37765,0.981,1.0054336,35323.61849591435,842799038047,0.9208121827411168,21768,18.847012212331123,14.923096764655867,8.491449687102588,0.823844546889174,47.62234878540039,35323.5,842788800000,1.879998779296875,4.762931869236628,2.7358894244190183E-12,-7.8068697569694345,
1_1_2_1_LT05_013030_19961001,145.44713,17.0,37.500668,0.981,1.0009491,35339.61909150463,844181489506,1.0,23640,14.720157478253856,11.986058665370495,10.444418065588726,0.33680248766770415,52.499332427978516,35339.5,844171200000,1.879998779296875,8.117810624905113,-1.0593078097827062E-11,-4.577283886640353,
1_1_2_1_LT05_013030_19961017,149.75507,19.0,32.43303,0.981,0.9963733,35355.61966701389,845563939230,0.9928510998307952,23471,13.313234374595877,10.325905241159296,8.492642712159702,0.3256865725965597,57.56697082519531,35355.5,845553600000,0.8500000000000001,9.17240495860755,1.6546663092841911E-12,-5.628916520517797,
1_1_2_1_LT05_013030_19961102,152.67897,58.0,27.552187,0.981,0.9920529,35371.62021201389,846946386318,0.9969543147208122,23568,7.5030602515819975,6.485001877284652,-0.7634524515471454,0.8218005034196488,62.44781303405762,35371.5,846936000000,0.7399993896484376,1.2388144933728265,1.6142385627608882E-12,-8.820211594748082,
1_1_2_1_LT05_013030_19970614,123.329544,25.0,60.265324,0.981,1.0157394,35595.62660290509,866300538491,0.7725465313028764,18263,21.077262102891666,15.76783928949147,8.984005344545018,0.8109853861921759,29.734676361083984,35595.75,866311200000,1.0600006103515625,6.546878530486916,-2.661524395981755E-12,-8.364927482600672,
1_1_2_1_LT05_013030_19970630,122.54629,4.0,59.724632,0.981,1.0166671,35611.62699884259,867682972700,0.9999153976311337,23638,25.874129372655933,19.044496495694162,17.942952066939736,0.7880870446297485,30.275367736816406,35611.75,867693600000,2.369999694824219,8.666089518284624,-3.472985703662205E-12,-1.397744622577755,
1_1_2_1_LT05_013030_19971105,156.4342,17.0,27.782814,0.981,0.9913533,35739.62966409722,878742402978,0.9975465313028765,23582,8.49262239752401,6.881446325162887,2.413628497938418,0.4913438572822567,62.217185974121094,35739.75,878752800000,0.8899993896484375,3.2791212273883543,-1.4394417855514216E-12,-9.09305725716622,
1_1_2_1_LT05_013030_19980516,132.61214,1.0,58.699497,0.981,1.0111655,35931.63218732639,895331420985,1.0,23640,21.964479579142488,12.747212946922172,10.927313737730527,1.456019413252834,31.30050277709961,35931.75,895341600000,1.9200012207031252,6.330455863653902,3.458452713648783E-14,-1.2499141100913496,
1_1_2_1_LT05_013030_19980703,125.3699,16.0,60.673073,0.981,1.0167043,35979.632651747685,899478661111,0.7236886632825719,17108,22.838802146530735,17.58785768250125,9.959743859291603,1.1484601557151377,29.326927185058594,35979.75,899488800000,1.6600006103515625,4.572160764915488,-1.0521864431758314E-12,-6.642036108305105,
1_1_2_1_LT05_013030_19980820,136.91501,22.0,52.202873,0.981,1.0117834,36027.6329234375,903625884585,0.3887055837563452,9189,14.253019102944661,9.239382226285084,4.478395211469207,1.4929179031671436,37.79712677001953,36027.75,903636000000,1.6,3.3582803622512802,-1.0985195500911855E-13,-3.189048108215263,
1_1_2_1_LT05_013030_19980905,142.73076,64.0,47.8045,0.981,1.00816,36043.63304144676,905008294781,0.3318104906937394,7844,18.395308958072846,15.429836437585672,7.501963452204484,1.5598289136006243,42.195499420166016,36043.75,905018400000,1.8700012207031251,1.901152424237244,-3.9188278085921515E-13,-5.0825272670968245,
1_1_2_1_LT05_013030_19981108,157.95262,77.0,27.335186,0.981,0.9906834,36107.63324837963,910537912660,0.6042301184433164,14284,6.504348995176056,3.61785732679371,-2.3902454112907816,1.8612001781999588,62.66481399536133,36107.75,910548000000,0.720001220703125,1.5508765269805567,2.1465567532660822E-13,-3.2280798209976367,
1_1_2_1_LT05_013030_19990604,128.18759,5.0,61.12892,0.981,1.0144944,36315.63260732639,928509057273,0.7082064297800338,16742,21.077479009418543,14.188852162088649,6.504168242598271,1.2730213310507401,28.871078491210938,36315.75,928519200000,1.1200012207031251,5.4112422779625255,-5.95670131095746E-13,-6.036571212163044,
1_1_2_1_LT05_013030_19990620,125.60512,50.0,61.40496,0.981,1.016191,36331.63251452547,929891449255,0.5754653130287648,13604,21.083119056017978,13.2119403101303,3.965632815768935,2.4811274473291056,28.59503936767578,36331.75,929901600000,2.129998779296875,3.1724201650184782,3.883615201682677E-14,-3.7266555993787702,
1_1_2_1_LT05_013030_19990722,127.66669,16.0,58.171623,0.981,1.0160027,36363.6323787963,932656237528,0.8517343485617598,20135,24.15479791472528,18.919143554646432,16.57193538994492,0.5974118218032188,31.82837677001953,36363.75,932666400000,2.5,8.763894802542787,4.578331637720466E-12,-3.9289616961658633,
1_1_2_1_LT05_013030_19990807,131.96028,12.0,55.124043,0.981,1.0141307,36379.63234658565,934038634745,0.98582910321489,23305,23.274289224337224,19.110984373471037,8.491897230464712,0.44805717883923485,34.87595748901367,36379.75,934048800000,1.6100006103515625,9.291905246673887,-6.482535321301701E-12,-23.700294615336375,
1_1_2_1_LT05_013030_19990823,137.39035,8.0,51.28611,0.981,1.0112184,36395.63218381944,935421020682,1.0,23640,21.527531809322593,17.032674896068126,16.571881741739244,0.4424945891070641,38.713890075683594,36395.75,935431200000,2.3600006103515625,10.157992942523666,1.001588651730534E-12,-1.04135319543397,
1_2_1_LE07_013030_19990831,145.72757,0.0,50.852158,0.981,1.009433,36403.64294917824,936113150809,1.0,23640,23.890708333282003,18.513901796218605,17.09926605555601,0.3672272436127219,39.14784240722656,36403.75,936122400000,1.9200012207031252,14.64163302310376,-1.07848547041645E-11,-3.8522080408458717,
1_1_2_1_LT05_013030_19990924,148.3218,0.0,41.7179,0.981,1.0031499,36427.63153909722,938185764978,1.0,23640,20.19332545262108,14.868193843333296,14.252513778140795,0.42469034531401784,48.282100677490234,36427.75,938196000000,2.0600006103515627,12.538857235735748,-8.572459226903392E-13,-1.4497152383750682,
1_2_1_LE07_013030_19991002,155.64442,2.0,40.403183,0.981,1.0008737,36435.64300438658,938877955579,1.0,23640,16.01966273398167,13.711737968063368,11.597933904910596,0.3031570017430822,49.59681701660156,36435.75,938887200000,1.6899993896484375,7.612968701525187,-3.3628724448736596E-12,-6.972638108303258,
1_1_2_1_LT05_013030_19991026,155.65736,15.0,31.093649,0.981,0.9940889,36459.63145990741,940950558136,1.0,23640,9.960298184956656,7.504041200546213,4.9885715144944,0.5428753440857542,58.90635108947754,36459.75,940960800000,1.2600006103515626,4.524532217514828,-2.0642645212116484E-13,-4.633604589812541,
1_1_2_1_LT05_013030_19991111,157.27472,4.0,26.328299,0.981,0.9900342,36475.6310762037,942332924984,0.9999153976311337,23638,7.004858968095675,5.91151734622532,-0.7634513907909034,1.038390831283974,63.671701431274414,36475.75,942343200000,0.270001220703125,1.0529191793021073,-1.4779175599246635E-12,-6.428185357494539,
1_1_2_1_LT05_013030_20000622,124.882126,57.0,61.10395,0.981,1.0163646,36699.631535555556,961686564672,0.6892978003384095,16295,19.298294502913137,10.317389255762997,3.450739096989275,2.1817730038339405,28.89604949951172,36699.75,961696800000,2.1899993896484378,4.1163334734495125,-7.226611480132533E-14,-3.1472798254938708,
1_2_1_LE07_013030_20000630,130.34134,51.0,62.786808,0.981,1.0166702,36707.64205019676,962378673137,0.5112098138747885,12085,21.324589961724175,16.075833131618015,1.5602716632054299,1.141163459919816,27.213191986083984,36707.75,962388000000,2.169999694824219,4.599478527357479,-1.0000259894596376E-12,-12.719966926940092,
1_1_2_1_LT05_013030_20000708,125.29347,18.0,59.90333,0.981,1.0166708,36715.631784074074,963068986144,0.9892131979695431,23385,22.840096695370157,16.624271745305364,13.3124365969308,0.5155099601381,30.096668243408203,36715.75,963079200000,1.8,12.057623384036333,3.961652316477978E-12,-6.424386344518652,
1_1_2_1_LT05_013030_20000825,138.61372,2.0,50.65377,0.981,1.0106287,36763.632432164355,967216242139,0.9968274111675127,23565,21.970172918261806,16.836973461977916,13.311114664223284,0.4892391413492449,39.346229553222656,36763.75,967226400000,2.5,10.492209274440574,-8.226386461316183E-12,-7.206820754428735,
1_1_2_1_LT05_013030_20000910,144.4516,1.0,46.06122,0.981,1.0067614,36779.63269921296,968598665212,1.0,23640,21.078958415656757,17.027149119400207,6.503891432564814,0.3471499962691951,43.93878173828125,36779.75,968608800000,1.4600006103515626,11.671638599456017,7.703867147614581E-13,-30.313287627620205,
1_2_1_LE07_013030_20000918,151.12157,7.0,44.707703,0.981,1.0046139,36787.6412465162,969290603699,0.997419627749577,23579,20.80335240851245,15.70323632799989,8.16222868813028,0.7816179602804751,45.29229736328125,36787.75,969300000000,2.0100006103515624,6.525075343307665,5.415594196419763E-12,-9.647945701201136,
1_1_2_1_LT05_013030_20001012,153.90762,2.0,35.64429,0.981,0.9977914,36811.63292004629,971363484292,1.0,23640,14.253345178220767,10.522647554172613,9.473365319300386,0.3443117822925544,54.355709075927734,36811.75,971373600000,1.0,10.83523078765356,8.477827263425022E-12,-3.047476992758481,
1_2_1_LE07_013030_20001020,158.78474,0.0,33.811504,0.981,0.9955329,36819.64104688657,972055386451,1.0,23640,12.719941625506143,10.313419546134277,8.743204109495947,0.3334797928588499,56.18849563598633,36819.75,972064800000,1.4200012207031252,7.216395508529242,1.1466498787553586E-11,-4.708577461852228,
1_1_2_1_LT05_013030_20001028,156.79695,59.0,30.44364,0.981,0.9933546,36827.63310364583,972745900155,0.6085871404399323,14387,9.473536875562175,6.553438984029968,-2.3902321924011107,2.1921402117009596,59.55636024475098,36827.75,972756000000,0.41000061035156254,1.3320762403543518,7.797346152090772E-14,-4.079880989679654,
1_1_2_1_LT05_013030_20001129,158.379,53.0,22.263233,0.981,0.9862617,36859.63341443287,975510727007,0.5411590524534687,12793,2.9337323513292226,1.5426290434937076,-8.017961635149016,0.9078841069730468,67.73676681518555,36859.75,975520800000,0.9500000000000001,1.5322476703260697,-5.276612488430765E-14,-10.530628970385267,
1_1_2_1_LT05_013030_20010508,135.54843,0.0,57.39708,0.981,1.0094253,37019.634091597225,989334785514,1.0,23640,21.075876623696114,9.616845236773965,7.004878428513404,1.9514828306498522,32.60292053222656,37019.75,989344800000,0.5,5.871961160481357,2.3868396524543463E-13,-1.338452364139307,
1_2_1_LE07_013030_20010601,133.23822,5.0,62.512585,0.981,1.0141253,37043.640710486114,991408957386,1.0,23640,23.37308763295201,11.35579558135623,8.16349523384383,1.2608419805941233,27.487415313720703,37043.75,991418400000,0.8799987792968751,9.531164282722482,4.1228505345499486E-13,-2.531879804643045,
1_1_2_1_LT05_013030_20010609,127.90808,9.0,61.69992,0.981,1.0152023,37051.63421231481,992099595944,0.9812605752961083,23197,23.27457338290398,13.092284005191848,7.998181313853055,1.3056958202362834,28.300079345703125,37051.75,992109600000,1.6399993896484375,7.798362543482378,-1.5754418757231183E-12,-3.901446732376723,
1_1_2_1_LT05_013030_20010625,126.08779,11.0,61.515522,0.981,1.016503,37067.634196921295,993481994614,0.9991539763113367,23620,23.280704784197038,17.722443326535114,16.571809913648522,0.7202117751674841,28.484477996826172,37067.75,993492000000,2.1800003051757812,7.717537603949004,-4.897945787109584E-12,-1.5976320473502583,
1_2_1_LE07_013030_20010719,131.33293,50.0,60.18851,0.981,1.0161923,37091.64042188657,995556132451,0.4243654822335025,10032,21.84052580115408,16.492714679386985,12.15984562439663,0.9504181035234924,29.81148910522461,37091.75,995565600000,1.9100006103515625,5.626798460531331,1.6630089563971776E-13,-4.558908378246454,
1_1_2_1_LT05_013030_20010727,129.89041,15.0,57.588657,0.981,1.0154876,37099.634174467596,996246792674,0.7136209813874789,16870,21.07931580754959,17.523258409510376,8.492011444129004,1.3143385911208236,32.41134262084961,37099.75,996256800000,1.529998779296875,2.705586994144887,9.180894609581195E-13,-6.871324502219652,
1_2_1_LE07_013030_20010905,146.0722,1.0,48.738205,0.981,1.0081043,37139.63992262731,999703289315,1.0,23640,20.27702182434592,18.067365296344747,14.930331685613814,0.42789481071750846,41.26179504394531,37139.75,999712800000,0.9899993896484376,5.164018054568004,1.6221753924733438E-11,-7.331319595745153,
1_1_2_1_LT05_013030_20010913,146.00182,42.0,45.395798,0.981,1.0060384,37147.63404444444,1000393981440,0.9688663282571912,22904,19.74512352724249,16.18014163815821,9.47237751351773,0.5743300666966694,44.60420227050781,37147.75,1000404000000,1.779998779296875,6.207200520754059,-2.4310731939763136E-12,-11.679284288947327,
1_1_2_1_LT05_013030_20010929,150.95503,8.0,40.18238,0.981,1.0015948,37163.63393946759,1001776372370,0.9422165820642978,22274,16.111259285584325,14.136485000602336,2.933741840664275,0.8801141567365385,49.81761932373047,37163.75,1001786400000,0.8799987792968751,2.243770617557667,-1.9309252171499972E-12,-12.728738737117705,
1_2_1_LE07_013030_20011007,155.46986,50.0,38.1357,0.981,0.9992991,37171.63968923611,1002468069150,0.33049915397631136,7813,13.830709582360551,10.456099092558908,0.9383999280549701,2.8079669092527317,51.86429977416992,37171.75,1002477600000,0.9100006103515625,1.2017985250045946,2.916075643566846E-13,-3.389533948260391,
1_1_2_1_LT05_013030_20011015,154.82547,47.0,34.795174,0.981,0.9970115,37179.633927083334,1003158771300,0.2912859560067682,6886,12.839931490920478,9.641860919259653,6.001204618053196,1.2531901362249451,55.20482635498047,37179.75,1003168800000,1.379998779296875,2.551943619102008,-1.4961318833988218E-13,-2.9051108813969844,
1_2_1_LE07_013030_20011108,160.3816,2.0,27.851818,0.981,0.990631,37203.63980925926,1005232879520,0.9998730964467005,23637,8.743401342987504,7.218194076600272,3.4035444343913177,0.4671726582506065,62.1481819152832,37203.75,1005242400000,1.2299987792968752,3.26476140983632,1.6455287730705972E-14,-8.165395758590506,
1_1_2_1_LT05_013030_20011116,158.47957,50.0,25.14588,0.981,0.9888039,37211.633636342594,1005923546180,0.7483925549915398,17692,11.888535947152226,6.871459653951038,2.933766942227319,0.8887027190009608,64.8541202545166,37211.75,1005933600000,0.579998779296875,5.64539320734965,-5.262227282355877E-13,-4.430832299185822,
1_1_2_1_LT05_013030_20020511,133.5582,5.0,57.548836,0.981,1.0100586,37387.63187361111,1021129793880,0.9784686971235195,23131,16.570967557809297,8.15417308182052,1.8909188520355396,1.0885567933814682,32.45116424560547,37387.75,1021140000000,0.470001220703125,7.732067382394479,-3.9627902662471217E-13,-5.753722973267155,
1_2_1_LE07_013030_20020519,136.05827,64.0,60.646423,0.981,1.011776,37395.64000185185,1021821696160,0.3995346869712352,9445,12.7203297480278,6.423578839258615,0.9384028598435223,1.3067608779471946,29.35357666015625,37395.75,1021831200000,0.6899993896484375,4.818594599082903,-4.185538352842221E-13,-4.197536115430557,
1_2_1_LE07_013030_20020604,132.15964,11.0,62.574615,0.981,1.0145243,37411.63992893518,1023204089860,0.8040609137055837,19008,15.476150376531779,5.982874144144238,2.7927167954319336,1.1267702303530382,27.425384521484375,37411.75,1023213600000,1.8100006103515627,8.425210372671204,7.459226690027322E-13,-2.8312403565301576,
1_2_1_LE07_013030_20020620,129.52896,9.0,62.89206,0.981,1.0162051,37427.63984618056,1024586482710,1.0,23640,26.403137932574815,18.039482354340244,16.019657811101737,1.0781617291238548,27.107940673828125,37427.75,1024596000000,1.6600006103515625,7.757329306273112,-3.97346579777947E-12,-1.8733966237884125,
1_2_1_LE07_013030_20020706,129.262,25.0,61.81555,0.981,1.0167028,37443.63980451389,1025968879110,0.8662859560067682,20479,22.876362397917212,17.393245767217763,10.463110627971501,0.8818085488484562,28.1844482421875,37443.75,1025978400000,2.5,6.218035238896004,2.684914452731949E-13,-7.859001988919531,
1_2_1_LE07_013030_20020924,151.82014,20.0,42.602726,0.981,1.0030874,37523.63935150463,1032880839970,1.0,23640,20.799083607622364,16.878086231323785,14.930329533375103,0.343534947255167,47.397274017333984,37523.75,1032890400000,1.1200012207031251,11.413678310248262,-2.0191905265768266E-11,-5.669748342959558,
1_1_2_1_LT05_013030_20021018,153.3583,34.0,33.317223,0.981,0.9962377,37547.62897071759,1034953543070,0.6871827411167513,16245,11.888535157648208,9.784807811701782,0.30660616762795023,1.6675003880376122,56.682777404785156,37547.75,1034964000000,0.5399993896484375,1.2616053111820773,8.723990874630407E-13,-5.6840776242506275,
1_1_2_1_LT05_013030_20021103,155.68452,10.0,28.256168,0.981,0.9919311,37563.62869965278,1036335919650,0.9998307952622674,23636,8.492678177164771,6.525269599063569,-0.22699471483451197,1.2501410796269956,61.743831634521484,37563.75,1036346400000,0.2,1.5737492433159765,8.930734456880955E-13,-5.401201851484436,
1_2_1_LE07_013030_20021127,160.60228,88.0,23.29058,0.981,0.9866932,37587.639660416666,1038410466660,0.5236886632825719,12380,-2.8783483828284715,-5.2675645547180165,-8.90639038603478,1.0548700980940995,66.70941925048828,37587.75,1038420000000,0.2399993896484375,2.2649387599537545,-1.4911361520399082E-13,-3.449548752866594,
1_1_2_1_LT05_013030_20030615,125.438446,35.0,61.17897,0.981,1.0157787,37787.63104328704,1055689722140,0.9339255499153977,22078,19.74338793349402,14.206483159490379,9.473110424096102,0.8561949761855784,28.821029663085938,37787.75,1055700000000,1.279998779296875,6.466873700510396,-9.078643602526952E-15,-5.528381813780145,
1_1_2_1_LT05_013030_20030701,124.597824,14.0,60.565468,0.981,1.0166731,37803.631298611115,1057072144200,0.7268612521150593,17183,28.41494921511818,19.18775952027409,11.407354291686437,1.165386870552129,29.434532165527344,37803.75,1057082400000,2.3199996948242188,7.917705208462231,-1.1995696876380678E-12,-6.6762423922808605,
1_1_2_1_LT05_013030_20030717,126.32077,32.0,58.799263,0.981,1.0163524,37819.63148229167,1058454560070,0.7367174280879865,17416,23.28464214878028,18.460801056894592,13.311206981191324,0.6954505696840585,31.20073699951172,37819.75,1058464800000,2.4600006103515626,6.936281746202531,-2.7570509002619472E-12,-7.4046874072483915,
1_2_1_LE07_013030_20030725,132.22339,22.0,59.150646,0.981,1.0157402,37827.63986076389,1059146483970,0.6321065989847716,14943,22.871360228234504,17.693920700825757,14.381200955286902,0.6421056533654614,30.849353790283203,37827.75,1059156000000,2.070001220703125,8.063220593483782,-2.7287939990646207E-12,-5.1591505668513165,
1_1_2_1_LT05_013030_20030818,135.60092,53.0,52.55931,0.981,1.0122355,37851.63188738426,1061219395070,0.8554991539763114,20224,21.525234852435233,18.016744397295334,12.363811938447578,0.6793300518148817,37.44068908691406,37851.75,1061229600000,2.1,5.164633076023504,-4.134598111690579E-12,-8.321334296555142,
1_2_1_LE07_013030_20031013,156.70642,1.0,36.247646,0.981,0.9977285,37907.63960011574,1066058461450,0.8557106598984772,20229,15.476189032142923,12.69177108386913,11.598568034846,0.33074519461554197,53.75235366821289,37907.75,1066068000000,1.1209991455078125,8.418619510134981,-3.027886004881103E-12,-3.3052726594981015,
1_1_2_1_LT05_013030_20031021,155.38152,74.0,32.856586,0.981,0.9954717,37915.63255347222,1066749052620,0.5587563451776649,13209,10.927354670609008,9.189899160497017,7.003771813342159,0.5576562029740194,57.14341354370117,37915.75,1066759200000,1.9000000000000001,3.1156391713138296,1.4810068956787586E-13,-3.9202062767276473,
1_2_1_LE07_013030_20031114,160.6563,25.0,26.337984,0.981,0.9893585,37939.63990671297,1068823287940,0.8295685279187818,19611,6.403921956248315,3.89085180701071,-6.853251072718931,1.7977590054480104,63.66201591491699,37939.75,1068832800000,0.35000000000000003,1.3978904522919275,-6.864904148811365E-14,-5.976386627556988,
1_1_2_1_LT05_013030_20031122,158.29858,13.0,23.772104,0.981,0.9876741,37947.63286423611,1069513879470,1.0,23640,7.004865866484016,4.7838090323755145,3.966295507459186,0.3503685233064726,66.22789573669434,37947.75,1069524000000,0.6209991455078125,6.339201972677522,-7.276195658073341E-13,-2.3332961454452263,
1_1_2_1_LT05_013030_20040703,126.83015,13.0,61.20382,0.981,1.0167044,38171.635334722225,1088867692920,0.8460659898477157,20001,23.276838915024975,17.625811036597,11.408401923843007,0.9230638773689617,28.796180725097656,38171.75,1088877600000,1.8600006103515625,6.122033390078355,2.9353041952205733E-12,-6.735621732350389,
1_2_1_LE07_013030_20040711,129.954,15.0,61.24355,0.981,1.0165919,38179.640195370375,1089559312880,0.8581641285956007,20287,24.403336263294367,17.93102709232017,14.929771035853827,0.5287395955105263,28.756450653076172,38179.75,1089568800000,2.2800003051757813,12.24101471864394,1.0971657379103898E-11,-5.676246080206025,
1_1_2_1_LT05_013030_20041007,154.49493,0.0,37.785793,0.981,0.9992356,38267.636947569445,1097162232270,1.0,23640,17.48652755831627,14.232355994848488,13.31271171785298,0.31105247175632234,52.21420669555664,38267.75,1097172000000,1.5899993896484377,10.46180904814378,1.2502404433080272E-11,-2.956556724345705,
1_1_2_1_LT05_013030_20041108,159.54793,5.0,27.577919,0.981,0.9905786,38299.63741226852,1099927072420,0.9382402707275804,22180,7.999022748751746,6.504735917677017,-4.044224940292973,1.303678074035023,62.422080993652344,38299.75,1099936800000,0.479998779296875,1.1462084550135536,3.257676229265933E-13,-8.091691551826004,
1_1_2_1_LT05_013030_20050503,139.43025,61.0,57.041206,0.981,1.0082058,38475.63897048611,1115133607050,0.6771573604060914,16008,13.784263092396518,5.331706239940854,-2.390248096566457,1.330763868902234,32.95879364013672,38475.75,1115143200000,0.75,6.351657908647834,5.678312881159213E-13,-5.802648025661577,
1_2_1_LE07_013030_20050511,138.28519,21.0,59.240284,0.981,1.010108,38483.640632407405,1115824950640,0.7399323181049069,17492,19.75789974872087,11.496463503410732,4.009966050024764,1.146971665550208,30.759716033935547,38483.75,1115834400000,2.3000000000000003,7.202825050910988,-3.543973110818373E-13,-6.527186048484169,
1_1_2_1_LT05_013030_20050519,135.55165,50.0,60.563602,0.981,1.0118195,38491.63903599537,1116516012710,0.8552876480541455,20219,18.844803269267608,8.98296387217354,0.30660576003469703,1.4136420815674076,29.436397552490234,38491.75,1116525600000,0.9,6.976192577798427,5.590294365063037E-13,-6.137591845397482,
1_1_2_1_LT05_013030_20050604,131.75409,2.0,62.48057,0.981,1.0145541,38507.63913425926,1117898421200,1.0,23640,25.865758062202083,17.314444529819077,15.185661638620765,1.1311064595972455,27.519428253173828,38507.75,1117908000000,1.9799987792968752,7.560131462274455,1.3771407012090989E-12,-1.8820358359161975,
1_1_2_1_LT05_013030_20050620,129.23776,16.0,62.798264,0.981,1.016219,38523.63921446759,1119280828130,0.9982233502538072,23598,24.57486851289633,17.539763225188263,15.185807489263878,0.6626591429033938,27.201736450195312,38523.75,1119290400000,1.7399993896484376,10.616476604977114,1.6255765040257154E-12,-3.5522874182504993,
1_2_1_LE07_013030_20050730,133.92348,25.0,58.214424,0.981,1.0151521,38563.64048356481,1122736937780,0.7579526226734349,17918,25.404802812365315,19.084851335885254,14.381464473818408,0.6510113713426819,31.78557586669922,38563.75,1122746400000,1.7899993896484376,9.707897211450303,1.0297599039070442E-12,-7.224738413349556,
1_1_2_1_LT05_013030_20050807,135.87607,46.0,56.3862,0.981,1.0140613,38571.63950706019,1123428053410,0.6215736040609137,14694,21.52219071885778,13.091629889561826,2.933547979561495,2.7082256398376883,33.613800048828125,38571.75,1123437600000,1.6899993896484375,3.1129462424708527,1.0732887231950247E-13,-3.7508255444362213,
1_1_2_1_LT05_013030_20050823,141.32564,30.0,52.4232,0.981,1.0111232,38587.63957048611,1124810458890,0.8349407783417936,19738,23.279549146444243,18.286756098504178,10.926941753827178,0.9986396047490058,37.57680130004883,38587.75,1124820000000,2.0899993896484377,4.999594472517375,2.0168656815483664E-12,-7.369840240340545,
1_1_2_1_LT05_013030_20050924,152.05165,0.0,42.54926,0.981,1.0030249,38619.63958263889,1127575259940,1.0,23640,19.294546370557086,17.015831589546632,13.784231182615683,0.5228715992205282,47.450740814208984,38619.75,1127584800000,0.9500000000000001,4.358077173071653,-6.062193406059317E-12,-6.180485633085568,
1_2_1_LE07_013030_20051002,154.46365,4.0,39.863857,0.981,1.0007467,38627.64025185185,1128266517760,0.848181049069374,20051,18.701809935316998,15.190236502729654,14.380842652501169,0.3975560371088696,50.13614273071289,38627.75,1128276000000,2.369999694824219,8.832901791969793,5.478221674700263E-13,-2.035923931918143,
1_2_1_LE07_013030_20051103,160.2051,66.0,29.326096,0.981,0.9918757,38659.64046689815,1131031336340,0.7973773265651438,18850,6.403052650879929,2.6882649785213397,-1.5895566235880496,1.43376733725382,60.67390441894531,38659.75,1131040800000,1.8399993896484377,2.590927813625427,1.2082641922775242E-13,-2.9836232776113842,
1_1_2_1_LT05_013030_20051111,160.59094,41.0,27.027407,0.981,0.989933,38667.63973090278,1131722472750,0.9315989847715737,22023,6.50438018318096,3.2539089879059584,-5.7267780539871245,2.410296379288631,62.97259330749512,38667.75,1131732000000,0.3899993896484375,1.348577387912078,5.5408561537327735E-14,-3.7259679428069425,
1_2_1_LE07_013030_20051119,161.00427,18.0,25.013296,0.981,0.9881811,38675.64056759259,1132413745040,0.8630287648054146,20402,4.614144095419129,3.200635572923511,-2.231779436791967,0.7673595390865481,64.98670387268066,38675.75,1132423200000,0.9500000000000001,1.8420420291878237,8.756425779046937E-16,-7.079360759862494,
1_2_1_LE07_013030_20060701,129.4872,9.0,62.450287,0.981,1.0166757,38899.64083078704,1151767367780,0.843020304568528,19929,24.90684118176681,17.515817390846685,16.560839195052843,0.515207108167425,27.549713134765625,38899.75,1151776800000,2.1399993896484375,14.345733344420962,1.4763742081652647E-12,-1.8535811728038238,
1_1_2_1_LT05_013030_20060911,149.88599,3.0,47.44752,0.981,1.0066447,38971.643497916666,1157988398220,0.9920896785109983,23453,17.0294244585203,13.27589730094337,6.001478054611175,0.861378052355417,42.5524787902832,38971.75,1157997600000,0.9399993896484375,4.357583928813837,-1.7027852180077536E-12,-8.445094725179583,
1_1_2_1_LT05_013030_20060927,154.75151,19.0,42.10804,0.981,1.0022492,38987.64363402778,1159370809980,0.7275380710659899,17199,17.030055440801185,13.192314291888282,3.9659001674019674,1.4160204123345497,47.89196014404297,38987.75,1159380000000,1.75,2.7102301036647742,-5.01114852887232E-13,-6.515735256439564,
1_2_1_LE07_013030_20061005,155.29178,22.0,38.949932,0.981,0.9999597,38995.64041944445,1160061732240,0.6585871404399323,15569,13.830697289407356,11.716761784388405,2.7929094515797592,1.7776593480006544,51.05006790161133,38995.75,1160071200000,0.9709991455078125,1.1891679400760942,1.1692786778734157E-12,-5.0200013533781735,
1_1_2_1_LT05_013030_20061013,158.5603,1.0,36.58574,0.981,0.9976656,39003.643765277775,1160753221320,1.0,23640,12.365408090064317,11.476494122451015,7.004865866484016,0.6489451463317014,53.41426086425781,39003.75,1160762400000,0.6209991455078125,1.3697829048234271,2.5366110825772037E-12,-6.8906105257799,
1_2_1_LE07_013030_20061021,158.59012,31.0,33.531536,0.981,0.9954106,39011.64061134259,1161444148820,0.7723350253807106,18258,10.465721608841188,8.787071421864272,0.31249669585461015,1.5572389474094153,56.46846389770508,39011.75,1161453600000,0.4709991455078125,1.0779657096102537,4.697895524993355E-13,-5.44205161327859,
1_2_1_LE07_013030_20070501,140.95476,32.0,56.695316,0.981,1.0075723,39203.641211458336,1178033000670,0.8579103214890017,20281,5.214174779675183,-2.345921946771467,-4.184835308283649,1.0991811315181268,33.304683685302734,39203.75,1178042400000,0.7100006103515626,6.877935318999765,2.55694732886518E-13,-1.6729848327840005,
1_1_2_1_LT05_013030_20070509,140.91443,29.0,59.215073,0.981,1.0095274,39211.64407337963,1178724447940,1.0,23640,26.286653069589136,12.564564062733975,7.998107458915174,2.1763213306688005,30.784927368164062,39211.75,1178733600000,1.6899993896484375,6.305175992847644,-2.03617671434352E-13,-2.098245575902844,
1_1_2_1_LT05_013030_20070525,136.94174,1.0,62.245613,0.981,1.0128657,39227.64394386574,1180106836750,0.9800338409475465,23168,25.867337949617262,15.50618671057339,13.783203652613222,1.6245304165716123,27.75438690185547,39227.75,1180116000000,2.0600006103515627,6.37793613055883,4.764996190432575E-13,-1.060603753788943,
1_1_2_1_LT05_013030_20070610,133.32568,70.0,63.630566,0.981,1.0152515,39243.64377696759,1181489222330,0.7096023688663282,16775,15.185446808469935,10.125580935569513,3.9655343363245557,2.068389655149474,26.369434356689453,39243.75,1181498400000,2.25,2.4462827206195668,-1.0122357008530465E-13,-2.978184784433084,
1_2_1_LE07_013030_20070618,130.30353,27.0,63.148376,0.981,1.0160326,39251.64108136574,1182180189430,0.5836717428087986,13798,21.32044286347961,14.47309504329372,8.743070837765291,1.6030931022677162,26.85162353515625,39251.75,1182189600000,1.529998779296875,4.271335089958103,3.2549746545974505E-13,-3.5743552245485963,
1_1_2_1_LT05_013030_20070712,131.9993,15.0,61.91174,0.981,1.0165832,39275.64346875,1184253995700,0.7042301184433164,16648,25.857767532563102,17.64416356191022,9.959993638207163,1.156755301763916,28.088260650634766,39275.75,1184263200000,1.5,7.100554419874369,-1.267035556122643E-12,-6.6428655325682096,
1_2_1_LE07_013030_20070805,135.72513,0.0,57.131466,0.981,1.0144331,39299.64096736111,1186327379580,0.8556260575296109,20227,26.400102849524288,21.374141418120747,18.69932003390549,0.3528184296043093,32.868534088134766,39299.75,1186336800000,1.4600006103515626,14.245178283459357,-1.0071659228585441E-11,-7.581297233296756,
1_1_2_1_LT05_013030_20070813,139.75162,49.0,55.791782,0.981,1.0131619,39307.64324513889,1187018776380,0.8990693739424704,21254,22.837232151401704,18.780587787141588,15.18592082440094,0.5539199442147597,34.20821762084961,39307.75,1187028000000,1.470001220703125,7.323521036980966,-7.709598394215144E-12,-6.489506291087732,
1_1_2_1_LT05_013030_20070914,150.54677,30.0,46.49819,0.981,1.0059195,39339.643047453705,1189783559300,1.0,23640,20.193490532894092,16.37710303204933,15.649433647917126,0.33684041319765395,43.501808166503906,39339.75,1189792800000,2.0899993896484377,11.329957307127962,2.1363870834420788E-11,-2.160279335915718,
1_2_1_LE07_013030_20071125,161.08498,37.0,23.810648,0.981,0.9871101,39411.64103900463,1196004185770,0.8716159052453468,20605,4.010638964594676,2.443139647175156,-2.878441288285034,0.6424918892074266,66.18935203552246,39411.75,1196013600000,1.05,2.4397184520931092,-3.706473514733406E-13,-8.282720801386075,
1_1_2_1_LT05_013030_20080511,137.91458,0.0,59.173996,0.981,1.0101572,39579.639940277775,1210519290840,1.0,23640,19.2941931228389,9.481893993461581,7.5030602515819975,1.3958281559158936,30.826004028320312,39579.75,1210528800000,0.7399993896484376,7.029732913604135,-1.4660249524072756E-12,-1.4176771929214609,
1_1_2_1_LT05_013030_20080527,133.74326,48.0,61.824757,0.981,1.0133471,39595.639646875,1211901665490,0.2746615905245347,6493,22.399036311243393,12.515132628862407,7.502672691670081,1.5424076316730628,28.175243377685547,39595.75,1211911200000,1.329998779296875,6.40810086738214,1.8600414386359547E-13,-3.249763444022426,
1_1_2_1_LT05_013030_20080612,130.20898,1.0,62.828243,0.981,1.015551,39611.63934780093,1213284039650,1.0,23640,25.422846596578747,17.473427221675088,15.185907080118817,0.8199177364227965,27.171756744384766,39611.75,1213293600000,0.5600006103515626,9.695386526928944,-5.5877064188648274E-12,-2.789938599860578,
1_2_1_LE07_013030_20080706,129.53622,27.0,61.854122,0.981,1.0166967,39635.640555555554,1215357744000,0.8400592216582065,19859,26.90891698534115,20.41818088651498,16.56081448226527,0.7110396482320362,28.145877838134766,39635.75,1215367200000,2.0899993896484377,9.1285150061112,-1.2012427732186449E-14,-5.424966686233116,
1_1_2_1_LT05_013030_20080815,137.85106,70.0,54.173134,0.981,1.0126687,39675.638055902775,1218813528030,0.44615059221658204,10547,17.030451887136753,13.972416911877962,9.471486690401488,1.0592521538506083,35.826866149902344,39675.75,1218823200000,2.2,2.8869754610761738,-3.5069121187167735E-13,-4.249158432309653,
1_2_1_LE07_013030_20080823,141.63443,6.0,52.3904,0.981,1.0110754,39683.64027280093,1219504919570,0.8662013536379018,20477,25.413326264756385,19.47928819862705,18.169949900829483,0.5555240280167582,37.60960006713867,39683.75,1219514400000,2.2899993896484374,10.681874710827678,-9.995009276801654E-13,-2.3569426915194898,
1_1_2_1_LT05_013030_20080831,143.34254,6.0,49.79288,0.981,1.0092744,39691.637762384256,1220195902670,0.8566835871404399,20252,23.274766143335466,17.858035447899077,8.983288963682906,0.9177087432077209,40.20711898803711,39691.75,1220205600000,1.6600006103515625,5.9024507890193725,-3.493798283925342E-12,-9.670548035965913,
1_2_1_LE07_013030_20080908,147.18657,12.0,47.670723,0.981,1.0072978,39699.64018194444,1220887311720,0.6902284263959391,16317,20.803171619291984,16.989252248885535,10.46428031901693,0.7357162849212685,42.32927703857422,39699.75,1220896800000,1.9799987792968752,5.183953989566222,1.9744985451085915E-12,-8.868869785269009,
1_1_2_1_LT05_013030_20080916,148.64572,58.0,44.807903,0.981,1.0051808,39707.63744675926,1221578275400,0.28286802030456853,6687,16.111443831057457,12.887442779198775,7.50239802751145,1.8427088989042208,45.19209671020508,39707.75,1221588000000,1.5709991455078125,1.7495986771300969,-4.572393692275012E-15,-2.9223523883178606,
1_2_1_LE07_013030_20081010,156.32909,0.0,36.993324,0.981,0.9983859,39731.63992071759,1223652089150,0.8761421319796955,20712,16.019589256292104,12.993656886289942,12.160584898020398,0.385510338304344,53.006675720214844,39731.75,1223661600000,1.35,7.8491601115332905,-8.36378274188862E-12,-2.1609588783890663,
1_1_2_1_LT05_013030_20081018,156.56749,9.0,33.981457,0.981,0.9961141,39739.63672824074,1224343013320,0.9552453468697123,22582,11.4096610367384,8.977166088123845,-0.22699471730159326,1.9236428226054703,56.0185432434082,39739.75,1224352800000,0.6399993896484375,1.2645252642691085,-1.1132274959467339E-12,-4.78475561952759,
1_2_1_LE07_013030_20081026,159.20372,3.0,31.677132,0.981,0.9939112,39747.640112037036,1225034505680,0.8680626057529611,20521,12.72025477068901,10.275269475510413,8.743602932578769,0.34964168109021404,58.32286834716797,39747.75,1225044000000,0.9709991455078125,6.992831311057978,7.507229114463474E-12,-4.3806749188362515,
1_2_1_LE07_013030_20081111,160.68654,86.0,26.93093,0.981,0.9898826,39763.64027962963,1226416920160,0.4165820642978003,9848,6.403874075517961,3.740882554827338,-2.2317562310068157,1.7663428409135304,63.06907081604004,39763.75,1226426400000,0.7299987792968751,1.5076300359183707,-3.8417100065243455E-14,-3.3813587303046893,
1_2_1_LE07_013030_20081127,160.83076,60.0,23.219679,0.981,0.9866177,39779.64042060185,1227799332340,0.8042724196277495,19013,3.4036449680044396,1.8174622093725061,-6.85344341797401,0.796211904119756,66.78032112121582,39779.75,1227808800000,0.7000000000000001,1.9921615720949586,5.662377803853788E-13,-10.890198428937769,
1_2_1_LE07_013030_20090522,135.96068,7.0,61.416122,0.981,1.0123974,39955.64120648148,1243005800240,0.8419204737732656,19903,24.395560333593473,12.165074635742249,9.319823202855297,1.5844856156600087,28.583877563476562,39955.75,1243015200000,1.7209991455078126,7.7188997974946485,9.992317092734095E-13,-1.795694075582869,
1_1_2_1_LT05_013030_20090530,133.12552,50.0,62.153744,0.981,1.0137994,39963.63953356481,1243696855700,0.6712774957698816,15869,19.295919155957304,12.397278973011298,7.5024605601453835,0.9933875280667307,27.846256256103516,39963.75,1243706400000,1.5209991455078127,6.944560896966073,1.2862723234025218E-12,-4.927400711776508,
1_1_2_1_LT05_013030_20090903,145.83841,53.0,49.46065,0.981,1.0086151,40059.640626388886,1251991350120,0.4881133671742809,11539,19.745581377275915,10.871546762557607,3.965809538240941,2.0994686516624856,40.53934860229492,40059.75,1252000800000,1.8899993896484375,4.2268002466678,1.3240407355619077E-13,-3.289278560481619,
1_1_2_1_LT05_013030_20090919,151.19208,14.0,44.38442,0.981,1.0044302,40075.640774074076,1253373762880,0.7266497461928934,17178,15.185982601095404,13.113910275758832,3.9662554895317355,1.830965780391064,45.61558151245117,40075.75,1253383200000,0.8899993896484375,1.1316827149516753,-5.736057919831717E-13,-4.996081786014215,
1_1_2_1_LT05_013030_20091005,155.65797,66.0,38.96547,0.981,0.9998961,40091.6409037037,1254756174080,0.39830795262267343,9416,13.783920344492717,10.213572448603255,3.9660490288868164,1.2935423590129522,51.03453063964844,40091.75,1254765600000,1.4799987792968752,2.760132183544298,-8.201511499703595E-13,-4.829778766954073,
1_1_2_1_LT05_013030_20091021,158.8996,36.0,33.536015,0.981,0.9953496,40107.64101331019,1256138583550,0.8065566835871404,19067,11.408709700507393,8.145060346422456,4.988273329694839,0.5640558594633078,56.463985443115234,40107.75,1256148000000,1.6899993896484375,5.786039271341421,1.640521323450748E-12,-5.596585805759133,
1_1_2_1_LT05_013030_20091122,161.29596,27.0,24.420465,0.981,0.9875894,40139.64117662037,1258903397660,0.9999153976311337,23638,7.503087772591925,5.818013345125558,4.478767496582545,0.30975493555481703,65.57953453063965,40139.75,1258912800000,0.6299987792968751,5.440024464656711,3.792559983209312E-12,-4.323565809029724,
1_1_2_1_LT05_013030_20100501,141.27509,37.0,56.842155,0.981,1.0076278,40299.641472222225,1272727423200,0.545600676818951,12898,17.03035194980726,8.934380082680692,6.000404225535447,1.1146298531836336,33.15784454345703,40299.75,1272736800000,2.0899993896484377,7.263372539325636,1.9144459321056607E-13,-2.632242307852378,
1_1_2_1_LT05_013030_20100517,137.473,36.0,60.58407,0.981,1.0113477,40315.641442939814,1274109820670,1.0,23640,20.634197442518694,9.080229391241016,7.004654963786377,1.582919077163574,29.415931701660156,40315.75,1274119200000,1.1100006103515625,7.299152697041965,1.4645915448416678E-13,-1.3112321769308963,
1_1_2_1_LT05_013030_20100602,133.53642,4.0,62.7411,0.981,1.0142215,40331.64138136574,1275492215350,0.9524534686971236,22516,24.585511855232472,17.9385994996614,13.782600584111933,0.8502558634017221,27.258899688720703,40331.75,1275501600000,2.4000000000000004,7.817543685000842,-7.759823054666699E-13,-4.887939142133119,
1_1_2_1_LT05_013030_20100618,130.6833,5.0,63.26366,0.981,1.0160488,40347.64133240741,1276874611120,0.9931472081218274,23478,25.873893702077,15.275198620094306,7.002948888710261,1.8264172599644148,26.736339569091797,40347.75,1276884000000,2.3600006103515625,5.802997657933432,-1.4905636615445954E-12,-4.529222271774424,
1_2_1_LE07_013030_20100712,131.44896,25.0,61.67454,0.981,1.0165741,40371.64243958333,1278948306780,0.44175126903553297,10443,26.418695628847864,20.86363941458212,2.792474497943597,1.4584190336786775,28.325458526611328,40371.75,1278957600000,2.4300003051757812,3.8089575670538367,5.654115302677537E-13,-12.390927778182032,
1_2_1_LE07_013030_20100829,144.92148,0.0,51.27657,0.981,1.0098616,40419.642474189815,1283095509770,0.8618443316412859,20374,26.898975713615716,19.98875779419468,18.699594773878736,0.7352833325403785,38.72343063354492,40419.75,1283104800000,1.579998779296875,9.398034218382827,2.58662303801513E-12,-1.7532874244026848,
1_1_2_1_LT05_013030_20100906,146.95941,28.0,48.65948,0.981,1.0079366,40427.641073032406,1283786588710,0.8856598984771573,20937,20.193601952562783,16.871784954127413,8.490992888155953,0.9445426462697322,41.340518951416016,40427.75,1283796000000,2.1100006103515625,3.516852321654476,1.5670489693572558E-13,-8.872857249029035,
1_2_1_LE07_013030_20100914,150.319,61.0,46.316654,0.981,1.00586,40435.64248819444,1284477910980,0.5936125211505923,14033,16.56057526205112,13.4408785729133,5.810198581258393,1.9144234139076106,43.683345794677734,40435.75,1284487200000,1.629998779296875,1.6295750806610096,3.993414984673873E-14,-3.985889399503114,
1_1_2_1_LT05_013030_20101008,156.24246,3.0,37.99199,0.981,0.9991087,40459.640914351854,1286551375000,1.0,23640,15.185682190913685,12.011006502105149,11.40822163887035,0.3117524933993467,52.00801086425781,40459.75,1286560800000,1.9500000000000002,10.183320922927987,3.7829559636872655E-12,-1.9335366227934143,
1_2_1_LE07_013030_20101117,161.89937,75.0,25.781836,0.981,0.9886641,40499.642815162035,1290007539230,0.8904822335025381,21051,8.742880966908912,6.1412750157688505,4.613795786633201,0.41406512809337054,64.21816444396973,40499.75,1290016800000,1.6700012207031252,6.283083927206269,1.0330665806796173E-13,-3.6889830258567615,
1_2_1_LE07_013030_20110512,139.9514,25.0,59.865025,0.981,1.0102063,40675.643387268516,1305213988660,0.8492808798646362,20077,20.278462118340453,9.622096770255665,6.403474331352776,1.3060048184881947,30.13497543334961,40675.75,1305223200000,1.4299987792968751,8.159514572404401,-7.458396310508627E-13,-2.4644797579144475,
1_1_2_1_LT05_013030_20110621,129.85707,3.0,63.015804,0.981,1.0162461,40715.64040833333,1308669731280,1.0,23640,25.440780609205984,17.30645443281501,16.111475920084622,0.8501679651012609,26.984195709228516,40715.75,1308679200000,2.129998779296875,9.567904826221158,3.927711302785077E-12,-1.405579322890691,
1_2_1_LE07_013030_20110629,131.19823,49.0,63.20413,0.981,1.0166218,40723.64334328704,1309361184860,0.8455160744500846,19988,24.910636053966467,17.843491545984268,16.019693999060557,0.6684032915470055,26.79587173461914,40723.75,1309370400000,2.3600006103515625,10.573174305628328,3.726886154874551E-12,-2.728588518321879,
1_1_2_1_LT05_013030_20110707,129.69344,16.0,61.868656,0.981,1.0166934,40731.64033854166,1310052125250,0.42779187817258885,10113,22.398555129867972,18.15655774790479,11.409307323622375,0.9643357325200375,28.131343841552734,40731.75,1310061600000,1.25,4.39888022284297,7.182780930607922E-13,-6.996785659544373,
1_2_1_LE07_013030_20110715,132.33632,16.0,61.469967,0.981,1.0164593,40739.64334351852,1310743584880,0.8661167512690355,20475,26.91004926808787,19.909879428755367,18.70109219811766,0.5793594839217894,28.530033111572266,40739.75,1310752800000,2.1399993896484375,12.082601620581206,9.48470426139593E-12,-2.08642002795088,
1_2_1_LE07_013030_20110731,135.80113,12.0,58.693363,0.981,1.0150965,40755.64330474537,1312125981530,0.8863790186125211,20954,26.413186930598716,20.956321193585598,20.2820347238755,0.4936843565444918,31.306636810302734,40755.75,1312135200000,2.1899993896484378,11.053349502925428,1.1647053539411461E-11,-1.3658250677208343,
1_1_2_1_LT05_013030_20111011,156.32689,1.0,36.93492,0.981,0.9983227,40827.63954097222,1318346456340,1.0,23640,17.029570380110282,13.928486993158213,13.31311249311821,0.31320355141353523,53.06507873535156,40827.75,1318356000000,1.1399993896484375,9.901175682575785,-6.341555778127894E-12,-1.9647749754519852,
1_2_1_LE07_013030_20111104,161.45084,16.0,29.457754,0.981,0.9917652,40851.64327418982,1320420378890,0.8513113367174281,20125,8.163610312224417,7.178313395752045,-4.184772949667951,1.0861642139692032,60.542245864868164,40851.75,1320429600000,0.35000000000000003,0.9071343944133198,-9.417793877027585E-13,-10.46166518771183,
1_1_2_1_LT05_013030_20111112,160.39133,32.0,26.826258,0.981,0.9898324,40859.639191319446,1321111226130,0.9974619289340102,23580,6.504205342677451,5.562472355520062,0.8374378058186229,0.6546079542189189,63.17374229431152,40859.75,1321120800000,1.0600006103515625,1.4386213627377453,-2.3311127407181976E-12,-7.218113558273777,
1_2_1_LE07_013030_20120615,132.6231,0.0,63.820877,0.981,1.0158358,41075.64397025463,1339774039030,0.873181049069374,20642,25.39744362172722,17.601820678876848,16.01954125677202,0.7231115397408118,26.179122924804688,41075.75,1339783200000,1.1899993896484375,10.7806645509275,-3.0125469701105305E-12,-2.1881540193259434,
1_2_1_LE07_013030_20120818,142.40648,36.0,54.526978,0.981,1.0121038,41139.64448888889,1345303683840,0.6520727580372251,15415,25.4004884508319,19.992646314151145,6.993186235305255,0.9227500558083083,35.4730224609375,41139.75,1345312800000,1.470001220703125,5.860570912611442,-1.6763338523080818E-13,-14.087736973864125,
1_2_1_LE07_013030_20120903,147.98201,1.0,49.956173,0.981,1.0085604,41155.64460613426,1346686093970,0.8937394247038917,21128,23.382084022214574,18.92318542109505,18.16926619746105,0.40543454045549787,40.043827056884766,41155.75,1346695200000,1.9899993896484376,10.997826174627448,-5.842629570670041E-12,-1.8595337801929415,
1_2_1_LE07_013030_20120919,153.18295,9.0,44.786755,0.981,1.0043688,41171.644696296295,1348068501760,0.8891285956006768,21019,19.7521760656524,16.47647287173854,8.74377208871985,0.6400102612134132,45.2132453918457,41171.75,1348077600000,0.479998779296875,5.11820417957575,1.140086599964365E-12,-12.082151258572088,
1_2_1_LE07_013030_20121021,160.55864,56.0,33.807644,0.981,0.9952887,41203.64492939815,1350833321900,0.5122250423011845,12109,11.59814094068349,8.7690636109221,2.7927957663207024,1.2251530928274605,56.19235610961914,41203.75,1350842400000,1.5399993896484376,2.309162296796986,3.8067529145930046E-13,-4.87797637665764,
1_2_1_LE07_013030_20121106,162.29822,0.0,28.780134,0.981,0.9910839,41219.64495046296,1352215723720,0.8867597292724196,20963,9.32080907412421,7.626435855738456,1.5603973957108517,0.9115404734990581,61.219865798950195,41219.75,1352224800000,0.5399993896484375,1.8588019595901184,-1.5996505897247421E-12,-6.6547110483667105,
1_2_1_LE07_013030_20121122,162.69164,0.0,24.671196,0.981,0.9875474,41235.64505775463,1353598132990,0.892005076142132,21087,7.580067261886198,5.1299271785417675,2.7928994767082047,0.3779944754593195,65.32880401611328,41235.75,1353607200000,1.0399993896484376,6.4819468072043795,-5.2589875460050846E-12,-6.1827033291788895,
1_2_1_LE07_013030_20130501,143.24661,0.0,57.49223,0.981,1.0076833,41395.64500474537,1367422128410,0.8643824027072758,20434,23.37766892562808,10.902346645973779,6.993104165843643,1.945848355251432,32.50777053833008,41395.75,1367431200000,1.55,6.411251034021254,-6.008600505214745E-13,-2.0090170282694024,
1_2_1_LE07_013030_20130517,139.53268,34.0,61.252213,0.981,1.011393,41411.644977083335,1368804526020,0.6410321489001692,15154,17.63420600133371,9.889116485429492,5.214080488373099,0.9132370823624497,28.747787475585938,41411.75,1368813600000,1.020001220703125,8.480918772886962,8.411770530317808E-13,-5.1191920338610855,
2_1_LC08_013030_20130712,135.5364,23.91,62.93598,0.981,1.0165613,41467.6492255787,1373643293090,0.39581218274111674,9357,19.47812677133782,13.923185871349915,-6.508105351176371,3.414232056234886,27.06401824951172,41467.75,1373652000000,1.1500000000000001,1.626995707524851,-2.8661464783457046E-14,-5.984154236152686,
1_2_1_LE07_013030_20130805,138.06842,0.0,57.74016,0.981,1.0143673,41491.64454861111,1375716489000,0.8743231810490694,20669,22.867137584299513,18.959961669753284,12.160276811470768,0.5157774697307107,32.25983810424805,41491.75,1375725600000,1.6200012207031251,7.57531327722822,-3.685529309024794E-12,-13.183369296515911,
1_2_1_LE07_013030_20130906,148.99937,2.0,49.120106,0.981,1.0078804,41523.64475717593,1378481307020,0.8988155668358714,21248,21.8376041256377,17.27435404828412,12.719881768041148,1.0651176739786679,40.8798942565918,41523.75,1378490400000,1.4799987792968752,4.284268479282574,1.0487059838625015E-12,-4.276027326849324,
2_1_LC08_013030_20130930,158.19667,3.88,41.541733,0.981,1.0013444,41547.64914849537,1380555286430,0.9327834179357022,22051,19.79049410792216,15.698660745179046,10.722205458040445,0.6146340019154005,48.45826721191406,41547.75,1380564000000,1.6,6.657349495783872,-1.9166879672207132E-13,-8.096615663354678,
1_2_1_LE07_013030_20131008,158.17659,1.0,38.345352,0.981,0.9990453,41555.645015856484,1381246129370,0.893824027072758,21130,15.476154211244312,13.762301435110908,11.598688821394994,0.36892499405579066,51.65464782714844,41555.75,1381255200000,0.929998779296875,4.645531757802852,-3.785191712811389E-12,-5.864640912317049,
1_2_1_LE07_013030_20131109,162.52426,58.0,28.00847,0.981,0.9904225,41587.645178935185,1384010943460,0.878087986463621,20758,7.580152059497685,5.967075540806036,-3.5294181198220658,1.1349095206196402,61.99152946472168,41587.75,1384020000000,0.8899993896484375,1.4213260963842635,1.266382772103826E-13,-8.36762181309677,
1_2_1_LE07_013030_20131125,162.70673,26.0,24.10748,0.981,0.9870306,41603.64524097222,1385393348820,0.8918358714043993,21083,4.010714033262677,1.9741234710952558,-6.853433591387785,1.2749262230827947,65.89252090454102,41603.75,1385402400000,0.6899993896484375,1.5974183645253672,-4.543503447720588E-13,-6.923974817254797,
2_1_LC08_013030_20140512,142.35692,2.84,60.591198,0.981,1.010217,41771.64755347222,1399908748620,1.0,23640,22.70772495536324,10.470034298141098,8.7907930103772,1.896745256290119,29.408802032470703,41771.75,1399917600000,1.529998779296875,6.45194214491306,-1.283699740996524E-14,-0.8853277909593185,
1_2_1_LE07_013030_20140520,139.5125,2.0,61.93332,0.981,1.0119492,41779.646006828705,1400599814990,0.8730964467005076,20640,20.278975809279903,10.183086368868159,7.5795974615494055,1.1445834933218877,28.066680908203125,41779.75,1400608800000,1.5600006103515627,8.820579275619965,3.0188413299199863E-13,-2.2746168562703377,
1_2_1_LE07_013030_20140808,139.8701,13.0,57.40529,0.981,1.0139557,41859.64621643518,1407511833100,0.8480964467005077,20049,23.8904678625695,18.58673951267552,15.476126332990793,0.42282173056107314,32.59471130371094,41859.75,1407520800000,1.9000000000000001,12.543651299227394,1.3570836471712439E-11,-7.356795913864285,
2_1_LC08_013030_20140917,154.009,15.89,45.995827,0.981,1.0050675,41899.64793472222,1410967981560,0.8657783417935703,20467,18.596530434925796,15.266049510521928,5.552613980051329,1.067632292773556,44.004173278808594,41899.75,1410976800000,1.579998779296875,3.1195018612183,1.0414365816987362E-13,-9.098109523491914,
2_1_LC08_013030_20141003,158.31999,0.02,40.458096,0.981,1.0005507,41915.64796851852,1412350384480,1.0,23640,18.26590561259375,14.976617285731592,13.78697164613747,0.19827420669266055,49.54190444946289,41915.75,1412359200000,1.3700012207031251,16.58959267435523,4.999109961558172E-13,-6.00000201457449,
1_2_1_LE07_013030_20141027,161.97131,40.0,32.13336,0.981,0.9937933,41939.64652962963,1414423860160,0.677834179357022,16024,11.033367458585614,8.702171043906533,0.9383931653515947,1.4222099063213764,57.86663818359375,41939.75,1414432800000,1.2300000190734863,1.6391366733683128,-7.198184283778942E-13,-5.458953593310549,
2_1_LC08_013030_20141120,163.79796,37.96,25.451115,0.981,0.9880979,41963.64795,1416497582880,0.9925549915397631,23464,4.665131059967107,3.6605131294758033,-4.096578847514884,0.8265381824300223,64.54888534545898,41963.75,1416506400000,0.3200000047683716,1.2154525366725677,7.259958598162369E-14,-9.38503766902194,
1_2_1_LE07_013030_20141128,163.13995,47.0,23.682423,0.981,0.9865431,41971.6466912037,1417188674120,0.6241962774957699,14756,2.1785710827354636,-1.9413440577989112,-16.11462746760575,3.194392847503717,66.31757736206055,41971.75,1417197600000,0.35999999046325687,1.2897333976169882,-6.625743622526075E-14,-4.436925602586,
1_2_1_LE07_013030_20150507,143.52887,0.0,59.352432,0.981,1.0090339,42131.6473994213,1431012735310,0.8872673434856176,20975,19.754053152833855,9.764550558441357,6.4035561623247235,1.6733279822425116,30.647567749023438,42131.75,1431021600000,1.3300000190734864,5.969841358300277,-5.59510435978816E-13,-2.0085688112454765,
1_2_1_LE07_013030_20150523,139.78596,0.0,62.641277,0.981,1.0124792,42147.64746875,1432395141300,0.8793570219966159,20788,18.698383875248673,10.172846210760126,5.810633222085258,0.9213028471061349,27.358722686767578,42147.75,1432404000000,0.9800000190734863,9.253784128929755,1.0038639016066188E-12,-4.73483068284965,
1_2_1_LE07_013030_20150624,133.98425,13.0,64.32255,0.981,1.0164187,42179.64756747685,1435159949830,0.8206006768189509,19399,26.406043873738653,18.067319709530697,13.276135084501346,0.8203837548747774,25.677452087402344,42179.75,1435168800000,1.8299999237060547,10.164418925482954,3.606258209335667E-12,-5.840174913947037,
2_1_LC08_013030_20150702,133.72997,38.16,63.768753,0.981,1.0166498,42187.64743414352,1435851138310,0.8478003384094754,20042,23.015579702275147,17.69767016165451,9.887307509832109,0.7651794348985719,26.231246948242188,42187.75,1435860000000,1.2800000190734864,6.949885606015471,-1.198673642481303E-13,-10.207230220265528,
1_2_1_LE07_013030_20150710,134.27905,21.0,62.96398,0.981,1.0166405,42195.64764814815,1436542356800,0.6423434856175972,15185,24.3935218958661,18.738139987976254,13.830403415931832,0.7522024732737634,27.03601837158203,42195.75,1436551200000,1.5399999618530273,7.518430354630828,-5.265362599154891E-12,-6.5244887466067345,
1_2_1_LE07_013030_20150827,146.96916,67.0,52.707,0.981,1.0103803,42243.64773668982,1440689564450,0.2854906937394247,6749,19.23107523754297,17.139390382026413,11.596683845170482,1.016825350412598,37.292999267578125,42243.75,1440698400000,2.35,2.0570738668816757,-4.053601632559814E-14,-5.450991691549452,
2_1_LC08_013030_20150904,149.70493,34.91,50.29234,0.981,1.0084878,42251.64772314815,1441380763280,0.29251269035532995,6915,18.227993879669217,16.77163740401175,14.252249922467703,0.6277689823756241,39.70766067504883,42251.75,1441389600000,1.3,2.3198923752911083,1.3900698333305414E-14,-4.013239825915095,
2_1_LC08_013030_20151022,161.84605,64.71,33.964413,0.981,0.9951999,42299.6478912037,1445527977800,0.6394670050761422,15117,8.649580936059008,6.9485785636234105,4.416757464860038,0.6747415506337782,56.035587310791016,42299.75,1445536800000,1.6799999237060548,2.5209687632810858,-1.200691769394443E-13,-3.7522827761018385,
1_2_1_LE07_013030_20151030,162.93169,32.0,31.3858,0.981,0.9930649,42307.64814664352,1446219199870,0.7425972927241963,17555,9.320814854851248,8.036834277497329,0.9384045203190816,1.1712910922329358,58.614200592041016,42307.75,1446228000000,0.43000001907348634,1.0962096321471662,1.4203765483964709E-12,-6.060346402571783,
2_1_LC08_013030_20151123,163.74684,1.18,24.829836,0.981,0.9874694,42331.647948611106,1448292782760,1.0,23640,6.7469648703464795,5.766003937548354,0.8975916036540575,0.9229545042782662,65.17016410827637,42331.75,1448301600000,0.1,1.0628486325717856,-9.474991968503787E-15,-5.27481290933328,
2_1_LC08_013030_20160517,141.12831,52.34,61.746155,0.981,1.0114498,42507.6475462963,1463499148000,0.38883248730964465,9192,12.92799687396265,7.2564322864110204,-3.753294774839566,1.7890042616943076,28.25384521484375,42507.75,1463508000000,1.1699999809265138,3.1702353700266066,-1.828538384380295E-14,-6.154108906830459,
1_2_1_LE07_013030_20160525,140.4399,12.0,63.393753,0.981,1.0129819,42515.64955243055,1464190521330,0.8122673434856176,19202,24.404963135742328,13.321683535108678,8.161511837827057,1.8630911609996754,26.606246948242188,42515.75,1464199200000,2.379999923706055,5.948865966755333,-4.2526400654115787E-13,-2.769682882566432,
1_2_1_LE07_013030_20160610,136.95256,39.0,64.77526,0.981,1.0153236,42531.64960729166,1465572926070,0.2715736040609137,6420,14.930203457787403,11.763056554644384,6.403285940683623,0.7803189787846871,25.22473907470703,42531.75,1465581600000,1.6299999237060547,4.058784919054144,1.947952463507521E-13,-6.8686918551031155,
2_1_LC08_013030_20160618,134.57008,1.38,64.500114,0.981,1.0160778,42539.64764930555,1466263956900,1.0,23640,28.053726800292754,18.923641761411773,17.33682928558795,0.9993466544903005,25.49988555908203,42539.75,1466272800000,0.9899999618530274,9.13605403876358,1.167943099670833E-13,-1.5878498904198057,
2_1_LC08_013030_20160704,134.01465,0.37,63.574863,0.981,1.0167509,42555.64775833333,1467646366320,1.0,23640,27.61034463456447,20.06748173540476,19.470433214155914,0.6891907003325688,26.42513656616211,42555.75,1467655200000,1.8899999618530274,10.944522170017537,2.686072311878213E-13,-0.8663037980064712,
2_1_LC08_013030_20160720,136.03629,10.8,61.431236,0.981,1.0160836,42571.64783032407,1469028772540,0.9954314720812183,23532,24.335444735349583,19.50004526470341,15.539639764836949,0.3172506674592958,28.568763732910156,42571.75,1469037600000,2.3700000762939455,15.241573829837787,3.9156554885024037E-14,-12.483521410950514,
2_1_LC08_013030_20160805,140.11159,6.34,58.271564,0.981,1.014357,42587.6478625,1470411175320,0.7614213197969543,18000,23.212668398212013,17.592787318846238,11.454539891796411,2.2342088231621173,31.728435516357422,42587.75,1470420000000,2.3700000762939455,2.5153786079010527,-4.850629048432094E-14,-2.747391991032535,
1_2_1_LE07_013030_20160829,148.94914,21.0,52.162724,0.981,1.0097582,42611.64970555555,1472484934560,0.7900592216582064,18677,25.40294273454663,19.94881403866898,11.597977594641002,0.8906978988973303,37.837276458740234,42611.75,1472493600000,1.6600000381469728,6.123432762814163,5.934857053387988E-13,-9.375610354943221,
1_2_1_LE07_013030_20160914,154.10805,73.0,47.036526,0.981,1.0057406,42627.64972569444,1473867336300,0.7703891708967852,18212,18.702140652255675,15.297129459979775,12.15871905819891,0.6204756892818901,42.96347427368164,42627.75,1473876000000,2.4700000762939456,5.487743115635526,-6.4304796543453895E-12,-5.058071502226165,
2_1_LC08_013030_20161024,162.2845,22.48,33.064236,0.981,0.9944494,42667.648087037036,1477323194720,0.9044416243654823,21381,11.694940356542704,10.759406863909307,-0.5893878254900099,1.1626443146765568,56.93576431274414,42667.75,1477332000000,0.6400000095367432,0.8046601018245709,-1.8927574209170078E-13,-9.761192263307551,
1_2_1_LE07_013030_20161101,163.73409,25.0,30.622875,0.981,0.9923516,42675.64968958333,1478014533180,0.4713197969543147,11142,8.163205864055522,4.977840421490678,0.9383918412073963,1.849724807166683,59.37712478637695,42675.75,1478023200000,1.2800000190734864,1.7220753218118043,1.7061516761472427E-13,-2.1838105671895645,
2_1_LC08_013030_20170504,144.08742,20.11,58.70405,0.981,1.0084302,42859.64735405093,1493911931390,0.9540186125211506,22553,12.65207667986199,5.2770858724854195,-11.194251587176524,2.2420712911014005,31.29595184326172,42859.75,1493920800000,0.6099999904632569,3.2893649888151693,-4.559986624649317E-14,-7.346482480300849,
2_1_LC08_013030_20170520,140.45102,0.01,62.23916,0.981,1.0120153,42875.64749178241,1495294343290,1.0,23640,19.459760081592396,11.87515683462166,10.525571587366281,0.9250622445285555,27.760841369628906,42875.75,1495303200000,0.43000001907348634,8.199019354460974,8.933077260967667E-15,-1.4589129058479462,
1_2_1_LE07_013030_20170613,136.47784,22.0,64.842834,0.981,1.0156151,42899.64965648148,1497368130320,0.34323181049069373,8114,23.89420665109648,15.046696281829075,12.718850946419408,1.204924112992031,25.15716552734375,42899.75,1497376800000,2.1899999618530273,7.342794682146027,1.5838797744152934E-13,-1.9319435226748276,
2_1_LC08_013030_20170621,134.26765,37.93,64.43098,0.981,1.0162964,42907.64766319444,1498059158100,0.872419627749577,20624,23.124504359613287,17.882668862042483,7.589836485504304,1.065631961891662,25.56902313232422,42907.75,1498068000000,2.0399999618530273,4.918992377317337,1.7667655444517987E-13,-9.658899830919864,
2_1_LC08_013030_20170723,136.58371,50.96,60.94443,0.981,1.0158982,42939.647773680554,1500823967646,0.9336294416243655,22071,23.761949725885472,19.323181270973336,16.334668738963384,0.5623345944398118,29.05556869506836,42939.75,1500832800000,1.6500000000000001,7.8934650274076805,9.917007658471687E-13,-5.314473912079086,
2_1_LC08_013030_20170824,146.22678,22.41,53.44886,0.981,1.010927,42971.64790393518,1503588778900,0.6387901861252115,15101,22.13736890968439,18.247272783261963,8.289273312765962,1.4193583108788743,36.55113983154297,42971.75,1503597600000,1.7799999237060549,2.740742838933785,7.394140186883512E-16,-7.015846100432493,
1_2_1_LE07_013030_20170901,149.82034,21.0,51.30168,0.981,1.0091146,42979.649658333336,1504280130480,0.3906514382402707,9235,20.277461093233818,15.48067435691058,6.9934625062370275,1.8614875973412823,38.69831848144531,42979.75,1504288800000,1.1399999618530274,2.576856672681769,1.0196954794488651E-12,-4.559370614553453,
2_1_LC08_013030_20170909,151.60365,61.77,48.55862,0.981,1.0070688,42987.64792083333,1504971180360,0.42787648054145516,10115,17.38955121250617,14.117003518677118,7.7801982726963885,1.3120435418812362,41.44137954711914,42987.75,1504980000000,1.75,2.494237111320866,-1.485704998009559E-14,-4.829721761287649,
1_2_1_LE07_013030_20170917,154.88249,8.0,46.088547,0.981,1.004999,42995.649630555556,1505662528080,0.8845600676818951,20911,23.38720171524261,18.67858523894211,16.56096362640053,0.46455959109042766,43.91145324707031,42995.75,1505671200000,2.4000000000000004,10.135656580134967,9.851771923633827E-12,-4.558342251789566,
1_2_1_LE07_013030_20171003,159.09341,4.0,40.5122,0.981,1.0004927,43011.64964780092,1507044929570,0.8370135363790187,19787,18.168317805543793,14.526152558209281,9.320123350427254,0.4380825298721676,49.48780059814453,43011.75,1507053600000,1.5100000381469727,8.313879232749352,3.633821374455077E-12,-11.883672259884788,
2_1_LC08_013030_20171011,160.11484,66.99,37.56598,0.981,0.9981547,43019.648039699074,1507735990630,0.6593908629441624,15588,15.428753855180037,10.26763722396404,-6.937517221574645,4.121654386557837,52.43402099609375,43019.75,1507744800000,1.0899999618530274,1.2521953922308993,-3.311325866826482E-14,-4.1743321569248355,
1_2_1_LE07_013030_20171019,162.13937,4.0,34.932674,0.981,0.9959291,43027.64967557871,1508427331970,0.8482233502538071,20052,16.019566330349175,13.521286950231605,9.894354097770577,0.7394422444524775,55.067325592041016,43027.75,1508436000000,1.2699999809265137,3.3785997471207896,-2.747869807545321E-12,-4.904957594283246,
2_1_LC08_013030_20171027,162.58304,4.6,32.156097,0.981,0.9937051,43035.648054861114,1509118391940,1.0,23640,12.70763104813745,12.292984918572143,9.668828196510894,0.4036138512715356,57.843902587890625,43035.75,1509127200000,1.0199999809265137,1.027333745507038,-2.0265065583062376E-12,-6.501651798604452,
1_2_1_LE07_013030_20171104,163.87947,54.0,29.768986,0.981,0.9916552,43043.64966909723,1509809731410,0.809010152284264,19125,5.214041990695932,3.6665450360354144,-0.9513762021698611,0.9286935516244418,60.231014251708984,43043.75,1509818400000,1.1100000381469728,1.6663160328330962,1.0112484967999193E-14,-4.972491980942208,
2_1_LC08_013030_20171112,163.71901,28.4,27.388117,0.981,0.9897209,43051.648025,1510500789360,1.0,23640,8.262976766424158,7.249374658069192,2.6499798125342955,0.8989278003256199,62.61188316345215,43051.75,1510509600000,0.5099999904632568,1.1275678736243422,2.547257452907799E-13,-5.116534213169122,
1_2_1_LE07_013030_20171120,164.30121,60.0,25.48968,0.981,0.9880043,43059.649625694445,1511192127660,0.2813874788494078,6652,3.40365802318244,0.1603958641216686,-6.178955032847269,2.0895180421710418,64.51032066345215,43059.75,1511200800000,0.1700000047683716,1.5521580065855625,1.308696570295401E-14,-3.0338818660700597,
2_1_LC08_013030_20171128,163.57854,49.36,23.72064,0.981,0.9864813,43067.64794976852,1511883182860,0.9842216582064298,23267,2.332062782122612,0.9619091825517225,-3.7376017958840695,0.9267738465307918,66.27935981750488,43067.75,1511892000000,1.2100000381469727,1.478412025436204,6.2164270521531916E-15,-5.070828224196821,
2_1_LC08_013030_20180523,139.42024,0.28,62.59185,0.981,1.0125102,43243.6470849537,1527089508140,1.0,23640,22.228298521009272,14.090490206228067,13.11927553210749,1.1423102642059628,27.40814971923828,43243.75,1527098400000,0.9100000381469727,7.123991239313532,3.046372462226302E-14,-0.8502196859761932,
2_1_LC08_013030_20180608,135.84161,39.36,64.2172,0.981,1.0150348,43259.64701782407,1528471902340,0.7548646362098139,17845,21.40037403167034,15.751728251506313,12.251659139691084,0.7489179903764028,25.782798767089844,43259.75,1528480800000,1.0899999618530274,7.542408985695539,3.3105455434012927E-13,-4.67350118009064,
2_1_LC08_013030_20180710,134.11928,24.28,62.864323,0.981,1.016655,43291.647242708335,1531236721770,0.9359560067681895,22126,28.874776946844413,21.36030604370834,10.548732493757845,1.3900842869130472,27.135677337646484,43291.75,1531245600000,2.4600000381469727,5.405766379694441,8.173615550582436E-14,-7.777638846605266,
1_2_1_LE07_013030_20180718,135.09932,2.0,61.687214,0.981,1.0162793,43299.64719675926,1531927917800,0.880668358714044,20819,25.894152720823502,20.919065044323872,18.697985562436365,0.47701222586593045,28.312786102294922,43299.75,1531936800000,0.7199999809265137,10.429685879577294,-3.536779026961347E-12,-4.6562317723734115,
1_2_1_LE07_013030_20180819,143.74307,19.0,54.70634,0.981,1.0120151,43331.646790162034,1534692682670,0.8507614213197969,20112,23.3772377645727,20.16647165366249,18.16829995195136,0.34745205655419265,35.29365921020508,43331.75,1534701600000,1.5,9.240889643171307,1.2945742197133613E-13,-5.750927830238562,
1_2_1_LE07_013030_20180904,149.08638,24.0,50.02081,0.981,1.0084507,43347.64656030093,1536075062810,0.6234348561759729,14738,22.35325181162113,18.34954895140165,13.830411375126882,0.7263611920195001,39.979190826416016,43347.75,1536084000000,1.5300000190734864,5.511999958433897,2.6024664547416124E-12,-6.2216120931656915,
2_1_LC08_013030_20181014,160.51839,11.37,36.58507,0.981,0.9974157,43387.64772986111,1539531163860,0.9969543147208122,23568,12.792277076965537,11.645351914236649,3.637815223539547,1.2383142410873116,53.4149284362793,43387.75,1539540000000,1.3199999809265137,0.9261987988782403,-1.9996295015006793E-13,-6.46648195183964,
1_2_1_LE07_013030_20181022,160.95406,45.0,33.681534,0.981,0.9951671,43395.645783796295,1540222195720,0.8511421319796955,20121,9.320783337926379,8.202987567849238,0.3124965388501032,0.8535050434105617,56.31846618652344,43395.75,1540231200000,0.6699999809265137,1.309653386007524,-6.975268372594036E-13,-9.244808908766542,
1_2_1_LE07_013030_20181107,162.4868,30.0,28.645536,0.981,0.9909771,43411.6455431713,1541604574930,0.6195008460236887,14645,9.894569180964668,6.157612737012747,0.3124959399110827,0.8973992974211612,61.35446357727051,43411.75,1541613600000,1.0199999809265137,4.164207008731497,-5.89334782369366E-13,-6.513395780338432,
1_2_1_LE07_013030_20181123,162.70648,5.0,24.552137,0.981,0.9874639,43427.645276157404,1542986951860,0.8618866328257191,20375,2.7929514758923952,0.4909178929518497,-8.90638090570758,1.6371323590158466,65.44786262512207,43427.75,1542996000000,0.29000000953674315,1.4061377323971536,-3.5627030025229085E-14,-5.740097156413526,
1_2_1_LE07_013030_20190518,137.12955,5.0,60.68392,0.981,1.0114827,43603.64131782408,1558193009860,0.8554145516074451,20222,19.22740874971489,8.396782828247188,6.993412280067159,1.150309886046031,29.316078186035156,43603.75,1558202400000,1.2100000381469727,9.415398452929841,2.1876480287589243E-13,-1.219993468893713,
2_1_LC08_013030_20190526,139.13905,33.01,63.09598,0.981,1.0130392,43611.64762233796,1558884754570,0.7450930626057529,17614,21.164570372560334,13.548568019750753,10.619401814016165,1.3866317563542885,26.90401840209961,43611.75,1558893600000,1.4899999618530275,5.492447665293243,-5.773449402694418E-14,-2.1124326572729797,
1_2_1_LE07_013030_20190603,132.98523,20.0,62.677097,0.981,1.014316,43619.64092002314,1559575375490,0.8587986463620981,20302,20.277430143630777,12.451562935075323,11.033454682571406,0.7761070454134642,27.32290267944336,43619.75,1559584800000,1.1300000190734865,10.083489455228811,5.173046403975768E-13,-1.8272070339838649,
2_1_LC08_013030_20190627,133.95964,31.25,64.1912,0.981,1.0165905,43643.647766898146,1561649567060,0.8524534686971236,20152,25.637188079719365,19.77956174224081,14.109335472509132,1.0338223376473836,25.808799743652344,43643.75,1561658400000,1.8299999237060547,5.665989333146405,-3.12764579629219E-13,-5.484720210858589,
2_1_LC08_013030_20190729,137.95032,15.63,59.916973,0.981,1.0153943,43675.64786861111,1564414375848,0.867005076142132,20496,26.329047326212365,21.69709234790672,17.313738382221494,0.5249924163278508,30.083026885986328,43675.75,1564423200000,2.4299999237060548,8.82289883481488,-9.28284038337644E-13,-8.349366256269654,
2_1_LC08_013030_20190814,142.73685,33.76,56.289066,0.981,1.0130033,43691.647935393514,1565796781618,0.8173857868020304,19323,24.27810281044273,17.66571570846548,4.891373196981524,1.810513788984722,33.710933685302734,43691.75,1565805600000,1.8899999618530274,3.652215819734387,-1.3454792101518284E-13,-7.055644971722307,
1_2_1_LE07_013030_20190907,145.82301,8.0,47.98254,0.981,1.0077679,43715.63826774305,1567869546333,0.8112098138747885,19177,18.700434277231597,15.973433917329144,9.319508541151501,0.6433385476525758,42.017459869384766,43715.75,1567879200000,1.9100000381469728,4.238826306697735,1.2914284133089505E-13,-10.342805355681849,
2_1_LC08_013030_20190915,153.39389,15.55,46.755367,0.981,1.0056728,43723.648036666666,1568561590368,0.8986463620981388,21244,20.01218155357688,16.344346330096062,10.74558138589365,0.5941281563222977,43.244632720947266,43723.75,1568570400000,1.9899999618530275,6.173474837794291,2.869793243834991E-13,-9.423497076555384,
1_2_1_LE07_013030_20191009,154.86057,63.0,37.31915,0.981,0.9989185,43747.63731615741,1570634264116,0.8343908629441624,19725,13.830722347287828,12.563470736467162,7.580192036525593,0.40220987746356723,52.680850982666016,43747.75,1570644000000,0.8,3.1507222518061018,-6.2834268559711186E-12,-12.389747192106096,
2_1_LC08_013030_20191102,163.17651,1.4,30.42773,0.981,0.9922924,43771.6481132176,1572708796982,1.0,23640,9.709913796785647,9.057664636889003,5.573032038790241,0.5465388028730164,59.572269439697266,43771.75,1572717600000,1.0,1.1934178442005137,-4.1604394385534624E-13,-6.375819209507045,
1_2_1_LE07_013030_20191126,159.25256,37.0,23.157438,0.981,0.9869518,43795.63582217593,1574781335036,0.8420050761421319,19905,2.7928994766211237,0.5682092915180909,-4.184985041722398,0.941567326281447,66.84256172180176,43795.75,1574791200000,1.0399999618530273,2.362752108114299,2.772015911043016E-15,-5.048172552898991,
1_2_1_LE07_013030_20200520,129.64352,0.0,58.806763,0.981,1.0120347,43971.62921254629,1589987163964,0.8496192893401016,20085,22.35099240461994,11.333293999991694,8.743463478347593,1.275307922266198,31.1932373046875,43971.75,1589997600000,1.1600000381469726,8.639245638065201,1.201913680158799E-12,-2.0307491833360696,
2_1_LC08_013030_20200613,135.18091,42.39,64.48404,0.981,1.0156709,43995.64758767361,1592062351575,0.49065143824027074,11599,21.49898496796338,14.818904124073592,4.5669159558294306,1.3406167941729732,25.515960693359375,43995.75,1592071200000,1.2399999618530275,4.982841385342134,-5.395181262598369E-15,-7.6472174694548825,
2_1_LC08_013030_20200715,135.10825,67.6,62.20153,0.981,1.0164583,44027.647756493054,1594827166161,0.6350676818950931,15013,23.139047332275084,19.52901711579489,12.273519490565869,1.0379570318634526,27.79846954345703,44027.75,1594836000000,2.029999923706055,3.478015087001316,2.482292964124285E-13,-6.990171464230237,
2_1_LC08_013030_20200731,138.64445,6.67,59.342148,0.981,1.0150009,44043.647806539346,1596209570485,0.9988578680203045,23613,26.26413957242834,21.74125378357557,20.705169804644477,0.33739463603362024,30.657852172851562,44043.75,1596218400000,2.010000038146973,13.405328081155629,-3.558364459167901E-13,-3.0708371392953917,
2_1_LC08_013030_20200917,154.20374,60.69,45.820934,0.981,1.0049697,44091.648023217596,1600356789206,0.9098984771573604,21510,18.896183917933993,14.188518841308808,8.583378156689164,1.7260032132509207,44.1790657043457,44091.75,1600365600000,1.5800000190734864,2.7274949666856734,1.6848954428021945E-13,-3.2474682790783347,
1_2_1_LE07_013030_20200925,145.3573,7.0,39.91007,0.981,1.0027235,44099.62369152778,1601045886948,0.8318104906937395,19664,18.169266198698384,13.972112689299802,13.275914943674143,0.42194459160837466,50.08993148803711,44099.5,1601035200000,1.9899999618530275,9.947167454854226,2.2828279395724104E-12,-1.6499743318711155,
2_1_LC08_013030_20201003,158.48898,51.76,40.27862,0.981,1.0003968,44107.64806612268,1601739192913,0.6629864636209813,15673,13.69494945072057,11.613778807066742,-0.5833211919851535,1.9795638930127195,49.721378326416016,44107.75,1601748000000,1.2699999809265137,1.051327845996661,2.335227009968995E-14,-6.16150862425006,
1_2_1_LE07_013030_20201011,149.50652,3.0,34.627495,0.981,0.9981451,44115.62298694444,1602428226072,0.8140016920473774,19243,13.830690693441438,12.23895063913503,8.163610394138113,0.5101826408515263,55.37250518798828,44115.5,1602417600000,0.48000001907348633,3.1199416186518922,7.861535869394998E-12,-7.988002567462749,
