system:index,azimuth,cloud_cover,elev,emiss,esd,l_exceltime,landsat_time,pct_lake,pixel_count,surface_temp_kurtosis,surface_temp_max,surface_temp_mean,surface_temp_median,surface_temp_min,surface_temp_stdDev,sza,v_exceltime,vapor_time,water_column,.geo
1_1_2_1_LT05_013030_19840930,148.2511,2.0,38.886074,0.977941145456293,1.001191,30955.627091145834,465404580675,0.8075735508301777,13862,214.70991198167897,15.186477365968184,12.896923312734978,12.840477607130847,-3.489951331930475,0.8137591572711781,51.11392593383789,30955.75,465415200000,1.1500000000000001,"{""type"":""MultiPoint"",""coordinates"":[]}"
1_1_2_1_LT05_013030_19841016,152.2911,1.0,33.642868,0.977941145456293,0.99661,30971.627061446758,466786978109,1.0,17165,4.143601968287299,14.720945209523958,11.455474539695937,11.409443298222797,10.445479112105328,0.4650950547361487,56.35713195800781,30971.75,466797600000,1.3600006103515625,"{""type"":""MultiPoint"",""coordinates"":[]}"
1_1_2_1_LT05_013030_19850901,138.26797,5.0,47.822216,0.977941145456293,1.0090483,31291.6266353125,494434941291,1.0,17165,0.8634073887259737,20.19042237503209,16.854862863197326,17.030213931414295,14.253720465958025,0.6424174892928797,42.17778396606445,31291.75,494445600000,1.170001220703125,"{""type"":""MultiPoint"",""coordinates"":[]}"
1_1_2_1_LT05_013030_19850917,143.90114,6.0,43.06969,0.977941145456293,1.0049189,31307.626485729168,495817328367,0.9997087095834547,17160,3.6159118005772743,18.395376998916994,15.182150200035341,15.18631722189088,12.839985902010865,0.386122564086415,46.9303092956543,31307.75,495828000000,1.6,"{""type"":""MultiPoint"",""coordinates"":[]}"
1_1_2_1_LT05_013030_19851120,155.80006,36.0,23.41129,0.977941145456293,0.9879325,31371.625920659724,501346879545,0.8843577046315176,15180,3.3071388920522358,13.311701163487156,8.985049735224838,8.98194041452937,7.996905406988137,0.7585075803044551,66.58871078491211,31371.75,501357600000,2.3600006103515625,"{""type"":""MultiPoint"",""coordinates"":[]}"
1_1_2_1_LT05_013030_19860515,128.12862,41.0,56.60322,0.977941145456293,1.0109715,31547.623305428242,516553053589,1.0,17165,1.8241383292628122,17.487013489452504,10.011373280986758,9.960210845924738,3.966077293125882,1.504882490235605,33.39677810668945,31547.5,516542400000,1.4799987792968752,"{""type"":""MultiPoint"",""coordinates"":[]}"
1_1_2_1_LT05_013030_19861022,150.39049,4.0,30.897781,0.977941145456293,0.9950896,31707.61961,530376734304,0.9810078648412467,16839,0.3683787820424116,9.473356959629792,7.131605639582148,7.004670386847929,4.98864207349063,0.6757849354066682,59.10221862792969,31707.5,530366400000,1.220001220703125,"{""type"":""MultiPoint"",""coordinates"":[]}"
1_1_2_1_LT05_013030_19870502,131.299,17.0,53.553524,0.977941145456293,1.0078675,31899.622471620372,546965781548,0.8721817652199243,14971,5.158576869572181,15.186460874660755,6.108695701911985,5.496454183312918,4.988850447455908,1.3462212555476487,36.446475982666016,31899.5,546955200000,0.55,"{""type"":""MultiPoint"",""coordinates"":[]}"
1_1_1_1_LT04_013030_19870526,123.58484709,38.0,57.46879674,0.977941145456293,1.0130782,31923.619376226852,5.49039114106E11,1.0,17165,1.3632840048821935,24.527999730740984,17.12663906830186,16.81546420948914,15.479936278065537,1.0562843280469287,32.53120326,31923.5,549028800000,1.379998779296875,"{""type"":""MultiPoint"",""coordinates"":[]}"
1_1_2_1_LT05_013030_19870705,121.050354,16.0,58.560978,0.977941145456293,1.016714,31963.623527060186,552495472738,1.0,17165,5.585174911094409,22.405851457231634,17.33036904086183,17.0308289748209,16.57223885591393,0.6113349987304174,31.439022064208984,31963.5,552484800000,2.0500000000000003,"{""type"":""MultiPoint"",""coordinates"":[]}"
1_1_2_1_LT05_013030_19870806,127.85028,17.0,53.814022,0.977941145456293,1.0142733,31995.624085983796,555260321029,1.0,17165,11.684990469323361,22.836689336228456,18.410617978064554,18.394735625215038,17.48677199205767,0.3081132534114279,36.185977935791016,31995.5,555249600000,1.2299987792968752,"{""type"":""MultiPoint"",""coordinates"":[]}"
1_1_2_1_LT05_013030_19871009,149.84749,9.0,35.99112,0.977941145456293,0.9988292,32059.625176574074,560790015256,1.0,17165,3.7929674382089065,10.445341855902623,9.410656203936403,9.473058467298426,5.496044756244451,0.610514803787983,54.008880615234375,32059.75,560800800000,1.4600006103515626,"{""type"":""MultiPoint"",""coordinates"":[]}"
1_1_2_1_LT05_013030_19871025,153.29037,34.0,30.828316,0.977941145456293,0.994327,32075.62535079861,562172430309,0.8701427323041072,14936,9.198598962920027,9.47368183772323,8.323880212540047,8.4928276446372,2.413648774709384,0.7040771399512857,59.17168426513672,32075.75,562183200000,0.8,"{""type"":""MultiPoint"",""coordinates"":[]}"
1_1_2_1_LT05_013030_19880605,125.075615,26.0,60.112915,0.977941145456293,1.0147527,32299.627368541667,581526204642,1.0,17165,4.452986473024584,18.84886038512467,12.857787750176394,12.838770282781937,11.407707597398009,0.9058112751619491,29.8870849609375,32299.75,581536800000,2.2600006103515624,"{""type"":""MultiPoint"",""coordinates"":[]}"
1_1_2_1_LT05_013030_19880621,122.86057,12.0,60.245888,0.977941145456293,1.0163172,32315.627430590277,582908610003,0.9872414797553161,16946,1.8405571474437146,18.395986135166332,13.154154361203075,13.312612982258681,10.44458262501996,0.8197421295009685,29.754112243652344,32315.75,582919200000,1.8899993896484375,"{""type"":""MultiPoint"",""coordinates"":[]}"
1_1_2_1_LT05_013030_19880723,125.68539,32.0,56.900433,0.977941145456293,1.0158482,32347.627514131942,585673417221,0.4253422662394407,7301,4.407605519820005,20.19667717649057,16.097156925685635,16.572368083337317,5.99978347687072,1.7363496084198125,33.09956741333008,32347.75,585684000000,2.5,"{""type"":""MultiPoint"",""coordinates"":[]}"
1_1_2_1_LT05_013030_19880909,141.6893,38.0,45.592377,0.977941145456293,1.0069937,32395.627551331017,589820620435,0.9800757355083017,16823,68.25468797448706,18.396663024908424,15.71779516044809,15.64981109046213,6.0003371228079985,0.5088009356759016,44.407623291015625,32395.75,589831200000,2.169999694824219,"{""type"":""MultiPoint"",""coordinates"":[]}"
1_1_2_1_LT05_013030_19880925,147.02399,7.0,40.599907,0.977941145456293,1.0026268,32411.62747385417,591203013741,0.7827556073405185,13436,2.3072348568716254,16.571822960241192,14.038046451562897,14.253820717567267,12.365689510786869,0.3073598019647362,49.40009307861328,32411.75,591213600000,0.8899993896484375,"{""type"":""MultiPoint"",""coordinates"":[]}"
1_1_2_1_LT05_013030_19881027,154.42392,3.0,30.15958,0.977941145456293,0.9935882,32443.627395798612,593967806997,0.9999417419166909,17164,3.883769380414563,8.49279794913271,7.262694953829209,7.503138726607453,4.47877157338767,0.43369315527722224,59.84041976928711,32443.75,593978400000,0.8600006103515625,"{""type"":""MultiPoint"",""coordinates"":[]}"
1_1_2_1_LT05_013030_19881112,156.05571,10.0,25.501045,0.977941145456293,0.989604,32459.62742542824,595350209557,0.9998834838333819,17163,2.487732642208276,5.496452111666206,4.5746910501469396,4.988848609988014,-0.7634500664359294,0.9279491842328739,64.49895477294922,32459.75,595360800000,0.570001220703125,"{""type"":""MultiPoint"",""coordinates"":[]}"
1_1_2_1_LT05_013030_19890507,131.59631,36.0,55.57476,0.977941145456293,1.009219,32635.62611375,610556496228,0.5256044276143315,9022,2.717756368884194,13.784488939966064,7.204183442526408,7.004644698335708,4.478630458018291,1.2548853731095582,34.42523956298828,32635.75,610567200000,1.25,"{""type"":""MultiPoint"",""coordinates"":[]}"
1_1_1_1_LT04_013030_19890819,134.84670457,26.0,51.73901843,0.977941145456293,1.0119189,32739.62941898148,6.195423818E11,0.9417419166909409,16165,3.9184859500053406,23.279622013116185,19.35013221225646,19.875131124822207,13.67423830026671,1.1432292229345327,38.26098157,32739.75,619552800000,1.8399993896484377,"{""type"":""MultiPoint"",""coordinates"":[]}"
1_1_2_1_LT05_013030_19890827,135.41357,2.0,48.755035,0.977941145456293,1.0102283,32747.624550416665,620233161156,1.0,17165,6.688972164266822,19.295438615869756,16.09185550638438,16.11187197665996,14.253797406819912,0.32041722728979577,41.244964599609375,32747.5,620222400000,0.9799987792968751,"{""type"":""MultiPoint"",""coordinates"":[]}"
1_1_2_1_LT05_013030_19890928,146.28783,0.0,39.161983,0.977941145456293,1.0018597,32779.624037546295,622997916844,1.0,17165,2.9135555308861028,14.72100293951949,13.379820976062843,13.313412490810205,10.445624240230185,0.5402220961714032,50.838016510009766,32779.5,622987200000,1.2399993896484376,"{""type"":""MultiPoint"",""coordinates"":[]}"
1_1_2_1_LT05_013030_19891014,150.41113,27.0,33.918423,0.977941145456293,0.9972737,32795.62367177084,624380285241,0.9998834838333819,17163,-0.6703293233282928,12.365752546595333,9.291662245810167,9.960904532800054,5.496426651859157,1.562117500771579,56.08157730102539,32795.5,624369600000,0.720001220703125,"{""type"":""MultiPoint"",""coordinates"":[]}"
1_1_2_1_LT05_013030_19891030,153.21915,36.0,28.814333,0.977941145456293,0.9928742,32811.62335378472,625762657767,0.8742207981357414,15006,4.61901642975294,10.928814707323026,7.273251053058651,7.004810625264709,4.988731912268172,0.5240095877101046,61.18566703796387,32811.5,625752000000,1.029998779296875,"{""type"":""MultiPoint"",""coordinates"":[]}"
1_1_2_1_LT05_013030_19900526,123.88787,41.0,57.665363,0.977941145456293,1.0131161,33019.62018670139,643733584131,0.9265948150305855,15905,0.5360614837095867,17.941283024123,9.993744370255797,9.960797236181664,-0.22699483803383308,2.5370068650045563,32.33463668823242,33019.5,643723200000,0.929998779296875,"{""type"":""MultiPoint"",""coordinates"":[]}"
1_1_2_1_LT05_013030_19900627,119.1698,52.0,58.325863,0.977941145456293,1.01658,33051.620179398145,646498383500,1.0,17165,2.681155897160836,23.286053571239773,18.86172109148192,18.849679997597626,17.943744456374763,0.5659657708168282,31.674137115478516,33051.5,646488000000,2.4899993896484376,"{""type"":""MultiPoint"",""coordinates"":[]}"
1_1_1_1_LT04_013030_19900721,124.58599166,39.0,57.04765729,0.977941145456293,1.0160593,33075.62649188658,6.48572528899E11,0.5641712787649287,9684,-0.7454678701919075,21.58930719728803,17.87507953702095,17.697867079965366,12.300959719975566,1.373937194855665,32.95234271,33075.75,648583200000,1.8700012207031251,"{""type"":""MultiPoint"",""coordinates"":[]}"
1_1_2_1_LT05_013030_19900729,123.59948,13.0,54.341515,0.977941145456293,1.0152917,33083.62010068287,649263176699,0.8087387124963589,13882,3.948114511376641,25.01227952042824,20.396609283128708,20.63984291774887,16.572257123556973,0.5042551291239316,35.658485412597656,33083.5,649252800000,2.1100006103515625,"{""type"":""MultiPoint"",""coordinates"":[]}"
1_1_2_1_LT05_013030_19900830,134.40009,5.0,47.202232,0.977941145456293,1.0096002,33115.619964895835,652027964967,1.0,17165,2.3192328971764136,20.63567193517571,18.667227311925924,18.84622451632915,17.03027705214927,0.3350945354431695,42.797767639160156,33115.5,652017600000,1.270001220703125,"{""type"":""MultiPoint"",""coordinates"":[]}"
1_1_2_1_LT05_013030_19901001,145.39522,4.0,37.68611,0.977941145456293,1.001076,33147.61980625,654792751260,0.7094086804544131,12177,4.8114901703745545,14.720986094292275,12.50205328762583,12.8406409830568,3.9663351264324676,1.2292015698575187,52.31388854980469,33147.5,654782400000,0.25,"{""type"":""MultiPoint"",""coordinates"":[]}"
1_1_2_1_LT05_013030_19901017,149.48227,27.0,32.521004,0.977941145456293,0.9964974,33163.61975449074,656175146788,0.8272065249053306,14199,7.958768831039755,12.365086137775785,10.91189403478893,10.92823012172253,6.503897100384045,0.7668531930595507,57.47899627685547,33163.5,656164800000,1.529998779296875,"{""type"":""MultiPoint"",""coordinates"":[]}"
1_1_2_1_LT05_013030_19910513,128.063,0.0,55.927387,0.977941145456293,1.0104688,33371.621738877315,674146518239,1.0,17165,4.334780156375878,21.078790462821896,12.34299428379511,11.888533084680976,10.445657182934886,1.398532619297139,34.07261276245117,33371.5,674136000000,1.2100006103515626,"{""type"":""MultiPoint"",""coordinates"":[]}"
1_1_2_1_LT05_013030_19910716,121.690994,1.0,56.92722,0.977941145456293,1.0164092,33435.62236876157,679676172661,0.9917856102534227,17024,5.870671708276159,25.003630799775408,18.65301086725145,18.39524397757258,14.720841304829273,0.7021643135145949,33.07278060913086,33435.5,679665600000,1.529998779296875,"{""type"":""MultiPoint"",""coordinates"":[]}"
1_1_2_1_LT05_013030_19910902,136.65915,0.0,46.960934,0.977941145456293,1.0089507,33483.62267664352,683823399262,1.0,17165,3.193039254501711,19.296724678838004,17.15376161254545,17.030456148542328,14.25346264441697,0.5017342619033462,43.039066314697266,33483.5,683812800000,1.5399993896484376,"{""type"":""MultiPoint"",""coordinates"":[]}"
1_1_2_1_LT05_013030_19910918,142.43198,69.0,42.30195,0.977941145456293,1.0048085,33499.62280859954,685205810663,0.28668802796388,4921,-0.7153974099730194,15.650090513912595,10.391629499610756,10.445439494438336,4.988541060868823,2.1130890199508285,47.69805145263672,33499.5,685195200000,1.3899993896484375,"{""type"":""MultiPoint"",""coordinates"":[]}"
1_1_2_1_LT05_013030_19911004,147.45326,7.0,37.2426,0.977941145456293,1.0002896,33515.62284049769,686588213419,0.9538595980192252,16373,3.863077927981049,15.65010588869153,12.866421815293904,12.840391961713044,9.960509831315452,0.4062188783555696,52.75740051269531,33515.5,686577600000,1.25,"{""type"":""MultiPoint"",""coordinates"":[]}"
1_1_2_1_LT05_013030_19911105,153.78296,43.0,27.148352,0.977941145456293,0.9914724,33547.62295592592,689353023392,0.9439557238566851,16203,0.2406747243450078,7.00496738465762,4.270361089709917,4.478807433814754,-6.294230788945906,1.8640187394716041,62.85164833068848,33547.5,689342400000,0.679998779296875,"{""type"":""MultiPoint"",""coordinates"":[]}"
1_1_2_1_LT05_013030_19920515,127.69632,35.0,56.59145,0.977941145456293,1.0110645,33739.622629108795,705941795155,0.6211476842411885,10662,3.661050371420636,16.111819419188752,8.760706934443114,8.49283649165192,6.504427053463597,1.027720560412385,33.40855026245117,33739.5,705931200000,0.779998779296875,"{""type"":""MultiPoint"",""coordinates"":[]}"
1_1_2_1_LT05_013030_19920616,120.823975,1.0,59.194176,0.977941145456293,1.0159444,33771.622378217595,708706573478,1.0,17165,12.339234575135489,22.39895501777357,16.505399943641763,16.57191490347344,15.65011068778831,0.5424510782014812,30.805824279785156,33771.5,708696000000,1.1200012207031251,"{""type"":""MultiPoint"",""coordinates"":[]}"
1_1_2_1_LT05_013030_19920819,131.33168,64.0,50.182384,0.977941145456293,1.0118822,33835.62179027778,714236122680,0.5976114185843285,10258,4.031805407913551,18.396845871227285,14.922187131027135,15.185834764130043,10.926759720557714,0.5947521094188148,39.8176155090332,33835.5,714225600000,2.2399993896484376,"{""type"":""MultiPoint"",""coordinates"":[]}"
1_1_2_1_LT05_013030_19920920,142.7472,1.0,41.230972,0.977941145456293,1.0040522,33867.621452754625,717000893518,0.9903874162540053,17000,2.5010179741049807,16.111952218059944,14.754711311792184,14.72065944150283,11.408820053864273,0.4504157225049281,48.76902770996094,33867.5,716990400000,1.7600006103515626,"{""type"":""MultiPoint"",""coordinates"":[]}"
1_1_2_1_LT05_013030_19921006,147.50925,0.0,36.108112,0.977941145456293,0.9995016,33883.62116765046,718383268885,0.9998834838333819,17163,4.114128983574718,11.409666013460008,10.590593109893446,10.928698562230016,6.504227453182513,0.6551753289922515,53.89188766479492,33883.5,718372800000,1.1600006103515625,"{""type"":""MultiPoint"",""coordinates"":[]}"
1_1_2_1_LT05_013030_19921022,151.0869,62.0,30.925812,0.977941145456293,0.9949683,33899.621063969906,719765659927,0.29245557821147683,5020,8.94300488805672,8.4927312133722,7.775122649396721,7.999009150736052,3.9662703248790163,0.5413815820450474,59.074188232421875,33899.5,719755200000,0.970001220703125,"{""type"":""MultiPoint"",""coordinates"":[]}"
1_1_2_1_LT05_013030_19930502,130.7667,0.0,53.525616,0.977941145456293,1.0079772,34091.62176577546,736354520563,1.0,17165,4.264188596774752,17.030017949350476,6.790303521521423,6.504404947856704,4.4787764710505025,1.6668824631807495,36.47438430786133,34091.5,736344000000,0.8399993896484376,"{""type"":""MultiPoint"",""coordinates"":[]}"
1_1_2_1_LT05_013030_19930603,122.78166,10.0,58.762283,0.977941145456293,1.0144279,34123.62183099537,739119326198,0.2956597727934751,5075,4.290532368126787,18.394452335331902,10.718503129199433,10.928814707323493,2.4136257615693837,1.2763299453528358,31.237716674804688,34123.5,739108800000,1.029998779296875,"{""type"":""MultiPoint"",""coordinates"":[]}"
1_1_2_1_LT05_013030_19930705,120.190025,3.0,58.052193,0.977941145456293,1.0167103,34155.621730405095,741884117507,1.0,17165,4.622669781620061,24.587761382655597,17.926339670813693,17.943679369389447,16.572357323501784,0.7276975233779677,31.94780731201172,34155.5,741873600000,2.4600006103515626,"{""type"":""MultiPoint"",""coordinates"":[]}"
1_1_2_1_LT05_013030_19930806,126.83994,26.0,53.15796,0.977941145456293,1.0142056,34187.621736597226,744648918042,0.945761724439266,16234,-0.7777543422679649,21.964216739759518,14.654588209892722,14.25323044887771,10.444822091374315,1.5907413071147551,36.842041015625,34187.5,744638400000,1.770001220703125,"{""type"":""MultiPoint"",""coordinates"":[]}"
1_1_2_1_LT05_013030_19931025,151.83081,22.0,30.152409,0.977941145456293,0.9942191,34267.62154287037,751560901304,0.8536556947276435,14653,13.668041366453295,10.929023400918831,8.580154696482554,8.492897624824657,2.933787582419608,0.6233649812877384,59.847591400146484,34267.5,751550400000,0.570001220703125,"{""type"":""MultiPoint"",""coordinates"":[]}"
1_1_2_1_LT05_013030_19931110,153.78401,1.0,25.450096,0.977941145456293,0.9901459,34283.62145925926,752943294080,0.9997669676667638,17161,1.0756162804154537,6.504293702711168,4.989583819051551,4.988719344866514,1.8909007622922542,0.6290808675126734,64.5499038696289,34283.5,752932800000,1.0600006103515625,"{""type"":""MultiPoint"",""coordinates"":[]}"
1_1_2_1_LT05_013030_19931126,154.30458,61.0,21.62278,0.977941145456293,0.9868154,34299.62139663195,754325688669,0.9144771337023012,15697,3.1965697293278748,2.4136510018683777,0.8455424466126622,0.8374432227114661,-4.601840630374713,1.0542578520657986,68.3772201538086,34299.5,754315200000,0.770001220703125,"{""type"":""MultiPoint"",""coordinates"":[]}"
1_1_2_1_LT05_013030_19940521,124.83554,1.0,56.869415,0.977941145456293,1.0121814,34475.61965320602,769531938037,1.0,17165,3.1104355173235048,20.192600399213323,11.160415331653503,10.927836072868399,9.472569937419316,1.5380882909129423,33.130584716796875,34475.5,769521600000,1.7600006103515626,"{""type"":""MultiPoint"",""coordinates"":[]}"
1_1_2_1_LT05_013030_19940622,118.874016,5.0,58.321655,0.977941145456293,1.016339,34507.6192028588,772296699127,0.9993009030002913,17153,1.0157328633853764,21.52426033460526,17.728037572637124,17.94252378909641,15.649961484329861,0.6692474822594564,31.6783447265625,34507.5,772286400000,1.8600006103515625,"{""type"":""MultiPoint"",""coordinates"":[]}"
1_1_2_1_LT05_013030_19940825,131.66771,10.0,48.09747,0.977941145456293,1.0107361,34571.618031527774,777826197924,1.0,17165,8.937521938776818,21.967716583156,18.055585325669327,17.943105440177256,17.487842925078684,0.33218588977848196,41.902530670166016,34571.5,777816000000,2.1800003051757812,"{""type"":""MultiPoint"",""coordinates"":[]}"
1_1_2_1_LT05_013030_19940910,137.48346,6.0,43.734997,0.977941145456293,1.0068885,34587.61774851852,779208573472,0.5367899796096708,9214,5.438101136431813,15.186488987584125,13.625569396876656,14.2537616030677,6.504281238153355,1.0812034859488149,46.2650032043457,34587.5,779198400000,1.079998779296875,"{""type"":""MultiPoint"",""coordinates"":[]}"
1_1_2_1_LT05_013030_19941012,147.28322,0.0,33.73943,0.977941145456293,0.9979294,34619.61711619213,781973318839,1.0,17165,3.8855946956150147,10.92886681053306,9.741337438717691,9.960776646660817,7.004852509378676,0.4950494914154089,56.26057052612305,34619.5,781963200000,0.9600006103515626,"{""type"":""MultiPoint"",""coordinates"":[]}"
1_1_2_1_LT05_013030_19941028,150.42772,1.0,28.678778,0.977941145456293,0.9934823,34635.6167430787,783355686602,1.0,17165,3.316666321631944,9.960790519136387,9.05447678496837,8.984265209787043,6.504360263637292,0.34384368263318676,61.32122230529785,34635.5,783345600000,0.9399993896484375,"{""type"":""MultiPoint"",""coordinates"":[]}"
1_1_2_1_LT05_013030_19941113,152.14359,45.0,24.087608,0.977941145456293,0.9895147,34651.61635582176,784738053143,0.9998834838333819,17163,2.867307682810175,7.503018432532496,6.5906350941605325,6.50429370271047,3.9662451263259357,0.4020728324771491,65.91239166259766,34651.5,784728000000,1.0600006103515625,"{""type"":""MultiPoint"",""coordinates"":[]}"
1_1_2_1_LT05_013030_19941129,152.43286,54.0,20.439613,0.977941145456293,0.9863404,34667.615990983795,786120421621,0.991086513253714,17012,1.4355746051719374,3.9663256739472383,2.8537661846881432,2.9337810409150884,-0.7634506895522838,0.5205070974143338,69.56038665771484,34667.5,786110400000,0.679998779296875,"{""type"":""MultiPoint"",""coordinates"":[]}"
1_1_2_1_LT05_013030_19950508,124.65962,11.0,52.721237,0.977941145456293,1.0093126,34827.61166737269,799944048061,0.4131080687445383,7091,6.056069215878601,12.365531035142144,5.038977076474747,4.988687663602959,1.8908946577360868,1.001115112250763,37.27876281738281,34827.5,799934400000,1.129998779296875,"{""type"":""MultiPoint"",""coordinates"":[]}"
1_1_2_1_LT05_013030_19951116,148.82935,26.0,22.097536,0.977941145456293,0.9889071,35019.60583689815,816532344308,0.8796970579667929,15100,3.2185462857991824,5.496457392334652,3.6599999719245444,3.9663397778698855,-1.8450164554556454,0.9344545455921461,67.90246391296387,35019.5,816523200000,0.5100006103515625,"{""type"":""MultiPoint"",""coordinates"":[]}"
1_1_2_1_LT05_013030_19960526,121.14813,1.0,56.500698,0.977941145456293,1.0131915,35211.614319837965,833121877234,0.9698223128459074,16647,5.45036325821261,17.486322651445303,10.732752448373436,10.446027083848437,4.988838563639733,0.8783727701185351,33.49930191040039,35211.5,833112000000,0.65,"{""type"":""MultiPoint"",""coordinates"":[]}"
1_1_2_1_LT05_013030_19960814,127.758896,5.0,50.562798,0.977941145456293,1.0128423,35291.61728443287,840034133375,0.9797844450917564,16818,5.181701502394651,22.838939401738898,18.83180571698867,18.8468231842567,17.48708627180956,0.42896899557088985,39.43720245361328,35291.5,840024000000,1.55,"{""type"":""MultiPoint"",""coordinates"":[]}"
1_1_2_1_LT05_013030_19960830,133.88602,0.0,46.790104,0.977941145456293,1.0094954,35307.617884756946,841416585243,1.0,17165,-0.7816208105791822,21.519474274610758,17.517668674406355,17.486520217353522,14.253811399704107,0.9081036513368547,43.209896087646484,35307.5,841406400000,0.929998779296875,"{""type"":""MultiPoint"",""coordinates"":[]}"
1_1_2_1_LT05_013030_19960915,140.00598,47.0,42.37765,0.977941145456293,1.0054336,35323.61849591435,842799038047,0.9053306146227789,15540,6.835005556951627,17.942557818358342,14.941457927785095,15.186142949922425,8.491568899575894,0.7996329533762159,47.62234878540039,35323.5,842788800000,1.879998779296875,"{""type"":""MultiPoint"",""coordinates"":[]}"
1_1_2_1_LT05_013030_19961001,145.44713,17.0,37.500668,0.977941145456293,1.0009491,35339.61909150463,844181489506,1.0,17165,1.129263589685082,14.720545711994507,11.985602093857885,11.887536933791052,10.444603397965604,0.33946391140683835,52.499332427978516,35339.5,844171200000,1.879998779296875,"{""type"":""MultiPoint"",""coordinates"":[]}"
1_1_2_1_LT05_013030_19961017,149.75507,19.0,32.43303,0.977941145456293,0.9963733,35355.61966701389,845563939230,0.971453539178561,16675,3.049706266228794,12.840653552339397,10.331858599046575,10.445948378487522,8.492803227374393,0.31760011793813053,57.56697082519531,35355.5,845553600000,0.8500000000000001,"{""type"":""MultiPoint"",""coordinates"":[]}"
1_1_2_1_LT05_013030_19961102,152.67897,58.0,27.552187,0.977941145456293,0.9920529,35371.62021201389,846946386318,0.5970288377512379,10248,5.224307161004598,7.503188572177316,6.571544668976531,6.504439829717831,-0.7634511582672818,0.6754749332366552,62.44781303405762,35371.5,846936000000,0.7399993896484376,"{""type"":""MultiPoint"",""coordinates"":[]}"
1_1_2_1_LT05_013030_19970614,123.329544,25.0,60.265324,0.977941145456293,1.0157394,35595.62660290509,866300538491,0.4051267113311972,6954,3.205799250881303,19.743666286667672,16.045485295297006,16.111889344849423,12.840543146376367,0.6043242013132832,29.734676361083984,35595.75,866311200000,1.0600006103515625,"{""type"":""MultiPoint"",""coordinates"":[]}"
1_1_2_1_LT05_013030_19970630,122.54629,4.0,59.724632,0.977941145456293,1.0166671,35611.62699884259,867682972700,0.9999417419166909,17164,5.628623996590553,25.01719578859281,19.049089562882692,18.849242623476652,17.943488276037236,0.7750560453570604,30.275367736816406,35611.75,867693600000,2.369999694824219,"{""type"":""MultiPoint"",""coordinates"":[]}"
1_1_2_1_LT05_013030_19971105,156.4342,17.0,27.782814,0.977941145456293,0.9913533,35739.62966409722,878742402978,0.9688901835129624,16631,4.816834440700859,8.492781327136406,6.892026148017836,7.004889128620213,3.4512982893549475,0.4837507136071159,62.217185974121094,35739.75,878752800000,0.8899993896484375,"{""type"":""MultiPoint"",""coordinates"":[]}"
1_1_2_1_LT05_013030_19980516,132.61214,1.0,58.699497,0.977941145456293,1.0111655,35931.63218732639,895331420985,1.0,17165,3.185984674569858,20.638701464529966,12.756087527019188,12.364434797620996,10.927515445818415,1.4580343164700684,31.30050277709961,35931.75,895341600000,1.9200012207031252,"{""type"":""MultiPoint"",""coordinates"":[]}"
1_1_2_1_LT05_013030_19980703,125.3699,16.0,60.673073,0.977941145456293,1.0167043,35979.632651747685,899478661111,0.47293912030294205,8118,4.40811527651407,22.83985473348001,17.81441427082706,17.9422004846245,10.445022841938012,1.0040735842145372,29.326927185058594,35979.75,899488800000,1.6600006103515625,"{""type"":""MultiPoint"",""coordinates"":[]}"
1_1_2_1_LT05_013030_19990604,128.18759,5.0,61.12892,0.977941145456293,1.0144944,36315.63260732639,928509057273,0.3977279347509467,6827,4.917503424787934,21.078456102284292,14.684017269175747,14.721047744769697,8.984124046834566,0.9350476309697765,28.871078491210938,36315.75,928519200000,1.1200012207031251,"{""type"":""MultiPoint"",""coordinates"":[]}"
1_1_2_1_LT05_013030_19990722,127.66669,16.0,58.171623,0.977941145456293,1.0160027,36363.6323787963,932656237528,0.6974075152927469,11971,6.39521725740167,24.15584126557181,18.967744825214425,18.849717407956636,17.03119543789111,0.5652022965209035,31.82837677001953,36363.75,932666400000,2.5,"{""type"":""MultiPoint"",""coordinates"":[]}"
1_1_2_1_LT05_013030_19990807,131.96028,12.0,55.124043,0.977941145456293,1.0141307,36379.63234658565,934038634745,0.9746577337605593,16730,78.97783411855377,23.27539486915045,19.123141391868785,19.29692664541708,8.492027364975113,0.43261510566078454,34.87595748901367,36379.75,934048800000,1.6100006103515625,"{""type"":""MultiPoint"",""coordinates"":[]}"
1_1_2_1_LT05_013030_19990823,137.39035,8.0,51.28611,0.977941145456293,1.0112184,36395.63218381944,935421020682,1.0,17165,4.9793769829358006,21.085706892035986,17.0340694996479,17.031077660396853,16.572329802997135,0.4337797339582062,38.713890075683594,36395.75,935431200000,2.3600006103515625,"{""type"":""MultiPoint"",""coordinates"":[]}"
1_2_1_LE07_013030_19990831,145.72757,0.0,50.852158,0.977941145456293,1.009433,36403.64294917824,936113150809,1.0,17165,8.30122674001706,22.357267859543146,18.517256376440695,18.70111642836035,17.099804796349325,0.3579459149635641,39.14784240722656,36403.75,936122400000,1.9200012207031252,"{""type"":""MultiPoint"",""coordinates"":[]}"
1_1_2_1_LT05_013030_19990924,148.3218,0.0,41.7179,0.977941145456293,1.0031499,36427.63153909722,938185764978,1.0,17165,7.554452625445963,19.747053828802166,14.869969523072855,14.72035088157292,14.252859086716809,0.4148744624615045,48.282100677490234,36427.75,938196000000,2.0600006103515627,"{""type"":""MultiPoint"",""coordinates"":[]}"
1_2_1_LE07_013030_19991002,155.64442,2.0,40.403183,0.977941145456293,1.0008737,36435.64300438658,938877955579,1.0,17165,2.1409060029763145,16.02015422819215,13.711018163168973,13.830631435181598,11.598181414103554,0.3115105084230757,49.59681701660156,36435.75,938887200000,1.6899993896484375,"{""type"":""MultiPoint"",""coordinates"":[]}"
1_1_2_1_LT05_013030_19991026,155.65736,15.0,31.093649,0.977941145456293,0.9940889,36459.63145990741,940950558136,1.0,17165,4.1132268050294165,9.473312910893032,7.504155316065212,7.502851614917814,4.9886200589788015,0.5456572262374866,58.90635108947754,36459.75,940960800000,1.2600006103515626,"{""type"":""MultiPoint"",""coordinates"":[]}"
1_1_2_1_LT05_013030_19991111,157.27472,4.0,26.328299,0.977941145456293,0.9900342,36475.6310762037,942332924984,0.9999417419166909,17164,3.086025532583884,7.004983560146813,5.90360677396255,6.001658672503193,-0.2269945573880137,1.061031681296056,63.671701431274414,36475.75,942343200000,0.270001220703125,"{""type"":""MultiPoint"",""coordinates"":[]}"
1_1_2_1_LT05_013030_20000622,124.882126,57.0,61.10395,0.977941145456293,1.0163646,36699.631535555556,961686564672,0.3081852607049228,5290,0.09073035800204687,19.29895230279279,11.421509727723897,11.407885645168705,3.9656053960018016,2.2974414206015386,28.89604949951172,36699.75,961696800000,2.1899993896484378,"{""type"":""MultiPoint"",""coordinates"":[]}"
1_1_2_1_LT05_013030_20000708,125.29347,18.0,59.90333,0.977941145456293,1.0166708,36715.631784074074,963068986144,0.9524031459364987,16348,12.471131910971852,22.4035400212608,16.64633163430205,16.57215930654462,14.720622967566662,0.4608193178156606,30.096668243408203,36715.75,963079200000,1.8,"{""type"":""MultiPoint"",""coordinates"":[]}"
1_1_2_1_LT05_013030_20000825,138.61372,2.0,50.65377,0.977941145456293,1.0106287,36763.632432164355,967216242139,0.9875327701718614,16951,6.2585666637957615,21.08688374618771,16.846820293689873,16.57236808333663,14.252128231689097,0.4659171463793665,39.346229553222656,36763.75,967226400000,2.5,"{""type"":""MultiPoint"",""coordinates"":[]}"
1_1_2_1_LT05_013030_20000910,144.4516,1.0,46.06122,0.977941145456293,1.0067614,36779.63269921296,968598665212,1.0,17165,258.27432454772526,21.079876850798875,17.028345021249006,17.030401764003116,1.890857486096858,0.3559835107701605,43.93878173828125,36779.75,968608800000,1.4600006103515626,"{""type"":""MultiPoint"",""coordinates"":[]}"
1_2_1_LE07_013030_20000918,151.12157,7.0,44.707703,0.977941145456293,1.0046139,36787.6412465162,969290603699,0.9895135450043694,16985,31.418639940329548,19.757285445733256,15.710327335499258,16.020154725717564,8.162335634993656,0.7696224080388766,45.29229736328125,36787.75,969300000000,2.0100006103515624,"{""type"":""MultiPoint"",""coordinates"":[]}"
1_1_2_1_LT05_013030_20001012,153.90762,2.0,35.64429,0.977941145456293,0.9977914,36811.63292004629,971363484292,0.9999417419166909,17164,6.493049597199555,13.313572282513036,10.523882172844424,10.445850410599611,9.473558481409503,0.33533310614165024,54.355709075927734,36811.75,971373600000,1.0,"{""type"":""MultiPoint"",""coordinates"":[]}"
1_2_1_LE07_013030_20001020,158.78474,0.0,33.811504,0.977941145456293,0.9955329,36819.64104688657,972055386451,1.0,17165,3.1486953183641244,12.720262613367485,10.315824042992837,10.46536803045099,8.743351451235354,0.32670322945398556,56.18849563598633,36819.75,972064800000,1.4200012207031252,"{""type"":""MultiPoint"",""coordinates"":[]}"
1_1_2_1_LT05_013030_20010508,135.54843,0.0,57.39708,0.977941145456293,1.0094253,37019.634091597225,989334785514,1.0,17165,2.4942166626940976,20.189102715306316,9.628882305460655,9.473760007704755,7.004996734648111,1.9370988956714328,32.60292053222656,37019.75,989344800000,0.5,"{""type"":""MultiPoint"",""coordinates"":[]}"
1_2_1_LE07_013030_20010601,133.23822,5.0,62.512585,0.977941145456293,1.0141253,37043.640710486114,991408957386,1.0,17165,2.2616060828102222,20.79930860020358,11.369495380870573,11.599012385668734,8.163641962100305,1.267445065210818,27.487415313720703,37043.75,991418400000,0.8799987792968751,"{""type"":""MultiPoint"",""coordinates"":[]}"
1_1_2_1_LT05_013030_20010609,127.90808,9.0,61.69992,0.977941145456293,1.0152023,37051.63421231481,992099595944,0.9334692688610545,16023,4.774901887687276,23.275673518244492,13.135741209068172,12.839928967237828,7.998295064547701,1.281867543413381,28.300079345703125,37051.75,992109600000,1.6399993896484375,"{""type"":""MultiPoint"",""coordinates"":[]}"
1_1_2_1_LT05_013030_20010625,126.08779,11.0,61.515522,0.977941145456293,1.016503,37067.634196921295,993481994614,0.9860763180891349,16926,5.503737415325578,23.281711853877656,17.737613203423148,17.487842925079537,16.57227803216772,0.705451196253866,28.484477996826172,37067.75,993492000000,2.1800003051757812,"{""type"":""MultiPoint"",""coordinates"":[]}"
1_1_2_1_LT05_013030_20010727,129.89041,15.0,57.588657,0.977941145456293,1.0154876,37099.634174467596,996246792674,0.4188173609088261,7189,9.411507027147048,21.080222563095624,17.92307854132391,18.39524397756959,8.983636121674717,1.0281592086477982,32.41134262084961,37099.75,996256800000,1.529998779296875,"{""type"":""MultiPoint"",""coordinates"":[]}"
1_2_1_LE07_013030_20010905,146.0722,1.0,48.738205,0.977941145456293,1.0081043,37139.63992262731,999703289315,1.0,17165,2.895446849557713,20.277942470057297,18.06416569579196,18.16822674037845,14.930822253823745,0.446136291097012,41.26179504394531,37139.75,999712800000,0.9899993896484376,"{""type"":""MultiPoint"",""coordinates"":[]}"
1_1_2_1_LT05_013030_20010913,146.00182,42.0,45.395798,0.977941145456293,1.0060384,37147.63404444444,1000393981440,0.8730556364695602,14986,5.295476575418622,19.745874749796222,16.263249732356062,16.111951664741973,15.186211762044083,0.4150461677747503,44.60420227050781,37147.75,1000404000000,1.779998779296875,"{""type"":""MultiPoint"",""coordinates"":[]}"
1_1_2_1_LT05_013030_20010929,150.95503,8.0,40.18238,0.977941145456293,1.0015948,37163.63393946759,1001776372370,0.8337896883192543,14312,14.82791644534937,15.65009557007992,14.177108239922838,14.253822786593371,2.9337604381131377,0.8582544729217034,49.81761932373047,37163.75,1001786400000,0.8799987792968751,"{""type"":""MultiPoint"",""coordinates"":[]}"
1_2_1_LE07_013030_20011108,160.3816,2.0,27.851818,0.977941145456293,0.990631,37203.63980925926,1005232879520,0.9999417419166909,17164,3.4209057711371944,8.743556211016934,7.21499478662402,6.993495121094358,3.4035671008477473,0.4842842224046972,62.1481819152832,37203.75,1005242400000,1.2299987792968752,"{""type"":""MultiPoint"",""coordinates"":[]}"
1_1_2_1_LT05_013030_20011116,158.47957,50.0,25.14588,0.977941145456293,0.9888039,37211.633636342594,1005923546180,0.5070200990387417,8703,4.95301261662101,11.409976708688555,6.927445851577882,6.504475251876952,6.001660139570208,0.7696587280952198,64.8541202545166,37211.75,1005933600000,0.579998779296875,"{""type"":""MultiPoint"",""coordinates"":[]}"
1_1_2_1_LT05_013030_20020511,133.5582,5.0,57.548836,0.977941145456293,1.0100586,37387.63187361111,1021129793880,0.9254879114477134,15886,8.025619786208164,15.649997785549107,8.188762761026544,7.9991783117456245,1.8909274598180403,1.0425518828002733,32.45116424560547,37387.75,1021140000000,0.470001220703125,"{""type"":""MultiPoint"",""coordinates"":[]}"
1_2_1_LE07_013030_20020604,132.15964,11.0,62.574615,0.977941145456293,1.0145243,37411.63992893518,1023204089860,0.5793766385085931,9945,1.0387914608012139,12.160271340177012,6.322973948112181,5.810080270428847,4.010332136000321,1.0546567969636316,27.425384521484375,37411.75,1023213600000,1.8100006103515627,"{""type"":""MultiPoint"",""coordinates"":[]}"
1_2_1_LE07_013030_20020620,129.52896,9.0,62.89206,0.977941145456293,1.0162051,37427.63984618056,1024586482710,0.99318380425284,17048,1.8454436300155512,24.396065174375867,18.06053060519284,18.169242045158516,16.020152459597153,1.0577088917868616,27.107940673828125,37427.75,1024596000000,1.6600006103515625,"{""type"":""MultiPoint"",""coordinates"":[]}"
1_2_1_LE07_013030_20020706,129.262,25.0,61.81555,0.977941145456293,1.0167028,37443.63980451389,1025968879110,0.702534226623944,12059,4.210919546585625,21.32805875335305,17.500934787462352,17.636866741929015,13.829466006192892,0.705115483290982,28.1844482421875,37443.75,1025978400000,2.5,"{""type"":""MultiPoint"",""coordinates"":[]}"
1_2_1_LE07_013030_20020924,151.82014,20.0,42.602726,0.977941145456293,1.0030874,37523.63935150463,1032880839970,1.0,17165,1.6612844662182544,19.754312245835244,16.876269763603513,17.099154226753672,14.930807346621926,0.3456486597096376,47.397274017333984,37523.75,1032890400000,1.1200012207031251,"{""type"":""MultiPoint"",""coordinates"":[]}"
1_1_2_1_LT05_013030_20021018,153.3583,34.0,33.317223,0.977941145456293,0.9962377,37547.62897071759,1034953543070,0.38997960967084183,6694,4.168609969182653,11.88887565542142,10.109351348158398,10.446045080130332,2.4136621397860605,1.422960079813498,56.682777404785156,37547.75,1034964000000,0.5399993896484375,"{""type"":""MultiPoint"",""coordinates"":[]}"
1_1_2_1_LT05_013030_20021103,155.68452,10.0,28.256168,0.977941145456293,0.9919311,37563.62869965278,1036335919650,0.9998252257500728,17162,2.822364119908374,8.492864250808294,6.518379911487509,7.004968264589339,0.30660634576913665,1.2670722023989722,61.743831634521484,37563.75,1036346400000,0.2,"{""type"":""MultiPoint"",""coordinates"":[]}"
1_1_2_1_LT05_013030_20030615,125.438446,35.0,61.17897,0.977941145456293,1.0157787,37787.63104328704,1055689722140,0.8131080687445383,13957,4.850329630641334,19.74421529035939,14.258039604711767,14.253658723624895,10.928568995829787,0.7844154518395604,28.821029663085938,37787.75,1055700000000,1.279998779296875,"{""type"":""MultiPoint"",""coordinates"":[]}"
1_1_2_1_LT05_013030_20030701,124.597824,14.0,60.565468,0.977941145456293,1.0166731,37803.631298611115,1057072144200,0.5528109525196621,9489,9.898036574285833,27.15120804387908,19.535343952230697,19.748309245201725,13.783052717274892,0.7684146902176457,29.434532165527344,37803.75,1057082400000,2.3199996948242188,"{""type"":""MultiPoint"",""coordinates"":[]}"
1_1_2_1_LT05_013030_20030717,126.32077,32.0,58.799263,0.977941145456293,1.0163524,37819.63148229167,1058454560070,0.5732595397611419,9840,5.093655507782776,23.28560551920856,18.60493744545326,18.849568664154486,15.185599839718028,0.5636301076538529,31.20073699951172,37819.75,1058464800000,2.4600006103515626,"{""type"":""MultiPoint"",""coordinates"":[]}"
1_2_1_LE07_013030_20030725,132.22339,22.0,59.150646,0.977941145456293,1.0157402,37827.63986076389,1059146483970,0.3887561899213516,6673,2.719689939306787,20.804526835813476,17.86859860769957,17.63618794645301,14.381557788369014,0.5425563167454938,30.849353790283203,37827.75,1059156000000,2.070001220703125,"{""type"":""MultiPoint"",""coordinates"":[]}"
1_1_2_1_LT05_013030_20030818,135.60092,53.0,52.55931,0.977941145456293,1.0122355,37851.63188738426,1061219395070,0.6812700262161375,11694,8.784468084354616,21.526090454465326,18.176415620922143,18.396485628487635,13.783457003073897,0.49084359459002075,37.44068908691406,37851.75,1061229600000,2.1,"{""type"":""MultiPoint"",""coordinates"":[]}"
1_2_1_LE07_013030_20031013,156.70642,1.0,36.247646,0.977941145456293,0.9977285,37907.63960011574,1066058461450,0.8535974366443344,14652,1.9692958148876603,15.476703503841106,12.692257604607962,12.720520008428071,11.598852069136717,0.3293471443621822,53.75235366821289,37907.75,1066068000000,1.1209991455078125,"{""type"":""MultiPoint"",""coordinates"":[]}"
1_2_1_LE07_013030_20031114,160.6563,25.0,26.337984,0.977941145456293,0.9893585,37939.63990671297,1068823287940,0.8046023885814156,13811,5.908455804364561,6.4040233412933105,3.9570949265122572,4.614283833901307,-5.509411237816465,1.706186941095874,63.66201591491699,37939.75,1068832800000,0.35000000000000003,"{""type"":""MultiPoint"",""coordinates"":[]}"
1_1_2_1_LT05_013030_20031122,158.29858,13.0,23.772104,0.977941145456293,0.9876741,37947.63286423611,1069513879470,1.0,17165,1.8169846194848436,7.004980841466731,4.785073118004086,4.988842704219463,3.966332104883681,0.3482453415898282,66.22789573669434,37947.75,1069524000000,0.6209991455078125,"{""type"":""MultiPoint"",""coordinates"":[]}"
1_1_2_1_LT05_013030_20040703,126.83015,13.0,61.20382,0.977941145456293,1.0167044,38171.635334722225,1088867692920,0.7018933877075444,12048,6.207819965334233,23.277899737313195,17.79391469213875,17.942523789096036,13.312661672114547,0.7150140895221446,28.796180725097656,38171.75,1088877600000,1.8600006103515625,"{""type"":""MultiPoint"",""coordinates"":[]}"
1_2_1_LE07_013030_20040711,129.954,15.0,61.24355,0.977941145456293,1.0165919,38179.640195370375,1089559312880,0.8441596271482669,14490,6.616721160648838,22.360634729032476,17.948343765034966,18.170497710248124,16.020129019924855,0.5113471414513125,28.756450653076172,38179.75,1089568800000,2.2800003051757813,"{""type"":""MultiPoint"",""coordinates"":[]}"
1_1_2_1_LT05_013030_20041007,154.49493,0.0,37.785793,0.977941145456293,0.9992356,38267.636947569445,1097162232270,1.0,17165,5.161028981375242,17.03049070361437,14.233390784756951,14.253416858362721,13.313048550671256,0.30478496969373436,52.21420669555664,38267.75,1097172000000,1.5899993896484377,"{""type"":""MultiPoint"",""coordinates"":[]}"
1_1_2_1_LT05_013030_20041108,159.54793,5.0,27.577919,0.977941145456293,0.9905786,38299.63741226852,1099927072420,0.7630061170987474,13097,9.626076711516136,7.99917797534509,6.498747412214894,7.0049978462022775,-3.489773337143449,1.3199052236415638,62.422080993652344,38299.75,1099936800000,0.479998779296875,"{""type"":""MultiPoint"",""coordinates"":[]}"
1_1_2_1_LT05_013030_20050503,139.43025,61.0,57.041206,0.977941145456293,1.0082058,38475.63897048611,1115133607050,0.4920477716283134,8446,4.911953290448111,13.313661074179711,5.560431753080461,5.4964194587931825,1.3655479724185062,1.2586890554392522,32.95879364013672,38475.75,1115143200000,0.75,"{""type"":""MultiPoint"",""coordinates"":[]}"
1_2_1_LE07_013030_20050511,138.28519,21.0,59.240284,0.977941145456293,1.010108,38483.640632407405,1115824950640,0.7105738421205943,12197,5.32614052206684,19.231520364468906,11.558368116182669,11.597006553649841,7.578540534819982,1.1147813085070588,30.759716033935547,38483.75,1115834400000,2.3000000000000003,"{""type"":""MultiPoint"",""coordinates"":[]}"
1_1_2_1_LT05_013030_20050519,135.55165,50.0,60.563602,0.977941145456293,1.0118195,38491.63903599537,1116516012710,0.7282260413632391,12500,6.663271589912263,18.84561104041552,9.128193834713478,8.98429052541424,5.49637298501206,1.266247472231178,29.436397552490234,38491.75,1116525600000,0.9,"{""type"":""MultiPoint"",""coordinates"":[]}"
1_1_2_1_LT05_013030_20050604,131.75409,2.0,62.48057,0.977941145456293,1.0145541,38507.63913425926,1117898421200,1.0,17165,4.463489436833933,24.579473749958904,17.321410071343557,17.030775128166145,15.186066835677863,1.1215653953509854,27.519428253173828,38507.75,1117908000000,1.9799987792968752,"{""type"":""MultiPoint"",""coordinates"":[]}"
1_1_2_1_LT05_013030_20050620,129.23776,16.0,62.798264,0.977941145456293,1.016219,38523.63921446759,1119280828130,0.9895135450043694,16985,6.800805753911121,23.276645568846174,17.54591080149687,17.48729520343752,15.186237241920425,0.6520817078176432,27.201736450195312,38523.75,1119290400000,1.7399993896484376,"{""type"":""MultiPoint"",""coordinates"":[]}"
1_2_1_LE07_013030_20050730,133.92348,25.0,58.214424,0.977941145456293,1.0151521,38563.64048356481,1122736937780,0.6587824060588406,11308,6.363930850008304,23.38102827109875,19.176497342316885,19.22974121609505,15.476601767148239,0.5633861947129511,31.78557586669922,38563.75,1122746400000,1.7899993896484376,"{""type"":""MultiPoint"",""coordinates"":[]}"
1_1_2_1_LT05_013030_20050807,135.87607,46.0,56.3862,0.977941145456293,1.0140613,38571.63950706019,1123428053410,0.5939411593358579,10195,0.03231885639052301,21.523111682398703,13.179025311631387,13.312916040146003,3.4510381867686513,2.668474571806021,33.613800048828125,38571.75,1123437600000,1.6899993896484375,"{""type"":""MultiPoint"",""coordinates"":[]}"
1_1_2_1_LT05_013030_20050823,141.32564,30.0,52.4232,0.977941145456293,1.0111232,38587.63957048611,1124810458890,0.5683076026798718,9755,11.214414253104389,23.28057092336972,18.611987558340143,18.84830480026746,12.364083661464646,0.664483996150303,37.57680130004883,38587.75,1124820000000,2.0899993896484377,"{""type"":""MultiPoint"",""coordinates"":[]}"
1_1_2_1_LT05_013030_20050924,152.05165,0.0,42.54926,0.977941145456293,1.0030249,38619.63958263889,1127575259940,1.0,17165,3.1065707718185323,19.295386259986508,17.013387792931756,17.030081176037804,13.784652078588431,0.535678693127504,47.450740814208984,38619.75,1127584800000,0.9500000000000001,"{""type"":""MultiPoint"",""coordinates"":[]}"
1_2_1_LE07_013030_20051002,154.46365,4.0,39.863857,0.977941145456293,1.0007467,38627.64025185185,1128266517760,0.8454413049810662,14512,3.9938700875033986,18.70240916081508,15.194707337057908,14.930046928468434,14.381173312312983,0.3935210837697176,50.13614273071289,38627.75,1128276000000,2.369999694824219,"{""type"":""MultiPoint"",""coordinates"":[]}"
1_2_1_LE07_013030_20051103,160.2051,66.0,29.326096,0.977941145456293,0.9918757,38659.64046689815,1131031336340,0.7491989513545004,12860,-0.3450333011129296,6.403120559129889,2.873917397703467,2.792719265464933,-0.951403368412144,1.280603723750687,60.67390441894531,38659.75,1131040800000,1.8399993896484377,"{""type"":""MultiPoint"",""coordinates"":[]}"
1_1_2_1_LT05_013030_20051111,160.59094,41.0,27.027407,0.977941145456293,0.989933,38667.63973090278,1131722472750,0.6809787357995922,11689,0.2950283198083681,6.504484722656314,3.503622887502198,3.966341571460763,-5.726698441513275,2.2437409790669554,62.97259330749512,38667.75,1131732000000,0.3899993896484375,"{""type"":""MultiPoint"",""coordinates"":[]}"
1_2_1_LE07_013030_20051119,161.00427,18.0,25.013296,0.977941145456293,0.9881811,38675.64056759259,1132413745040,0.8662394407224002,14869,2.607701862883844,4.614189521112847,3.19274792181859,3.403633030753846,-1.589456921844443,0.7970378768762072,64.98670387268066,38675.75,1132423200000,0.9500000000000001,"{""type"":""MultiPoint"",""coordinates"":[]}"
1_2_1_LE07_013030_20060701,129.4872,9.0,62.450287,0.977941145456293,1.0166757,38899.64083078704,1151767367780,0.8407224002330324,14431,7.238503120292009,21.843272713530375,17.519638762676184,17.636292570270427,16.561318138360832,0.49358535047819657,27.549713134765625,38899.75,1151776800000,2.1399993896484375,"{""type"":""MultiPoint"",""coordinates"":[]}"
1_1_2_1_LT05_013030_20060911,149.88599,3.0,47.44752,0.977941145456293,1.0066447,38971.643497916666,1157988398220,0.9865423827556073,16934,6.901276495079491,17.03007534102991,13.286824796303575,13.313600819778607,6.001555611453531,0.8339950343102991,42.5524787902832,38971.75,1157997600000,0.9399993896484375,"{""type"":""MultiPoint"",""coordinates"":[]}"
1_1_2_1_LT05_013030_20060927,154.75151,19.0,42.10804,0.977941145456293,1.0022492,38987.64363402778,1159370809980,0.3085930672880862,5297,10.059262110036292,16.111952445807088,13.412348141563186,13.783983912524935,4.478322589262312,1.1350665502360657,47.89196014404297,38987.75,1159380000000,1.75,"{""type"":""MultiPoint"",""coordinates"":[]}"
1_2_1_LE07_013030_20061005,155.29178,22.0,38.949932,0.977941145456293,0.9999597,38995.64041944445,1160061732240,0.37366734634430526,6414,2.5294007717348848,13.831118274586274,11.853814140192998,12.72060947573148,4.614182871816675,1.5911916843856042,51.05006790161133,38995.75,1160071200000,0.9709991455078125,"{""type"":""MultiPoint"",""coordinates"":[]}"
1_1_2_1_LT05_013030_20061013,158.5603,1.0,36.58574,0.977941145456293,0.9976656,39003.643765277775,1160753221320,1.0,17165,4.000106554654025,12.36577045133205,11.472131699492062,11.40997111876725,7.004980841466731,0.668079134626999,53.41426086425781,39003.75,1160762400000,0.6209991455078125,"{""type"":""MultiPoint"",""coordinates"":[]}"
1_2_1_LE07_013030_20061021,158.59012,31.0,33.531536,0.977941145456293,0.9954106,39011.64061134259,1161444148820,0.6527235653946986,11204,5.0454109670286496,10.465986743035478,8.950621257386137,9.321024411682691,0.938406491568587,1.405374340945503,56.46846389770508,39011.75,1161453600000,0.4709991455078125,"{""type"":""MultiPoint"",""coordinates"":[]}"
1_2_1_LE07_013030_20070501,140.95476,32.0,56.695316,0.977941145456293,1.0075723,39203.641211458336,1178033000670,0.8615205359743664,14788,6.951214089388925,5.2142365685826215,-2.3362247339355053,-2.2317435417457694,-4.18479664270577,1.0799255380313912,33.304683685302734,39203.75,1178042400000,0.7100006103515626,"{""type"":""MultiPoint"",""coordinates"":[]}"
1_1_2_1_LT05_013030_20070509,140.91443,29.0,59.215073,0.977941145456293,1.0095274,39211.64407337963,1178724447940,1.0,17165,0.8418677572221007,24.14379948828718,12.578992275522877,12.364844908062533,7.9982193903738015,2.1829926238090063,30.784927368164062,39211.75,1178733600000,1.6899993896484375,"{""type"":""MultiPoint"",""coordinates"":[]}"
1_1_2_1_LT05_013030_20070525,136.94174,1.0,62.245613,0.977941145456293,1.0128657,39227.64394386574,1180106836750,0.9355665598601806,16059,3.6516827418687194,25.011407839395808,15.526787987197704,15.18600068519166,13.783524447303813,1.6228193755762683,27.75438690185547,39227.75,1180116000000,2.0600006103515627,"{""type"":""MultiPoint"",""coordinates"":[]}"
1_1_2_1_LT05_013030_20070610,133.32568,70.0,63.630566,0.977941145456293,1.0152515,39243.64377696759,1181489222330,0.5411010777745412,9288,-0.5346861750652749,14.720113684067812,10.48917742086737,10.443736049394875,3.9655546807669673,2.100166155026115,26.369434356689453,39243.75,1181498400000,2.25,"{""type"":""MultiPoint"",""coordinates"":[]}"
1_2_1_LE07_013030_20070618,130.30353,27.0,63.148376,0.977941145456293,1.0160326,39251.64108136574,1182180189430,0.5433148849402855,9326,1.6837757481069167,20.27969155933999,14.753959309065065,14.930681131908402,9.894232344723108,1.2688473496412287,26.85162353515625,39251.75,1182189600000,1.529998779296875,"{""type"":""MultiPoint"",""coordinates"":[]}"
1_1_2_1_LT05_013030_20070712,131.9993,15.0,61.91174,0.977941145456293,1.0165832,39275.64346875,1184253995700,0.48732886688027965,8365,9.217644880210159,25.859177958399393,18.07875229214584,17.9419641202111,14.25349739642418,0.6704639597482088,28.088260650634766,39275.75,1184263200000,1.5,"{""type"":""MultiPoint"",""coordinates"":[]}"
1_2_1_LE07_013030_20070805,135.72513,0.0,57.131466,0.977941145456293,1.0144331,39299.64096736111,1186327379580,0.8592484707253132,14749,5.710858138366191,24.89884220088296,21.373875496877485,21.321016227645252,18.700034704481045,0.3517000784055358,32.868534088134766,39299.75,1186336800000,1.4600006103515626,"{""type"":""MultiPoint"",""coordinates"":[]}"
1_1_2_1_LT05_013030_20070813,139.75162,49.0,55.791782,0.977941145456293,1.0131619,39307.64324513889,1187018776380,0.7916108360034955,13588,5.622971865578355,22.838319308971094,18.84234788445174,18.846640321177972,15.18637867362453,0.49533504969849856,34.20821762084961,39307.75,1187028000000,1.470001220703125,"{""type"":""MultiPoint"",""coordinates"":[]}"
1_1_2_1_LT05_013030_20070914,150.54677,30.0,46.49819,0.977941145456293,1.0059195,39339.643047453705,1189783559300,0.9995339353335275,17157,5.093384484450587,19.747190788273613,16.378878787082872,16.572251069491358,15.649854870331378,0.3318694603366951,43.501808166503906,39339.75,1189792800000,2.0899993896484377,"{""type"":""MultiPoint"",""coordinates"":[]}"
1_2_1_LE07_013030_20071125,161.08498,37.0,23.810648,0.977941145456293,0.9871101,39411.64103900463,1196004185770,0.869909699970871,14932,4.849257833807627,4.0106722629509735,2.439088482904045,2.17854586399757,-2.8784248150935943,0.6580130081617571,66.18935203552246,39411.75,1196013600000,1.05,"{""type"":""MultiPoint"",""coordinates"":[]}"
1_1_2_1_LT05_013030_20080511,137.91458,0.0,59.173996,0.977941145456293,1.0101572,39579.639940277775,1210519290840,1.0,17165,4.804170159639588,19.295066844548753,9.489422280959902,8.98436977820281,7.503188572177316,1.3814907837934793,30.826004028320312,39579.75,1210528800000,0.7399993896484376,"{""type"":""MultiPoint"",""coordinates"":[]}"
1_1_2_1_LT05_013030_20080612,130.20898,1.0,62.828243,0.977941145456293,1.015551,39611.63934780093,1213284039650,1.0,17165,2.422834982929582,23.703340054630168,17.47507284927664,17.486266821747915,15.186463303786946,0.8095399940582216,27.171756744384766,39611.75,1213293600000,0.5600006103515626,"{""type"":""MultiPoint"",""coordinates"":[]}"
1_2_1_LE07_013030_20080706,129.53622,27.0,61.854122,0.977941145456293,1.0166967,39635.640555555554,1215357744000,0.8242936207398777,14149,5.116140953825404,25.91262272877325,20.44438183335327,20.28224442199249,16.56129874653267,0.6804359774861247,28.145877838134766,39635.75,1215367200000,2.0899993896484377,"{""type"":""MultiPoint"",""coordinates"":[]}"
1_2_1_LE07_013030_20080823,141.63443,6.0,52.3904,0.977941145456293,1.0110754,39683.64027280093,1219504919570,0.8625691814739295,14806,6.37395597772379,25.41454615394892,19.484295332071664,19.231481647962973,18.170520450989507,0.5473721970271553,37.60960006713867,39683.75,1219514400000,2.2899993896484374,"{""type"":""MultiPoint"",""coordinates"":[]}"
1_1_2_1_LT05_013030_20080831,143.34254,6.0,49.79288,0.977941145456293,1.0092744,39691.637762384256,1220195902670,0.5643460530148559,9687,14.428485123113674,23.275862625169182,18.056492558352854,17.942200484625694,11.408998091688092,0.7269795793776511,40.20711898803711,39691.75,1220205600000,1.6600006103515625,"{""type"":""MultiPoint"",""coordinates"":[]}"
1_2_1_LE07_013030_20080908,147.18657,12.0,47.670723,0.977941145456293,1.0072978,39699.64018194444,1220887311720,0.5252548791144771,9016,6.68907318946243,20.803989517918357,17.16018331178163,17.09985802977595,11.597681699681786,0.5399668608330299,42.32927703857422,39699.75,1220896800000,1.9799987792968752,"{""type"":""MultiPoint"",""coordinates"":[]}"
1_2_1_LE07_013030_20081010,156.32909,0.0,36.993324,0.977941145456293,0.9983859,39731.63992071759,1223652089150,0.8795222837168657,15097,3.4464020231017978,16.020116897490425,12.994842170799574,12.720332313303727,12.160882006341799,0.37676568292380286,53.006675720214844,39731.75,1223661600000,1.35,"{""type"":""MultiPoint"",""coordinates"":[]}"
1_1_2_1_LT05_013030_20081018,156.56749,9.0,33.981457,0.977941145456293,0.9961141,39739.63672824074,1224343013320,0.5551995339353335,9530,1.3801002361768289,11.409967683670876,8.396820981673306,8.984401426567235,-0.22699459937600527,2.0912138884844467,56.0185432434082,39739.75,1224352800000,0.6399993896484375,"{""type"":""MultiPoint"",""coordinates"":[]}"
1_2_1_LE07_013030_20081026,159.20372,3.0,31.677132,0.977941145456293,0.9939112,39747.640112037036,1225034505680,0.8675211185551995,14891,1.40302702510869,12.72060947573155,10.276334596910132,10.465803967240156,8.743768016602012,0.3454549738810262,58.32286834716797,39747.75,1225044000000,0.9709991455078125,"{""type"":""MultiPoint"",""coordinates"":[]}"
1_2_1_LE07_013030_20081111,160.68654,86.0,26.93093,0.977941145456293,0.9898826,39763.64027962963,1226416920160,0.2942033207107486,5050,-0.38698908767225104,6.403967128816506,3.9849263001332362,4.61424556923521,-0.9513665463096567,1.586858058540939,63.06907081604004,39763.75,1226426400000,0.7299987792968751,"{""type"":""MultiPoint"",""coordinates"":[]}"
1_2_1_LE07_013030_20081127,160.83076,60.0,23.219679,0.977941145456293,0.9866177,39779.64042060185,1227799332340,0.8076318089134867,13863,13.113275699589664,3.4036712322505522,1.8243358815421673,2.1785730000669217,-5.509531662071308,0.7439638055911192,66.78032112121582,39779.75,1227808800000,0.7000000000000001,"{""type"":""MultiPoint"",""coordinates"":[]}"
1_2_1_LE07_013030_20090522,135.96068,7.0,61.416122,0.977941145456293,1.0123974,39955.64120648148,1243005800240,0.843285755898631,14475,3.659870439847505,22.35565855080482,12.181528873436724,12.160409859007663,9.31997800563041,1.5820637871542278,28.583877563476562,39955.75,1243015200000,1.7209991455078126,"{""type"":""MultiPoint"",""coordinates"":[]}"
1_1_2_1_LT05_013030_20090530,133.12552,50.0,62.153744,0.977941145456293,1.0137994,39963.63953356481,1243696855700,0.5027090008738713,8629,4.216947122245982,19.296671439636942,12.576493493204175,12.365098632352831,10.445250847707205,0.9870465416227222,27.846256256103516,39963.75,1243706400000,1.5209991455078127,"{""type"":""MultiPoint"",""coordinates"":[]}"
1_1_2_1_LT05_013030_20090919,151.19208,14.0,44.38442,0.977941145456293,1.0044302,40075.640774074076,1253373762880,0.538013399359161,9235,2.4243110088681012,15.186502495101045,13.6342458229321,14.253820717566947,6.001576955915367,1.3285317059925636,45.61558151245117,40075.75,1253383200000,0.8899993896484375,"{""type"":""MultiPoint"",""coordinates"":[]}"
1_1_2_1_LT05_013030_20091021,158.8996,36.0,33.536015,0.977941145456293,0.9953496,40107.64101331019,1256138583550,0.693562481794349,11905,2.7737822805399333,11.408946238349513,8.1626441108406,7.998219390373013,6.00097118598303,0.5528767225715726,56.463985443115234,40107.75,1256148000000,1.6899993896484375,"{""type"":""MultiPoint"",""coordinates"":[]}"
1_1_2_1_LT05_013030_20091122,161.29596,27.0,24.420465,0.977941145456293,0.9875894,40139.64117662037,1258903397660,0.9999417419166909,17164,0.7227064654452136,7.503219550469837,5.8173511334955,6.00165244849433,4.478814114149877,0.30908365782065,65.57953453063965,40139.75,1258912800000,0.6299987792968751,"{""type"":""MultiPoint"",""coordinates"":[]}"
1_1_2_1_LT05_013030_20100501,141.27509,37.0,56.842155,0.977941145456293,1.0076278,40299.641472222225,1272727423200,0.2601806000582581,4466,2.92685940648515,16.111926394504774,8.93426536633084,8.982596036608747,6.503141850574936,1.1905376668474017,33.15784454345703,40299.75,1272736800000,2.0899993896484377,"{""type"":""MultiPoint"",""coordinates"":[]}"
1_1_2_1_LT05_013030_20100517,137.473,36.0,60.58407,0.977941145456293,1.0113477,40315.641442939814,1274109820670,1.0,17165,3.5244522383699337,18.394560315113925,9.08818994527787,8.984133059064272,7.00475630627162,1.5736223786161538,29.415931701660156,40315.75,1274119200000,1.1100006103515625,"{""type"":""MultiPoint"",""coordinates"":[]}"
1_1_2_1_LT05_013030_20100602,133.53642,4.0,62.7411,0.977941145456293,1.0142215,40331.64138136574,1275492215350,0.8598893096417128,14760,3.1434958127546127,23.720107334131065,17.98073241076795,17.943551277554718,14.719903536940452,0.8285323962102987,27.258899688720703,40331.75,1275501600000,2.4000000000000004,"{""type"":""MultiPoint"",""coordinates"":[]}"
1_1_2_1_LT05_013030_20100618,130.6833,5.0,63.26366,0.977941145456293,1.0160488,40347.64133240741,1276874611120,0.9899213515875328,16992,1.4209265424962814,23.719479402879198,15.299719876521293,15.185711004264823,8.490517162612033,1.7890826325914602,26.736339569091797,40347.75,1276884000000,2.3600006103515625,"{""type"":""MultiPoint"",""coordinates"":[]}"
1_2_1_LE07_013030_20100712,131.44896,25.0,61.67454,0.977941145456293,1.0165741,40371.64243958333,1278948306780,0.26495776288960093,4548,4.906114749978051,25.417300439200336,21.46005495260699,21.3274694070541,14.381087032866628,0.894730316329786,28.325458526611328,40371.75,1278957600000,2.4300003051757812,"{""type"":""MultiPoint"",""coordinates"":[]}"
1_2_1_LE07_013030_20100829,144.92148,0.0,51.27657,0.977941145456293,1.0098616,40419.642474189815,1283095509770,0.8601806000582581,14765,8.01596553635614,26.403334296093455,19.999637038906865,19.755656155330772,18.700293521701507,0.7283517679031215,38.72343063354492,40419.75,1283104800000,1.579998779296875,"{""type"":""MultiPoint"",""coordinates"":[]}"
1_1_2_1_LT05_013030_20100906,146.95941,28.0,48.65948,0.977941145456293,1.0079366,40427.641073032406,1283786588710,0.6280221380716574,10780,6.222302831268728,20.194342063974563,16.91193159405339,17.03087580584349,9.471837908084872,0.9178638565414575,41.340518951416016,40427.75,1283796000000,2.1100006103515625,"{""type"":""MultiPoint"",""coordinates"":[]}"
1_2_1_LE07_013030_20100914,150.319,61.0,46.316654,0.977941145456293,1.00586,40435.64248819444,1284477910980,0.4057092921642878,6964,3.109766422043368,16.561109509037504,14.082404384276792,14.381980251731871,6.993103534155401,1.3700567166950341,43.683345794677734,40435.75,1284487200000,1.629998779296875,"{""type"":""MultiPoint"",""coordinates"":[]}"
1_1_2_1_LT05_013030_20101008,156.24246,3.0,37.99199,0.977941145456293,0.9991087,40459.640914351854,1286551375000,1.0,17165,4.2356575092537385,14.720473399380916,12.011891630225978,11.887395146040978,11.408440960199968,0.30251034598716847,52.00801086425781,40459.75,1286560800000,1.9500000000000002,"{""type"":""MultiPoint"",""coordinates"":[]}"
1_2_1_LE07_013030_20101117,161.89937,75.0,25.781836,0.977941145456293,0.9886641,40499.642815162035,1290007539230,0.8834838333818817,15165,1.2641318749233132,8.743018364727574,6.145637238375453,6.403316142544316,4.613832304447278,0.41903436061000787,64.21816444396973,40499.75,1290016800000,1.6700012207031252,"{""type"":""MultiPoint"",""coordinates"":[]}"
1_2_1_LE07_013030_20110512,139.9514,25.0,59.865025,0.977941145456293,1.0102063,40675.643387268516,1305213988660,0.7769297990096126,13336,5.244009274055481,18.699972572653095,9.746802524580206,9.320390776789312,6.993317757375619,1.2449032578816346,30.13497543334961,40675.75,1305223200000,1.4299987792968751,"{""type"":""MultiPoint"",""coordinates"":[]}"
1_1_2_1_LT05_013030_20110621,129.85707,3.0,63.015804,0.977941145456293,1.0162461,40715.64040833333,1308669731280,1.0,17165,4.390229169061911,23.28107134707575,17.310733886529942,17.03089155346847,16.111920849438686,0.8395821502509747,26.984195709228516,40715.75,1308679200000,2.129998779296875,"{""type"":""MultiPoint"",""coordinates"":[]}"
1_2_1_LE07_013030_20110629,131.19823,49.0,63.20413,0.977941145456293,1.0166218,40723.64334328704,1309361184860,0.8214389746577337,14100,8.878992226060175,23.387659272402253,17.849626173164413,17.636636273323525,16.020116811274146,0.6366418662160522,26.79587173461914,40723.75,1309370400000,2.3600006103515625,"{""type"":""MultiPoint"",""coordinates"":[]}"
1_1_2_1_LT05_013030_20110707,129.69344,16.0,61.868656,0.977941145456293,1.0166934,40731.64033854166,1310052125250,0.3514127585202447,6032,6.526170796721255,21.52070746398741,18.292821977893045,18.39476640300562,11.409573127095394,0.8566196960350799,28.131343841552734,40731.75,1310061600000,1.25,"{""type"":""MultiPoint"",""coordinates"":[]}"
1_2_1_LE07_013030_20110715,132.33632,16.0,61.469967,0.977941145456293,1.0164593,40739.64334351852,1310743584880,0.8646664724730556,14842,12.449196590492335,26.911464269125222,19.914332404728146,19.757848972017346,18.701719448160773,0.5575778294546319,28.530033111572266,40739.75,1310752800000,2.1399993896484375,"{""type"":""MultiPoint"",""coordinates"":[]}"
1_2_1_LE07_013030_20110731,135.80113,12.0,58.693363,0.977941145456293,1.0150965,40755.64330474537,1312125981530,0.8854646082143898,15199,12.051143289286909,26.41453543243452,20.96153846323961,20.805279539170563,20.282779467125277,0.4793514129255048,31.306636810302734,40755.75,1312135200000,2.1899993896484378,"{""type"":""MultiPoint"",""coordinates"":[]}"
1_1_2_1_LT05_013030_20111011,156.32689,1.0,36.93492,0.977941145456293,0.9983227,40827.63954097222,1318346456340,1.0,17165,4.8771833534590465,17.03019533259409,13.929980022441477,13.784560938849802,13.313487946079338,0.30811850380703737,53.06507873535156,40827.75,1318356000000,1.1399993896484375,"{""type"":""MultiPoint"",""coordinates"":[]}"
1_2_1_LE07_013030_20111104,161.45084,16.0,29.457754,0.977941145456293,0.9917652,40851.64327418982,1320420378890,0.7687154092630353,13195,20.07826066648329,8.163775312810552,7.159821918491313,7.5804114777634855,-4.184730111565745,1.12552609194508,60.542245864868164,40851.75,1320429600000,0.35000000000000003,"{""type"":""MultiPoint"",""coordinates"":[]}"
1_1_2_1_LT05_013030_20111112,160.39133,32.0,26.826258,0.977941145456293,0.9898324,40859.639191319446,1321111226130,0.9846198660064084,16901,9.064928030681626,6.504293702711168,5.5635357192116395,5.496304110823524,0.8374392238438518,0.659987439384172,63.17374229431152,40859.75,1321120800000,1.0600006103515625,"{""type"":""MultiPoint"",""coordinates"":[]}"
1_2_1_LE07_013030_20120615,132.6231,0.0,63.820877,0.977941145456293,1.0158358,41075.64397025463,1339774039030,0.8745120885522867,15011,8.394784845007601,23.376081968484907,17.609973595405958,17.635067550960517,16.02008620976877,0.7093933720649176,26.179122924804688,41075.75,1339783200000,1.1899993896484375,"{""type"":""MultiPoint"",""coordinates"":[]}"
1_2_1_LE07_013030_20120818,142.40648,36.0,54.526978,0.977941145456293,1.0121038,41139.64448888889,1345303683840,0.49012525487911446,8413,12.765408042772039,23.8871195415458,20.156889228810527,20.27946267498559,14.382092170034124,0.6435891981566483,35.4730224609375,41139.75,1345312800000,1.470001220703125,"{""type"":""MultiPoint"",""coordinates"":[]}"
1_2_1_LE07_013030_20120903,147.98201,1.0,49.956173,0.977941145456293,1.0085604,41155.64460613426,1346686093970,0.8922225458782406,15315,6.658369375165382,22.357876556236803,18.92683989563575,18.701302281434604,18.169872554227503,0.4035912100174086,40.043827056884766,41155.75,1346695200000,1.9899993896484376,"{""type"":""MultiPoint"",""coordinates"":[]}"
1_2_1_LE07_013030_20120919,153.18295,9.0,44.786755,0.977941145456293,1.0043688,41171.644696296295,1348068501760,0.8697349257209438,14929,29.59290132490888,19.753128625963882,16.50606327188835,16.560550924798793,9.321023648070485,0.5695744954176396,45.2132453918457,41171.75,1348077600000,0.479998779296875,"{""type"":""MultiPoint"",""coordinates"":[]}"
1_2_1_LE07_013030_20121106,162.29822,0.0,28.780134,0.977941145456293,0.9910839,41219.64495046296,1352215723720,0.8895426740460239,15269,5.6769766266013075,9.32101604741945,7.614098627080948,7.580398109016567,0.9384061235108836,0.9596373452700693,61.219865798950195,41219.75,1352224800000,0.5399993896484375,"{""type"":""MultiPoint"",""coordinates"":[]}"
1_2_1_LE07_013030_20121122,162.69164,0.0,24.671196,0.977941145456293,0.9875474,41235.64505775463,1353598132990,0.8929799009612583,15328,3.880251800122644,6.993629475133354,5.126860210722824,5.214129149687687,2.178546880199342,0.39225781865120085,65.32880401611328,41235.75,1353607200000,1.0399993896484376,"{""type"":""MultiPoint"",""coordinates"":[]}"
1_2_1_LE07_013030_20130501,143.24661,0.0,57.49223,0.977941145456293,1.0076833,41395.64500474537,1367422128410,0.8626856976405476,14808,2.476443235382807,23.378799456012327,10.924026521414902,11.033233199322932,6.993193645253753,1.932911590317013,32.50777053833008,41395.75,1367431200000,1.55,"{""type"":""MultiPoint"",""coordinates"":[]}"
1_2_1_LE07_013030_20130517,139.53268,34.0,61.252213,0.977941145456293,1.011393,41411.644977083335,1368804526020,0.4812700262161375,8261,6.3139246213016165,17.099080654776674,10.08183971741677,9.894779149272845,5.810686391685565,0.8270034888375921,28.747787475585938,41411.75,1368813600000,1.020001220703125,"{""type"":""MultiPoint"",""coordinates"":[]}"
1_2_1_LE07_013030_20130805,138.06842,0.0,57.74016,0.977941145456293,1.0143673,41491.64454861111,1375716489000,0.8407224002330324,14431,9.61197876652201,22.868204105704226,18.992785729782337,19.22923669729688,13.830701462464788,0.46681775712721285,32.25983810424805,41491.75,1375725600000,1.6200012207031251,"{""type"":""MultiPoint"",""coordinates"":[]}"
1_2_1_LE07_013030_20130906,148.99937,2.0,49.120106,0.977941145456293,1.0078804,41523.64475717593,1378481307020,0.8995630643751821,15441,0.40847946767726784,21.838593126913185,17.269771792630426,17.635396878884944,12.720198281176387,1.0774256926344823,40.8798942565918,41523.75,1378490400000,1.4799987792968752,"{""type"":""MultiPoint"",""coordinates"":[]}"
2_1_LC08_013030_20130930,158.19667,3.88,41.541733,0.977941145456293,1.0013444,41547.64914849537,1380555286430,0.9205359743664433,15801,14.296348288296254,19.3737265463814,15.71038227810323,15.781708934088586,10.722409654044887,0.5752081561607868,48.45826721191406,41547.75,1380564000000,1.6,"{""type"":""MultiPoint"",""coordinates"":[]}"
1_2_1_LE07_013030_20131008,158.17659,1.0,38.345352,0.977941145456293,0.9990453,41555.645015856484,1381246129370,0.8934459656277308,15336,3.439566849252441,15.476688572390298,13.759419046096738,13.831130513222638,11.033858334444767,0.3855967462034733,51.65464782714844,41555.75,1381255200000,0.929998779296875,"{""type"":""MultiPoint"",""coordinates"":[]}"
1_2_1_LE07_013030_20131109,162.52426,58.0,28.00847,0.977941145456293,0.9904225,41587.645178935185,1384010943460,0.8619866006408389,14796,10.584869161474654,7.580278005669991,5.989608493359213,6.403907813058849,-3.529392075347253,1.1074189819404945,61.99152946472168,41587.75,1384020000000,0.8899993896484375,"{""type"":""MultiPoint"",""coordinates"":[]}"
1_2_1_LE07_013030_20131125,162.70673,26.0,24.10748,0.977941145456293,0.9870306,41603.64524097222,1385393348820,0.8588406641421498,14742,5.556596144404356,4.010750653766159,1.9895925210891816,2.178573520424866,-6.1789941193635265,1.336181707571015,65.89252090454102,41603.75,1385402400000,0.6899993896484375,"{""type"":""MultiPoint"",""coordinates"":[]}"
2_1_LC08_013030_20140512,142.35692,2.84,60.591198,0.977941145456293,1.010217,41771.64755347222,1399908748620,1.0,17165,3.13069406263961,20.715815903595537,10.483677390899118,9.968692105110156,8.790930540019218,1.911139286051743,29.408802032470703,41771.75,1399917600000,1.529998779296875,"{""type"":""MultiPoint"",""coordinates"":[]}"
1_2_1_LE07_013030_20140520,139.5125,2.0,61.93332,0.977941145456293,1.0119492,41779.646006828705,1400599814990,0.8556947276434606,14688,8.72080697548879,19.229069195986554,10.201353936542837,9.894190033651844,7.579702860319511,1.1276385752837317,28.066680908203125,41779.75,1400608800000,1.5600006103515627,"{""type"":""MultiPoint"",""coordinates"":[]}"
1_2_1_LE07_013030_20140808,139.8701,13.0,57.40529,0.977941145456293,1.0139557,41859.64621643518,1407511833100,0.8075152927468686,13861,6.934486417231701,22.357098006349762,18.6090366894584,18.701064353808764,16.020158343177968,0.3818726163602307,32.59471130371094,41859.75,1407520800000,1.9000000000000001,"{""type"":""MultiPoint"",""coordinates"":[]}"
2_1_LC08_013030_20140917,154.009,15.89,45.995827,0.977941145456293,1.0050675,41899.64793472222,1410967981560,0.6941450626274396,11915,26.870652681783156,18.59718930123995,15.560043250233443,15.718772436981927,7.786177519276597,0.6877149618061783,44.004173278808594,41899.75,1410976800000,1.579998779296875,"{""type"":""MultiPoint"",""coordinates"":[]}"
2_1_LC08_013030_20141003,158.31999,0.02,40.458096,0.977941145456293,1.0005507,41915.64796851852,1412350384480,1.0,17165,9.46798757708618,17.115124517504384,14.976511586912727,14.993263857512801,13.787338561854217,0.1978464890159546,49.54190444946289,41915.75,1412359200000,1.3700012207031251,"{""type"":""MultiPoint"",""coordinates"":[]}"
1_2_1_LE07_013030_20141027,161.97131,40.0,32.13336,0.977941145456293,0.9937933,41939.64652962963,1414423860160,0.3203029420332071,5498,2.9299193171114863,11.033617355578313,9.034480035038882,9.320614939323129,4.010613125702329,1.1672436349267359,57.86663818359375,41939.75,1414432800000,1.2300000190734863,"{""type"":""MultiPoint"",""coordinates"":[]}"
2_1_LC08_013030_20141120,163.79796,37.96,25.451115,0.977941145456293,0.9880979,41963.64795,1416497582880,0.9092339062044859,15607,5.241613459822405,4.665182494892456,3.7123204125660614,3.841671586643911,-4.096539495509652,0.8066581815243623,64.54888534545898,41963.75,1416506400000,0.3200000047683716,"{""type"":""MultiPoint"",""coordinates"":[]}"
1_2_1_LE07_013030_20150507,143.52887,0.0,59.352432,0.977941145456293,1.0090339,42131.6473994213,1431012735310,0.8844159627148267,15181,2.64480548868288,20.800802067025217,9.787734120152109,9.320508919133529,6.40363577308364,1.7087836690356029,30.647567749023438,42131.75,1431021600000,1.3300000190734864,"{""type"":""MultiPoint"",""coordinates"":[]}"
1_2_1_LE07_013030_20150523,139.78596,0.0,62.641277,0.977941145456293,1.0124792,42147.64746875,1432395141300,0.8766676376347218,15048,5.822568323543313,16.020033189468602,10.178546721195978,10.465797754538032,5.810705071778092,0.9087023217381591,27.358722686767578,42147.75,1432404000000,0.9800000190734863,"{""type"":""MultiPoint"",""coordinates"":[]}"
1_2_1_LE07_013030_20150624,133.98425,13.0,64.32255,0.977941145456293,1.0164187,42179.64756747685,1435159949830,0.7619574715991844,13079,8.581425614541367,26.40745593951088,18.148066708343595,18.16955610167216,13.830476730419623,0.735673507312278,25.677452087402344,42179.75,1435168800000,1.8299999237060547,"{""type"":""MultiPoint"",""coordinates"":[]}"
2_1_LC08_013030_20150702,133.72997,38.16,63.768753,0.977941145456293,1.0166498,42187.64743414352,1435851138310,0.740809787357996,12716,9.869425219914152,21.755390893386213,17.85170326874102,17.828310897208034,13.787509288673734,0.48299044245043316,26.231246948242188,42187.75,1435860000000,1.2800000190734864,"{""type"":""MultiPoint"",""coordinates"":[]}"
1_2_1_LE07_013030_20150710,134.27905,21.0,62.96398,0.977941145456293,1.0166405,42195.64764814815,1436542356800,0.45639382464316924,7834,4.680406551636224,24.394761802054703,18.920288891634826,18.70020541788152,13.83077551894921,0.6587095066787473,27.03601837158203,42195.75,1436551200000,1.5399999618530273,"{""type"":""MultiPoint"",""coordinates"":[]}"
1_2_1_LE07_013030_20151030,162.93169,32.0,31.3858,0.977941145456293,0.9930649,42307.64814664352,1446219199870,0.6548208563938246,11240,7.457001891452325,9.321026647810424,8.09550806779824,8.163774798526998,0.938406644942086,1.0807935601446474,58.614200592041016,42307.75,1446228000000,0.43000001907348634,"{""type"":""MultiPoint"",""coordinates"":[]}"
2_1_LC08_013030_20151123,163.74684,1.18,24.829836,0.977941145456293,0.9874694,42331.647948611106,1448292782760,1.0,17165,2.101411418975327,6.747077270818561,5.759257672277211,6.013987446385952,1.0710015830386646,0.9574120459483445,65.17016410827637,42331.75,1448301600000,0.1,"{""type"":""MultiPoint"",""coordinates"":[]}"
1_2_1_LE07_013030_20160525,140.4399,12.0,63.393753,0.977941145456293,1.0129819,42515.64955243055,1464190521330,0.7782697349257209,13359,0.520892764446923,21.84540052282941,13.434627031667185,13.829679910406705,8.741677886673202,1.8182572252309412,26.606246948242188,42515.75,1464199200000,2.379999923706055,"{""type"":""MultiPoint"",""coordinates"":[]}"
2_1_LC08_013030_20160618,134.57008,1.38,64.500114,0.977941145456293,1.0160778,42539.64764930555,1466263956900,1.0,17165,4.9853419759604805,26.361934452359595,18.930556003619966,18.717854871069196,17.337468104804504,0.9926691719451445,25.49988555908203,42539.75,1466272800000,0.9899999618530274,"{""type"":""MultiPoint"",""coordinates"":[]}"
2_1_LC08_013030_20160704,134.01465,0.37,63.574863,0.977941145456293,1.0167509,42555.64775833333,1467646366320,1.0,17165,7.35385489683188,26.184118781982257,20.0719145555629,19.891116501275846,19.47111424430021,0.679225987725727,26.42513656616211,42555.75,1467655200000,1.8899999618530274,"{""type"":""MultiPoint"",""coordinates"":[]}"
2_1_LC08_013030_20160720,136.03629,10.8,61.431236,0.977941145456293,1.0160836,42571.64783032407,1469028772540,0.9833964462569181,16880,10.470513194529689,22.25880649698665,19.504836551403518,19.491817681136414,18.47196445663522,0.2967785025062329,28.568763732910156,42571.75,1469037600000,2.3700000762939455,"{""type"":""MultiPoint"",""coordinates"":[]}"
2_1_LC08_013030_20160805,140.11159,6.34,58.271564,0.977941145456293,1.014357,42587.6478625,1470411175320,0.4836586076318089,8302,-0.5097230424880408,21.810476659216626,17.3538184083877,18.280386246207726,11.454722986486145,2.240419333290506,31.728435516357422,42587.75,1470420000000,2.3700000762939455,"{""type"":""MultiPoint"",""coordinates"":[]}"
1_2_1_LE07_013030_20160829,148.94914,21.0,52.162724,0.977941145456293,1.0097582,42611.64970555555,1472484934560,0.6480629187299738,11124,7.702973245585012,24.901163076157324,20.172244388624915,20.28021713200357,14.930615999221471,0.5708052838092087,37.837276458740234,42611.75,1472493600000,1.6600000381469728,"{""type"":""MultiPoint"",""coordinates"":[]}"
1_2_1_LE07_013030_20160914,154.10805,73.0,47.036526,0.977941145456293,1.0057406,42627.64972569444,1473867336300,0.6755607340518497,11596,2.639434315240724,18.702727936620533,15.361141006553863,15.476252763353257,12.158939230450311,0.5858197134727783,42.96347427368164,42627.75,1473876000000,2.4700000762939456,"{""type"":""MultiPoint"",""coordinates"":[]}"
2_1_LC08_013030_20161024,162.2845,22.48,33.064236,0.977941145456293,0.9944494,42667.648087037036,1477323194720,0.6231867171570056,10697,13.484021749040878,11.695246341214267,10.707573017988674,11.158504239688396,-0.5893870717029897,1.2048495745658327,56.93576431274414,42667.75,1477332000000,0.6400000095367432,"{""type"":""MultiPoint"",""coordinates"":[]}"
2_1_LC08_013030_20170504,144.08742,20.11,58.70405,0.977941145456293,1.0084302,42859.64735405093,1493911931390,0.9067288086221963,15564,7.993932469444129,12.726949924753225,5.280218664340714,5.561839921795074,-11.56144007940893,2.1759029633319305,31.29595184326172,42859.75,1493920800000,0.6099999904632569,"{""type"":""MultiPoint"",""coordinates"":[]}"
2_1_LC08_013030_20170520,140.45102,0.01,62.23916,0.977941145456293,1.0120153,42875.64749178241,1495294343290,1.0,17165,5.693786891854016,19.428142318893954,11.880827497085782,11.59152411472999,10.525829207035162,0.9233231698692713,27.760841369628906,42875.75,1495303200000,0.43000001907348634,"{""type"":""MultiPoint"",""coordinates"":[]}"
2_1_LC08_013030_20170621,134.26765,37.93,64.43098,0.977941145456293,1.0162964,42907.64766319444,1498059158100,0.7702883775123799,13222,11.444883874254366,22.578239159574377,18.11441754449692,18.029552455118235,11.164816816932507,0.5086468997750184,25.56902313232422,42907.75,1498068000000,2.0399999618530273,"{""type"":""MultiPoint"",""coordinates"":[]}"
2_1_LC08_013030_20170723,136.58371,50.96,60.94443,0.977941145456293,1.0158982,42939.647773680554,1500823967646,0.8696184095543257,14927,7.48983776804803,23.76304974947286,19.380328934503577,19.452500953026796,16.625533810035947,0.47779777555860614,29.05556869506836,42939.75,1500832800000,1.6500000000000001,"{""type"":""MultiPoint"",""coordinates"":[]}"
2_1_LC08_013030_20170824,146.22678,22.41,53.44886,0.977941145456293,1.010927,42971.64790393518,1503588778900,0.34832508010486457,5979,11.838215185454029,21.505501987632815,18.54027249030403,18.843023596490543,9.209357695093061,1.056059656734852,36.55113983154297,42971.75,1503597600000,1.7799999237060549,"{""type"":""MultiPoint"",""coordinates"":[]}"
1_2_1_LE07_013030_20170901,149.82034,21.0,51.30168,0.977941145456293,1.0091146,42979.649658333336,1504280130480,0.28791144771337024,4942,6.0909422059844065,18.16842321719167,16.18213513984542,16.560886436804342,9.320699991785444,1.2368244584297303,38.69831848144531,42979.75,1504288800000,1.1399999618530274,"{""type"":""MultiPoint"",""coordinates"":[]}"
1_2_1_LE07_013030_20170917,154.88249,8.0,46.088547,0.977941145456293,1.004999,42995.649630555556,1505662528080,0.8830760267987183,15158,3.1415875516382776,22.876059104956635,18.68499280660751,18.702503591429355,16.56141525446639,0.46095610558584127,43.91145324707031,42995.75,1505671200000,2.4000000000000004,"{""type"":""MultiPoint"",""coordinates"":[]}"
1_2_1_LE07_013030_20171003,159.09341,4.0,40.5122,0.977941145456293,1.0004927,43011.64964780092,1507044929570,0.7602679871832216,13050,5.682947940122297,18.168983906987755,14.556578097655157,14.382066275882128,11.033288394537152,0.3978895329148439,49.48780059814453,43011.75,1507053600000,1.5100000381469727,"{""type"":""MultiPoint"",""coordinates"":[]}"
1_2_1_LE07_013030_20171019,162.13937,4.0,34.932674,0.977941145456293,0.9959291,43027.64967557871,1508427331970,0.8190503932420623,14059,2.515868331922233,15.476701588668107,13.566334663840887,13.83097837891549,9.89455180619946,0.7133166871118304,55.067325592041016,43027.75,1508436000000,1.2699999809265137,"{""type"":""MultiPoint"",""coordinates"":[]}"
2_1_LC08_013030_20171027,162.58304,4.6,32.156097,0.977941145456293,0.9937051,43035.648054861114,1509118391940,1.0,17165,3.9022053540369894,12.707966210037528,12.289926846907164,12.413491641599173,9.76207871706179,0.4251911034436619,57.843902587890625,43035.75,1509127200000,1.0199999809265137,"{""type"":""MultiPoint"",""coordinates"":[]}"
1_2_1_LE07_013030_20171104,163.87947,54.0,29.768986,0.977941145456293,0.9916552,43043.64966909723,1509809731410,0.7436644334401398,12765,0.9537182943608733,5.214097700097315,3.7238633687866796,4.0106540277011,-0.9513744163702155,0.9359179681510063,60.231014251708984,43043.75,1509818400000,1.1100000381469728,"{""type"":""MultiPoint"",""coordinates"":[]}"
2_1_LC08_013030_20171112,163.71901,28.4,27.388117,0.977941145456293,0.9897209,43051.648025,1510500789360,1.0,17165,2.0829805376184733,8.263132567849311,7.2429691314584765,7.421688435285155,2.73221854739118,0.9299346195108268,62.61188316345215,43051.75,1510509600000,0.5099999904632568,"{""type"":""MultiPoint"",""coordinates"":[]}"
2_1_LC08_013030_20171128,163.57854,49.36,23.72064,0.977941145456293,0.9864813,43067.64794976852,1511883182860,0.9668511505971453,16596,1.8946730739257864,2.3320728979281395,0.9795788941919082,1.1721898722228128,-3.479926332053674,0.9276330089486716,66.27935981750488,43067.75,1511892000000,1.2100000381469727,"{""type"":""MultiPoint"",""coordinates"":[]}"
2_1_LC08_013030_20180523,139.42024,0.28,62.59185,0.977941145456293,1.0125102,43243.6470849537,1527089508140,1.0,17165,4.257362358522247,22.229379362876355,14.09858734268235,13.71742309965526,13.11964168798819,1.1402343829866333,27.40814971923828,43243.75,1527098400000,0.9100000381469727,"{""type"":""MultiPoint"",""coordinates"":[]}"
2_1_LC08_013030_20180608,135.84161,39.36,64.2172,0.977941145456293,1.0150348,43259.64701782407,1528471902340,0.5177395863676085,8887,5.643295676993612,19.97314706383445,15.846198365587082,15.640266678022853,14.710925539130228,0.6984940501714485,25.782798767089844,43259.75,1528480800000,1.0899999618530274,"{""type"":""MultiPoint"",""coordinates"":[]}"
2_1_LC08_013030_20180710,134.11928,24.28,62.864323,0.977941145456293,1.016655,43291.647242708335,1531236721770,0.8642586658898922,14835,17.10831450855392,27.608572622607692,21.479846501063072,21.68669393185099,10.548879340994278,1.2911619676607626,27.135677337646484,43291.75,1531245600000,2.4600000381469727,"{""type"":""MultiPoint"",""coordinates"":[]}"
1_2_1_LE07_013030_20180718,135.09932,2.0,61.687214,0.977941145456293,1.0162793,43299.64719675926,1531927917800,0.8812700262161375,15127,2.174477154942789,25.89574049363306,20.919870812230194,20.798918224596953,18.167917906962057,0.47760515547425164,28.312786102294922,43299.75,1531936800000,0.7199999809265137,"{""type"":""MultiPoint"",""coordinates"":[]}"
1_2_1_LE07_013030_20180819,143.74307,19.0,54.70634,0.977941145456293,1.0120151,43331.646790162034,1534692682670,0.8505680163122633,14600,2.512283874115428,22.86727340175308,20.167552305097463,20.279576037563512,18.168967330202086,0.3489703588307571,35.29365921020508,43331.75,1534701600000,1.5,"{""type"":""MultiPoint"",""coordinates"":[]}"
1_2_1_LE07_013030_20180904,149.08638,24.0,50.02081,0.977941145456293,1.0084507,43347.64656030093,1536075062810,0.4461986600640839,7659,3.3697189732639874,21.83888747585696,18.54456918606177,18.70018367775586,15.476669776331356,0.5657176718047434,39.979190826416016,43347.75,1536084000000,1.5300000190734864,"{""type"":""MultiPoint"",""coordinates"":[]}"
2_1_LC08_013030_20181014,160.51839,11.37,36.58507,0.977941145456293,0.9974157,43387.64772986111,1539531163860,0.995106321002039,17081,5.7867738118343475,12.792594637446989,11.645349059017072,12.158796218445286,3.637839227837846,1.238691403464549,53.4149284362793,43387.75,1539540000000,1.3199999809265137,"{""type"":""MultiPoint"",""coordinates"":[]}"
1_2_1_LE07_013030_20181022,160.95406,45.0,33.681534,0.977941145456293,0.9951671,43395.645783796295,1540222195720,0.8115933585785028,13931,12.219655451340646,9.320984606508443,8.212252312919802,8.16373141200404,0.31249676007509114,0.8666282950218581,56.31846618652344,43395.75,1540231200000,0.6699999809265137,"{""type"":""MultiPoint"",""coordinates"":[]}"
1_2_1_LE07_013030_20181107,162.4868,30.0,28.645536,0.977941145456293,0.9909771,43411.6455431713,1541604574930,0.4538887270608797,7791,3.522634663611081,9.894779150206839,6.269556950167609,6.403844064493117,0.9383997462258375,0.8026889954472634,61.35446357727051,43411.75,1541613600000,1.0199999809265137,"{""type"":""MultiPoint"",""coordinates"":[]}"
1_2_1_LE07_013030_20181123,162.70648,5.0,24.552137,0.977941145456293,0.9874639,43427.645276157404,1542986951860,0.8513836294785901,14614,3.76636922855554,2.792970961840463,0.49432097862840124,0.9384068016394275,-8.216697450229194,1.6693775607525965,65.44786262512207,43427.75,1542996000000,0.29000000953674315,"{""type"":""MultiPoint"",""coordinates"":[]}"
1_2_1_LE07_013030_20190518,137.12955,5.0,60.68392,0.977941145456293,1.0114827,43603.64131782408,1558193009860,0.8593649868919313,14751,10.40213993293695,19.22820200391194,8.411742203371487,8.163404305821611,6.993510829215518,1.1427583371102596,29.316078186035156,43603.75,1558202400000,1.2100000381469727,"{""type"":""MultiPoint"",""coordinates"":[]}"
2_1_LC08_013030_20190526,139.13905,33.01,63.09598,0.977941145456293,1.0130392,43611.64762233796,1558884754570,0.5426157879405767,9314,3.0084772056056517,20.864210213537564,13.627319208904133,13.215156709065543,11.349683215022964,1.4108420984855419,26.90401840209961,43611.75,1558893600000,1.4899999618530275,"{""type"":""MultiPoint"",""coordinates"":[]}"
1_2_1_LE07_013030_20190603,132.98523,20.0,62.677097,0.977941145456293,1.014316,43619.64092002314,1559575375490,0.8562773084765511,14698,9.109293826289074,20.27832875942917,12.459938563942314,12.161081790269593,11.033710495421714,0.7574416145457192,27.32290267944336,43619.75,1559584800000,1.1300000190734865,"{""type"":""MultiPoint"",""coordinates"":[]}"
2_1_LC08_013030_20190627,133.95964,31.25,64.1912,0.977941145456293,1.0165905,43643.647766898146,1561649567060,0.6923973201281678,11885,1.9361976170386272,24.90445626150391,19.89853419972179,19.969946891233516,14.766800438427044,1.0349650393505392,25.808799743652344,43643.75,1561658400000,1.8299999237060547,"{""type"":""MultiPoint"",""coordinates"":[]}"
2_1_LC08_013030_20190729,137.95032,15.63,59.916973,0.977941145456293,1.0153943,43675.64786861111,1564414375848,0.7440722400233032,12772,8.138855515633322,26.330251761290654,21.771397914100948,21.702418065981604,18.970811148624573,0.4462438796183162,30.083026885986328,43675.75,1564423200000,2.4299999237060548,"{""type"":""MultiPoint"",""coordinates"":[]}"
2_1_LC08_013030_20190814,142.73685,33.76,56.289066,0.977941145456293,1.0130033,43691.647935393514,1565796781618,0.5860180600058258,10059,2.764444512469736,24.2792078722469,18.348703513054165,18.556831495547154,7.782837873317589,1.306858393671171,33.710933685302734,43691.75,1565805600000,1.8899999618530274,"{""type"":""MultiPoint"",""coordinates"":[]}"
1_2_1_LE07_013030_20190907,145.82301,8.0,47.98254,0.977941145456293,1.0077679,43715.63826774305,1567869546333,0.716341392368191,12296,7.3461857059209255,18.701090332313825,16.060074369752165,16.02015817832196,12.16010404698011,0.4812289357788705,42.017459869384766,43715.75,1567879200000,1.9100000381469728,"{""type"":""MultiPoint"",""coordinates"":[]}"
2_1_LC08_013030_20190915,153.39389,15.55,46.755367,0.977941145456293,1.0056728,43723.648036666666,1568561590368,0.8,13732,13.458486105365296,19.28809501626981,16.406949267832246,16.467875210229007,10.74576348726619,0.5028565820723754,43.244632720947266,43723.75,1568570400000,1.9899999618530275,"{""type"":""MultiPoint"",""coordinates"":[]}"
1_2_1_LE07_013030_20191009,154.86057,63.0,37.31915,0.977941145456293,0.9989185,43747.63731615741,1570634264116,0.8366443344013982,14361,9.487892321886811,13.831158243898702,12.561983002683817,12.720679145200988,6.9937516371109565,0.4098601663349157,52.680850982666016,43747.75,1570644000000,0.8,"{""type"":""MultiPoint"",""coordinates"":[]}"
2_1_LC08_013030_20191102,163.17651,1.4,30.42773,0.977941145456293,0.9922924,43771.6481132176,1572708796982,1.0,17165,3.8058571394723764,9.710107841925831,9.053066505643885,9.202413109548846,5.573094728883297,0.5697741878322335,59.572269439697266,43771.75,1572717600000,1.0,"{""type"":""MultiPoint"",""coordinates"":[]}"
1_2_1_LE07_013030_20191126,159.25256,37.0,23.157438,0.977941145456293,0.9869518,43795.63582217593,1574781335036,0.5699388290125255,9783,-0.7470153796471313,2.792915565880997,0.8192854207950171,0.9383993356641026,-1.5894630491449269,0.7868518988960184,66.84256172180176,43795.75,1574791200000,1.0399999618530273,"{""type"":""MultiPoint"",""coordinates"":[]}"
1_2_1_LE07_013030_20200520,129.64352,0.0,58.806763,0.977941145456293,1.0120347,43971.62921254629,1589987163964,0.8515001456452083,14616,5.79913138000731,20.800169283620047,11.34861200386672,11.033683898901957,8.743621112345956,1.263741109200949,31.1932373046875,43971.75,1589997600000,1.1600000381469726,"{""type"":""MultiPoint"",""coordinates"":[]}"
2_1_LC08_013030_20200715,135.10825,67.6,62.20153,0.977941145456293,1.0164583,44027.647756493054,1594827166161,0.3659190212642004,6281,8.166995485497464,21.9304682829004,20.08678253149977,20.172521417107745,16.609163462297605,0.4456591994232246,27.79846954345703,44027.75,1594836000000,2.029999923706055,"{""type"":""MultiPoint"",""coordinates"":[]}"
2_1_LC08_013030_20200731,138.64445,6.67,59.342148,0.977941145456293,1.0150009,44043.647806539346,1596209570485,0.9942324497524031,17066,17.766684440740303,26.265427597007267,21.744863567836436,21.702589477961222,20.738139990738354,0.33133697052978306,30.657852172851562,44043.75,1596218400000,2.010000038146973,"{""type"":""MultiPoint"",""coordinates"":[]}"
2_1_LC08_013030_20200917,154.20374,60.69,45.820934,0.977941145456293,1.0049697,44091.648023217596,1600356789206,0.27975531605010195,4802,-0.5962489068851395,17.385312759831688,13.793855756158992,14.096731188675937,8.928846803216256,1.677131768210425,44.1790657043457,44091.75,1600365600000,1.5800000190734864,"{""type"":""MultiPoint"",""coordinates"":[]}"
1_2_1_LE07_013030_20200925,145.3573,7.0,39.91007,0.977941145456293,1.0027235,44099.62369152778,1601045886948,0.8354209146519079,14340,5.416248397888793,17.63607116918286,13.975928188344767,13.830276013656674,13.276220817235913,0.41663037264645697,50.08993148803711,44099.5,1601035200000,1.9899999618530275,"{""type"":""MultiPoint"",""coordinates"":[]}"
1_2_1_LE07_013030_20201011,149.50652,3.0,34.627495,0.977941145456293,0.9981451,44115.62298694444,1602428226072,0.8142149723274105,13976,5.623465387156632,13.277297010148752,12.232593944249794,12.16132326048721,8.163770935642825,0.536692005173972,55.37250518798828,44115.5,1602417600000,0.48000001907348633,"{""type"":""MultiPoint"",""coordinates"":[]}"
