,system:index,availablePixels_count,cloudcover_pct_scene,datetime_landsat,esd_au_scene,lakeCoverage_pct,sunazi_deg_scene,sunelev_deg_scene,surface_temp_kurtosis,surface_temp_max,surface_temp_mean,surface_temp_median,surface_temp_min,surface_temp_p25,surface_temp_p75,surface_temp_skew,surface_temp_stdDev,.geo,landsat_time_utc,scene,is_temp_avg,is_temp_stdev,is_depth_avg,is_depth_stdev,is_temp_med,insitu_count,HerrickCoveSouth_median,HerrickCoveSouth_mean,HerrickCoveSouth_std,HerrickCoveSouth_count,Newbury_median,Newbury_mean,Newbury_std,Newbury_count,NorthSunapeeHarbor_median,NorthSunapeeHarbor_mean,NorthSunapeeHarbor_std,NorthSunapeeHarbor_count,SouthOfTheFells_median,SouthOfTheFells_mean,SouthOfTheFells_std,SouthOfTheFells_count,loon_median,loon_mean,loon_std,loon_count,harbor_median,harbor_mean,harbor_std,harbor_count,GeorgesMills_median,GeorgesMills_mean,GeorgesMills_std,GeorgesMills_count,HerrickCove_median,HerrickCove_mean,HerrickCove_std,HerrickCove_count,StateBeach_median,StateBeach_mean,StateBeach_std,StateBeach_count
0,1_1_2_1_LT05_013030_20060725,17194,15.0,1153841164693.0,1.0157178,100.16894844159629,134.22257343,59.77714192,8.366377413475352,33.926588960000004,23.99684157877438,24.09598396861453,22.568508500000007,23.290055857419716,24.134908752826515,2.154053112274724,0.947183575145196,"{""type"":""MultiPoint"",""coordinates"":[]}",2006-07-25 15:26:04.693000+00:00,LT05_013030_20060725,23.89,,1.5,,23.89,1.0,23.89,23.89,,1.0,,,,,,,,,,,,,,,,,,,,,,,,,,,,,,,,
1,1_1_2_1_LT05_013030_20060911,16605,3.0,1157988398218.0,1.0066447,96.73754733469268,149.88598224,47.44752268,0.7608976595192627,22.30190293999999,15.704214582594505,15.839371477907454,11.924794220000024,15.15441537380673,16.367239177609775,-0.0360792134562536,0.8803882993348329,"{""type"":""MultiPoint"",""coordinates"":[]}",2006-09-11 15:26:38.218000+00:00,LT05_013030_20060911,18.77,,1.5,,18.77,1.0,18.77,18.77,,1.0,,,,,,,,,,,,,,,,,,,,,,,,,,,,,,,,
8,1_1_2_1_LT05_013030_20070712,8247,15.0,1184253995703.0,1.0165832,48.04544130498107,131.99929322,61.91173813,5.536503199805141,30.204365180000025,21.502369734582388,21.47576427231801,19.59141308000005,20.91218658311622,21.942159393446243,1.560020093959784,0.9766308265318396,"{""type"":""MultiPoint"",""coordinates"":[]}",2007-07-12 15:26:35.703000+00:00,LT05_013030_20070712,21.11,0.50616202939375,1.5,0.0,20.965,4.0,21.84,21.84,,1.0,20.67,20.67,,1.0,20.97,20.97,,1.0,20.96,20.96,,1.0,,,,,,,,,,,,,,,,,,,,
9,1_1_2_1_LT05_013030_20070813,12865,49.0,1187018776380.0,1.0131619,74.94902417710458,139.75161244,55.7917812,7.745303627028958,30.952911560000015,24.0036506475248,24.017116158764587,21.720839540000043,23.394883877126837,24.156332540816795,2.00907243877362,0.8247800095530944,"{""type"":""MultiPoint"",""coordinates"":[]}",2007-08-13 15:26:16.380000+00:00,LT05_013030_20070813,23.752500000000005,0.37739236876227467,1.5,0.0,23.745,4.0,24.21,24.21,,1.0,23.85,23.85,,1.0,23.31,23.31,,1.0,23.64,23.64,,1.0,,,,,,,,,,,,,,,,,,,,
10,1_1_2_1_LT05_013030_20070829,17194,1.0,1188401165072.0,1.009913,100.16894844159629,145.20798098,51.47234426,9.645421672856228,32.251759160000006,23.52276721205573,23.218644082026252,22.36342730000001,23.09894002631296,23.803919122500865,2.368512312133936,0.8371626007293079,"{""type"":""MultiPoint"",""coordinates"":[]}",2007-08-29 15:26:05.072000+00:00,LT05_013030_20070829,22.825000000000003,0.5456545508734342,0.9,0.5163977794943222,23.080000000000002,10.0,22.34,22.34,,1.0,21.83,21.83,,1.0,22.3,22.3,,1.0,22.46,22.46,,1.0,23.21,23.22,0.14791889669680344,6.0,,,,,,,,,,,,,,,,
11,1_1_2_1_LT05_013030_20070914,17138,30.0,1189783559297.0,1.0059195,99.84270317506554,150.54677068,46.49819316,15.768612343529146,26.67355052000005,19.32338331596828,19.13261484988373,18.38485202000004,18.989573154365825,19.734871571751185,2.636757853273138,0.5072659045435323,"{""type"":""MultiPoint"",""coordinates"":[]}",2007-09-14 15:25:59.297000+00:00,LT05_013030_20070914,19.508000000000003,0.19469634476966116,0.9,0.5163977794943222,19.59,10.0,19.71,19.71,,1.0,19.37,19.37,,1.0,19.18,19.18,,1.0,19.18,19.18,,1.0,19.62,19.606666666666666,0.03932768321000832,6.0,,,,,,,,,,,,,,,,
12,1_1_2_1_LT05_013030_20080511,17194,0.0,1210519290840.0,1.0101572,100.16894844159629,137.91458057,59.17399627,5.474524763537241,25.59345619999999,11.26816164653692,10.803466496944878,9.005805140000007,10.25354273558518,11.739014010716986,2.0836354952581355,1.673383207189238,"{""type"":""MultiPoint"",""coordinates"":[]}",2008-05-11 15:21:30.840000+00:00,LT05_013030_20080511,10.456666666666667,0.3565202191554734,0.5,0.0,10.475,6.0,,,,,,,,,,,,,,,,,10.475,10.456666666666667,0.3565202191554736,6.0,,,,,,,,,,,,,,,,
13,1_1_2_1_LT05_013030_20080612,17194,1.0,1213284039651.0,1.015551,100.16894844159629,130.20899042,62.82824199,1.0153051101383932,31.48954070000002,20.52173008128728,20.32118020256313,16.757874500000014,19.79976239709968,21.44707273448724,0.0594074113098911,1.3032925506562254,"{""type"":""MultiPoint"",""coordinates"":[]}",2008-06-12 15:20:39.651000+00:00,LT05_013030_20080612,20.23,0.03847076812334242,0.5,0.0,20.225,6.0,,,,,,,,,,,,,,,,,20.225,20.23,0.038470768123341714,6.0,,,,,,,,,,,,,,,,
14,1_1_2_1_LT05_013030_20080831,10100,6.0,1220195902672.0,1.0092744,58.84066414214972,143.34253844,49.79288004,14.37082420052338,29.185795220000045,21.529958882838667,21.436427937019555,19.01034967999999,21.29587870869518,21.89381133021053,2.4947095332641345,0.6576788865536016,"{""type"":""MultiPoint"",""coordinates"":[]}",2008-08-31 15:18:22.672000+00:00,LT05_013030_20080831,21.048,0.32341236147611196,0.9,0.5163977794943222,20.955,10.0,21.84,21.84,,1.0,21.33,21.33,,1.0,20.64,20.64,,1.0,20.96,20.96,,1.0,20.945,20.951666666666668,0.030605010483034552,6.0,,,,,,,,,,,,,,,,
15,1_1_2_1_LT05_013030_20081018,8754,9.0,1224343013316.0,0.9961141,50.99912612875036,156.56749226,33.98145804,0.3407727246640157,15.10697084000003,10.910195857601003,11.314387351260562,4.066766239999993,9.7137897305856,12.367410291558784,-1.0106205342865804,1.7965076572365188,"{""type"":""MultiPoint"",""coordinates"":[]}",2008-10-18 15:16:53.316000+00:00,LT05_013030_20081018,13.875,0.058566201857384974,0.5,0.0,13.879999999999999,6.0,,,,,,,,,,,,,,,,,13.879999999999999,13.875,0.058566201857384814,6.0,,,,,,,,,,,,,,,,
16,1_1_2_1_LT05_013030_20090530,8284,50.0,1243696855701.0,1.0137994,48.26099621322458,133.12551622,62.15374484,4.63191248803814,25.620800360000032,16.195363209814094,15.945573743756151,14.63528408000002,15.431184051245944,16.591628104331537,1.996565947848216,1.4330584694907578,"{""type"":""MultiPoint"",""coordinates"":[]}",2009-05-30 15:20:55.701000+00:00,LT05_013030_20090530,13.62125,0.8413329135535892,1.5,0.0,13.8,8.0,14.28,14.28,0.0,2.0,12.485,12.485,0.33234018715767843,2.0,14.4,14.4,0.0,2.0,13.32,13.32,0.0,2.0,,,,,,,,,,,,,,,,,,,,
17,1_1_2_1_LT05_013030_20090818,17194,0.0,1250608935552.0,1.0121479,100.16894844159629,140.14211902,53.92915572,9.882738926605212,37.197634100000016,25.66521953677212,25.20197152018063,24.33562484000004,25.07526811237284,25.921731483592367,2.541620927505185,1.0353355022839423,"{""type"":""MultiPoint"",""coordinates"":[]}",2009-08-18 15:22:15.552000+00:00,LT05_013030_20090818,25.10571428571429,0.35197714711030886,1.2857142857142858,0.2567762955065478,25.24,14.0,25.24,25.24,0.0,2.0,25.24,25.24,0.0,2.0,24.34,24.34,0.0,2.0,24.945,24.945,0.12020815280171429,2.0,25.31,25.325,0.04722287581246964,6.0,,,,,,,,,,,,,,,,
18,1_1_2_1_LT05_013030_20090919,8572,14.0,1253373762884.0,1.0044302,49.93882901252549,151.19207559,44.38442029,2.159142904421489,18.931735220000007,16.329468542380877,16.696231950447007,11.371074980000005,16.174486435022697,16.838974157019056,-1.4129348516752611,0.914620500070074,"{""type"":""MultiPoint"",""coordinates"":[]}",2009-09-19 15:22:42.884000+00:00,LT05_013030_20090919,17.824285714285715,0.060728181990836134,1.2857142857142858,0.2567762955065478,17.830000000000002,14.0,17.85,17.85,0.11313708498984897,2.0,17.75,17.75,0.0,2.0,17.89,17.89,0.0,2.0,17.799999999999997,17.799999999999997,0.11313708498984897,2.0,17.830000000000002,17.826666666666668,0.005163977794944179,6.0,,,,,,,,,,,,,,,,
19,1_1_2_1_LT05_013030_20091021,11235,36.0,1256138583546.0,0.9953496,65.45295659772793,158.89959364,33.53601388,6.333585608602098,16.71685825999998,10.957032976708344,10.853890984278918,9.552688340000032,10.72639865414748,11.492040043192912,1.8708319202780723,0.7568517462383091,"{""type"":""MultiPoint"",""coordinates"":[]}",2009-10-21 15:23:03.546000+00:00,LT05_013030_20091021,11.04,0.030983866769659592,1.0,0.0,11.02,6.0,,,,,,,,,,,,,,,,,11.02,11.04,0.030983866769659568,6.0,,,,,,,,,,,,,,,,
20,1_1_2_1_LT05_013030_20091122,17192,27.0,1258903397660.0,0.9875894,100.15729682493446,161.29596051,24.42046622,7.278552572482644,11.11814149999998,7.521067099173892,7.303631796003303,6.1791026000000215,7.303631796003303,7.8607492130109025,1.4405532452017389,0.3998104948071465,"{""type"":""MultiPoint"",""coordinates"":[]}",2009-11-22 15:23:17.660000+00:00,LT05_013030_20091122,8.083333333333332,0.03669695718539419,1.0,0.0,8.09,6.0,,,,,,,,,,,,,,,,,8.09,8.083333333333334,0.03669695718539381,6.0,,,,,,,,,,,,,,,,
22,1_1_2_1_LT05_013030_20100602,14374,4.0,1275492215349.0,1.0142216,83.74016894844159,133.53642009,62.74109899,5.663279485916075,32.385061940000014,21.73931389013365,21.666128195243516,19.12656235999998,21.00569869872116,22.460074241578287,1.6942359164334249,1.2836047577140255,"{""type"":""MultiPoint"",""coordinates"":[]}",2010-06-02 15:23:35.349000+00:00,LT05_013030_20100602,19.29,0.4143267631552009,1.2,0.25819888974716115,19.35,10.0,19.38,19.38,,1.0,20.02,20.02,,1.0,18.37,18.37,,1.0,19.5,19.5,,1.0,19.275,19.27166666666667,0.1493206839880722,6.0,,,,,,,,,,,,,,,,
23,1_1_2_1_LT05_013030_20100618,16973,5.0,1276874611122.0,1.0160488,98.88144480046608,130.6832996,63.26365956,1.1373433138469782,32.043259939999984,17.310548434607202,17.444287038059226,10.42428344000001,16.22569281978385,18.673741304900965,0.294982431331335,2.4550680862783647,"{""type"":""MultiPoint"",""coordinates"":[]}",2010-06-18 15:23:31.122000+00:00,LT05_013030_20100618,17.794,0.3374479383714041,1.2,0.25819888974716115,17.834999999999997,10.0,17.77,17.77,,1.0,17.43,17.43,,1.0,17.24,17.24,,1.0,17.41,17.41,,1.0,18.019999999999996,18.014999999999997,0.16991174179555965,6.0,,,,,,,,,,,,,,,,
24,1_1_2_1_LT05_013030_20100704,6421,40.0,1278257006405.0,1.0167037,37.40751529274687,130.07694463,62.35034344,5.625811983235765,33.051575840000055,21.827189858759187,21.603094983376398,18.719817980000016,20.92360946972969,22.2947280862092,1.7960933125339882,1.519869583911155,"{""type"":""MultiPoint"",""coordinates"":[]}",2010-07-04 15:23:26.405000+00:00,LT05_013030_20100704,21.644,0.4840385659566121,1.2,0.25819888974716115,21.825000000000003,10.0,22.17,22.17,,1.0,21.49,21.49,,1.0,20.64,20.64,,1.0,20.96,20.96,,1.0,21.84,21.863333333333333,0.09352361555600207,6.0,,,,,,,,,,,,,,,,
25,1_1_2_1_LT05_013030_20100906,9502,28.0,1283786588713.0,1.0079366,55.35683076026798,146.95940977,48.65947916,2.555204607601442,24.85858189999999,20.522421126748164,20.583765008698297,16.593809540000052,20.16741429636349,21.143360788412977,-0.9640359396726907,0.9215675796376016,"{""type"":""MultiPoint"",""coordinates"":[]}",2010-09-06 15:23:08.713000+00:00,LT05_013030_20100906,20.098,0.9527830579704685,1.2,0.25819888974716115,19.445,10.0,21.34,21.34,,1.0,21.66,21.66,,1.0,20.48,20.48,,1.0,21.130000000000003,21.130000000000003,,1.0,19.4,19.395,0.04806245936279207,6.0,,,,,,,,,,,,,,,,
26,1_1_2_1_LT05_013030_20100922,14630,62.0,1285168983139.0,1.0036693,85.2315758811535,152.07256796,43.47270131,3.782562320278073,26.601772100000005,17.715878189991795,17.72109957247581,15.937549699999977,16.946310814769713,17.817665585839734,1.407614204010683,1.0481841293688638,"{""type"":""MultiPoint"",""coordinates"":[]}",2010-09-22 15:23:03.139000+00:00,LT05_013030_20100922,17.194,0.19044976007102615,1.2,0.25819888974716115,17.15,10.0,17.610000000000003,17.610000000000003,,1.0,17.110000000000003,17.110000000000003,,1.0,17.41,17.41,,1.0,17.24,17.24,,1.0,17.11,17.095,0.08803408430829672,6.0,,,,,,,,,,,,,,,,
27,1_1_2_1_LT05_013030_20101008,17194,3.0,1286551375004.0,0.9991087,100.16894844159629,156.24245596,37.99198895,20.30746936094077,20.87317058000002,15.15276960649972,15.167510933692895,14.430202880000024,15.030672686891576,15.167510933692895,3.133556563888352,0.4333035632139896,"{""type"":""MultiPoint"",""coordinates"":[]}",2010-10-08 15:22:55.004000+00:00,LT05_013030_20101008,14.136666666666668,0.07118052168020858,1.0,0.0,14.120000000000001,6.0,,,,,,,,,,,,,,,,,14.120000000000001,14.136666666666665,0.07118052168020825,6.0,,,,,,,,,,,,,,,,
28,1_1_2_1_LT05_013030_20110621,17194,3.0,1308669731277.0,1.0162461,100.16894844159629,129.85707336,63.01580496,6.601641795722353,34.47347216000003,21.297258538757056,21.069869700098973,19.70762576000004,20.319585723691794,21.67555318255876,2.000944351527589,1.2209504092248848,"{""type"":""MultiPoint"",""coordinates"":[]}",2011-06-21 15:22:11.277000+00:00,LT05_013030_20110621,19.98,0.2213029597633077,0.8111111111111111,0.46755867130351786,19.959999999999997,9.0,,,,,20.51,20.51,,1.0,20.0,20.0,,1.0,19.67,19.67,,1.0,19.959999999999997,19.939999999999998,0.030983866769658745,6.0,,,,,,,,,,,,,,,,
29,1_1_2_1_LT05_013030_20110707,4617,16.0,1310052125247.0,1.0166933,26.8977570637926,129.69343806,61.86865653,1.8721504178360204,28.416740720000007,22.315646590565205,21.93867256179368,20.063099840000007,21.794385930124463,22.5538100497908,1.0669831586773757,0.9568916728365692,"{""type"":""MultiPoint"",""coordinates"":[]}",2011-07-07 15:22:05.247000+00:00,LT05_013030_20110707,23.086666666666662,0.48314076623692204,0.8111111111111111,0.46755867130351786,23.04,9.0,,,,,24.2,24.2,,1.0,22.31,22.31,,1.0,22.97,22.97,,1.0,23.04,23.05,0.02449489742783242,6.0,,,,,,,,,,,,,,,,
30,1_1_2_1_LT05_013030_20110824,17136,62.0,1314199299563.0,1.0110274,99.83105155840371,141.81414762,52.36918784,1.2610950770944376,19.35215168000002,12.78526794435549,12.693927918981885,5.864644760000033,11.824221920150928,13.8307805731257,0.2405538908805539,1.4869212763908215,"{""type"":""MultiPoint"",""coordinates"":[]}",2011-08-24 15:21:39.563000+00:00,LT05_013030_20110824,22.34222222222222,0.05262551134615647,0.8111111111111111,0.46755867130351786,22.34,9.0,,,,,22.33,22.33,,1.0,22.47,22.47,,1.0,22.3,22.3,,1.0,22.34,22.33,0.02449489742783255,6.0,,,,,,,,,,,,,,,,
31,1_1_2_1_LT05_013030_20111011,17194,1.0,1318346456341.0,0.9983227,100.16894844159629,156.3268844,36.93492219,20.548212288962787,21.26624288000005,15.83316048705032,15.866067077757451,15.185585300000014,15.715880787563492,15.866067077757451,3.326027657243485,0.4174710355247377,"{""type"":""MultiPoint"",""coordinates"":[]}",2011-10-11 15:20:56.341000+00:00,LT05_013030_20111011,16.54,0.024494897427832712,0.5,0.0,16.55,6.0,,,,,,,,,,,,,,,,,16.55,16.540000000000003,0.02449489742783255,6.0,,,,,,,,,,,,,,,,
32,1_1_2_1_LT05_013030_20111112,16751,32.0,1321111226133.0,0.9898324,97.58811535100496,160.39132198,26.82625862,5.28209489169843,9.94917866000003,8.095841007233396,8.145172254736494,3.666857900000025,8.005103371673584,8.569070875809793,-1.7281603139334811,0.5857287737144973,"{""type"":""MultiPoint"",""coordinates"":[]}",2011-11-12 15:20:26.133000+00:00,LT05_013030_20111112,9.473333333333334,0.005163977794943112,1.5,0.0,9.47,6.0,,,,,,,,,,,,,,,,,,,,,9.47,9.473333333333334,0.00516397779494325,6.0,,,,,,,,,,,,
33,1_2_1_LE07_013030_20060717,15000,8.0,1153149759882.0,1.0163383,87.3871249635887,131.03422466,60.56458205,10.263365091200402,34.93148684000005,26.472195728019795,26.19366963626087,24.67400882000004,26.19366963626087,26.691309184801764,2.598120091363987,0.9541585318865416,"{""type"":""MultiPoint"",""coordinates"":[]}",2006-07-17 15:22:39.882000+00:00,LE07_013030_20060717,24.41,,1.5,,24.41,1.0,24.41,24.41,,1.0,,,,,,,,,,,,,,,,,,,,,,,,,,,,,,,,
34,1_2_1_LE07_013030_20060802,14420,22.0,1154532155041.0,1.0148086,84.00815613166327,134.79728016,57.68323206,4.453793295965487,33.14044436000006,25.51152493421806,25.30655945509941,22.67446712000003,24.660855030643784,25.952885934215946,1.6025522615265122,1.1862608072433232,"{""type"":""MultiPoint"",""coordinates"":[]}",2006-08-02 15:22:35.041000+00:00,LE07_013030_20060802,26.49,,1.5,,26.49,1.0,26.49,26.49,,1.0,,,,,,,,,,,,,,,,,,,,,,,,,,,,,,,,
41,1_2_1_LE07_013030_20070805,14720,0.0,1186327379576.0,1.0144331,85.75589863093505,135.72512738,57.13146774,16.806775584396743,30.14625884000003,24.59643291190254,24.65464531647653,21.919084699999985,24.31121961639217,24.65464531647653,2.6091814127453365,0.4778426498976465,"{""type"":""MultiPoint"",""coordinates"":[]}",2007-08-05 15:22:59.576000+00:00,LE07_013030_20070805,24.880000000000003,0.5266877632905476,1.5,0.0,24.965,4.0,25.07,25.07,,1.0,25.42,25.42,,1.0,24.17,24.17,,1.0,24.86,24.86,,1.0,,,,,,,,,,,,,,,,,,,,
42,1_2_1_LE07_013030_20070906,13487,39.0,1189092165709.0,1.0079926,78.57267695892806,146.59894761,48.63549834,3.7494499284519103,23.467447760000027,18.853816620911083,18.654572550969448,16.361384180000016,18.654572550969448,19.17777935412522,0.6183612710843835,0.5184138469305797,"{""type"":""MultiPoint"",""coordinates"":[]}",2007-09-06 15:22:45.709000+00:00,LE07_013030_20070906,20.607,0.17068814968955695,0.9,0.5163977794943222,20.675,10.0,20.68,20.68,,1.0,20.67,20.67,,1.0,20.16,20.16,,1.0,20.47,20.47,,1.0,20.69,20.68166666666667,0.013291601358250929,6.0,,,,,,,,,,,,,,,,
43,1_2_1_LE07_013030_20070922,4433,59.0,1190474560615.0,1.0037313,25.825808330905915,151.7514934,43.46302614,-0.7619384544251417,17.27057750000006,9.095612912064732,8.808748934491106,3.5711533400000235,7.1828977853656575,10.672831284089575,0.2723053658543661,2.369584463280197,"{""type"":""MultiPoint"",""coordinates"":[]}",2007-09-22 15:22:40.615000+00:00,LE07_013030_20070922,19.566666666666666,0.08477420991473025,0.5,0.0,19.585,6.0,,,,,,,,,,,,,,,,,19.585,19.566666666666666,0.08477420991473082,6.0,,,,,,,,,,,,,,,,
44,1_2_1_LE07_013030_20071125,14978,37.0,1196004185772.0,0.9871101,87.25895718030877,161.08497004,23.81064777,6.650702921994089,6.223536860000024,4.175451258648255,4.450332957399332,-1.1867304999999533,4.083111959849139,4.450332957399332,-1.8630645232747909,0.61263672233769,"{""type"":""MultiPoint"",""coordinates"":[]}",2007-11-25 15:23:05.772000+00:00,LE07_013030_20071125,5.8,0.024494897427831626,0.5,0.0,5.81,6.0,,,,,,,,,,,,,,,,,5.81,5.8,0.02449489742783205,6.0,,,,,,,,,,,,,,,,
45,1_2_1_LE07_013030_20080706,13957,27.0,1215357744003.0,1.0166967,81.31080687445383,129.5362263,61.85412354,8.83436236601183,33.29083724000003,25.10830663611445,25.17280695415659,21.88832252000003,24.73724625052799,25.583972901687936,2.061826133120283,0.9537914133564273,"{""type"":""MultiPoint"",""coordinates"":[]}",2008-07-06 15:22:24.003000+00:00,LE07_013030_20080706,22.767000000000003,0.573605555528652,0.9,0.5163977794943222,22.89,10.0,22.84,22.84,,1.0,21.66,21.66,,1.0,22.47,22.47,,1.0,21.96,21.96,,1.0,23.165,23.123333333333335,0.21407163909931365,6.0,,,,,,,,,,,,,,,,
46,1_2_1_LE07_013030_20080807,5701,64.0,1218122526248.0,1.0140263,33.21293329449461,136.24668969,56.40158459,8.368090966865093,27.859603460000017,22.31535152009664,22.403557913241357,19.03769384000003,21.931026672998808,22.85824066955559,1.278271873024839,0.7080774196784406,"{""type"":""MultiPoint"",""coordinates"":[]}",2008-08-07 15:22:06.248000+00:00,LE07_013030_20080807,22.124000000000002,0.6827102850648537,0.9,0.5163977794943222,22.33,10.0,22.17,22.17,,1.0,20.5,20.5,,1.0,21.97,21.97,,1.0,21.46,21.46,,1.0,22.58,22.523333333333337,0.16366632722300237,6.0,,,,,,,,,,,,,,,,
47,1_2_1_LE07_013030_20080823,14870,6.0,1219504919571.0,1.0110754,86.62976988057093,141.63443424,52.39040003,10.064965934187246,29.380622360000014,22.832964576440464,22.685736953695518,21.44397992000006,22.27552867153885,23.095373404559652,2.545103341651374,0.7744017827802152,"{""type"":""MultiPoint"",""coordinates"":[]}",2008-08-23 15:21:59.571000+00:00,LE07_013030_20080823,21.951000000000004,0.39198781160189783,0.9,0.5163977794943222,22.120000000000005,10.0,22.17,22.17,,1.0,20.99,20.99,,1.0,21.630000000000003,21.630000000000003,,1.0,21.79,21.79,,1.0,22.160000000000004,22.155,0.08093207028119358,6.0,,,,,,,,,,,,,,,,
48,1_2_1_LE07_013030_20080908,8250,12.0,1220887311720.0,1.0072977,48.06291872997379,147.18656929,47.67072441,11.817941998541256,25.25849024000001,20.63153882525578,20.706046273363143,18.00545180000006,20.324837537696837,20.706046273363143,1.8152329582169568,0.4952883381486841,"{""type"":""MultiPoint"",""coordinates"":[]}",2008-09-08 15:21:51.720000+00:00,LE07_013030_20080908,21.107000000000003,0.1166238016491969,0.9,0.5163977794943222,21.130000000000003,10.0,21.34,21.34,,1.0,20.99,20.99,,1.0,20.97,20.97,,1.0,20.96,20.96,,1.0,21.135,21.135,0.043243496620880305,6.0,,,,,,,,,,,,,,,,
49,1_2_1_LE07_013030_20080924,12504,0.0,1222269702615.0,1.0029624,72.84590736964753,152.21640997,42.43980495,17.014422133112507,23.26920260000003,18.528617539815176,18.52947484202969,16.43316260000006,18.423744441747587,18.52947484202969,2.626830738885188,0.4653453968196034,"{""type"":""MultiPoint"",""coordinates"":[]}",2008-09-24 15:21:42.615000+00:00,LE07_013030_20080924,18.315,0.11726039399558627,0.5,0.0,18.31,6.0,,,,,,,,,,,,,,,,,18.31,18.315,0.11726039399558694,6.0,,,,,,,,,,,,,,,,
50,1_2_1_LE07_013030_20081010,15083,0.0,1223652089147.0,0.9983859,87.87066705505389,156.32908491,36.99332606,17.88939050218116,19.43076614000006,14.886917204252532,14.687837746844204,13.972188200000003,14.687837746844204,15.037120975498835,3.024073277523616,0.4218900654318529,"{""type"":""MultiPoint"",""coordinates"":[]}",2008-10-10 15:21:29.147000+00:00,LE07_013030_20081010,14.556666666666665,0.02804757862395025,0.5,0.0,14.55,6.0,,,,,,,,,,,,,,,,,14.55,14.556666666666667,0.028047578623950045,6.0,,,,,,,,,,,,,,,,
51,1_2_1_LE07_013030_20081026,14926,3.0,1225034505683.0,0.9939112,86.95601514710167,159.20371333,31.67713164,19.2603565641396,15.923877619999985,11.930007634772002,11.906235484285627,10.461881660000016,11.906235484285627,11.906235484285627,2.9549434407756325,0.3760642882862783,"{""type"":""MultiPoint"",""coordinates"":[]}",2008-10-26 15:21:45.683000+00:00,LE07_013030_20081026,11.878333333333332,0.02483277404291918,0.5,0.0,11.88,6.0,,,,,,,,,,,,,,,,,11.88,11.878333333333332,0.024832774042919337,6.0,,,,,,,,,,,,,,,,
52,1_2_1_LE07_013030_20081127,13665,60.0,1227799332343.0,0.9866177,79.6096708418293,160.83076556,23.21967927,4.888475251479248,6.972083240000018,3.56739768028185,3.8207608902764063,-1.576384780000012,3.447625626272422,3.8207608902764063,-1.51199042872976,0.6995951620625862,"{""type"":""MultiPoint"",""coordinates"":[]}",2008-11-27 15:22:12.343000+00:00,LE07_013030_20081127,4.705,0.025884358211089774,0.5,0.0,4.7,6.0,,,,,,,,,,,,,,,,,4.7,4.705,0.025884358211089573,6.0,,,,,,,,,,,,,,,,
53,1_2_1_LE07_013030_20090522,14473,7.0,1243005800244.0,1.0123974,84.31692397320128,135.96067735,61.41612282,3.7217385248570807,28.194569419999997,13.211733382069855,12.921894924398387,8.664003139999977,12.189497338694254,13.762834763891547,1.5503108712662996,1.9667863063812236,"{""type"":""MultiPoint"",""coordinates"":[]}",2009-05-22 15:23:20.244000+00:00,LE07_013030_20090522,14.04875,1.1640377693921395,1.5,0.0,14.094999999999999,8.0,15.54,15.54,0.0,2.0,14.11,14.11,0.0,2.0,12.465,12.465,0.10606601717798111,2.0,14.08,14.08,0.0,2.0,,,,,,,,,,,,,,,,,,,,
54,1_2_1_LE07_013030_20100525,11562,9.0,1274801100761.0,1.0129046,67.35799592193416,136.0581855,62.05745666,3.1553212541027875,29.069582540000056,18.151266903965944,17.930184266762165,14.037130580000053,17.467246793269574,18.84405664328224,1.2673411319103334,1.680614140402547,"{""type"":""MultiPoint"",""coordinates"":[]}",2010-05-25 15:25:00.761000+00:00,LE07_013030_20100525,19.861666666666665,0.1194012841918657,1.0,0.0,19.86,6.0,,,,,,,,,,,,,,,,,19.86,19.861666666666665,0.11940128419186545,6.0,,,,,,,,,,,,,,,,
55,1_2_1_LE07_013030_20100728,8195,24.0,1280330707057.0,1.0154126,47.74249927177396,134.59711296,59.07965381,0.9105302192972856,31.786908440000047,22.03912381107997,22.32071401615413,15.592329680000034,21.085037047358103,23.53756313260608,-0.4938234872205636,1.9713793188691051,"{""type"":""MultiPoint"",""coordinates"":[]}",2010-07-28 15:25:07.057000+00:00,LE07_013030_20100728,23.032,0.34469954710991085,1.2,0.25819888974716115,22.884999999999998,10.0,23.68,23.68,,1.0,23.51,23.51,,1.0,22.630000000000003,22.630000000000003,,1.0,23.3,23.3,,1.0,22.855,22.866666666666664,0.06860515043833663,6.0,,,,,,,,,,,,,,,,
56,1_2_1_LE07_013030_20100829,14818,0.0,1283095509772.0,1.0098616,86.32682784736382,144.92147483,51.2765677,11.050018757457892,32.364553820000026,21.830732435856888,21.766821934975937,20.527950560000026,21.35630627448452,22.17326558209066,2.812199731818622,1.0247899734340389,"{""type"":""MultiPoint"",""coordinates"":[]}",2010-08-29 15:25:09.772000+00:00,LE07_013030_20100829,20.823,0.22296237849068223,1.2,0.25819888974716115,20.784999999999997,10.0,21.34,21.34,,1.0,20.99,20.99,,1.0,20.48,20.48,,1.0,20.79,20.79,,1.0,20.769999999999996,20.771666666666665,0.05946988033170042,6.0,,,,,,,,,,,,,,,,
57,1_2_1_LE07_013030_20100914,6178,61.0,1284477910984.0,1.00586,35.99184386833673,150.31899714,46.3166553,4.31834513186761,21.252570800000058,17.91720866647539,18.32991680517186,11.347148840000044,17.93612893391432,18.723748931808803,-2.1816790917756057,1.3557892777293143,"{""type"":""MultiPoint"",""coordinates"":[]}",2010-09-14 15:25:10.984000+00:00,LE07_013030_20100914,18.005,0.6839793694094722,1.2,0.25819888974716115,17.509999999999998,10.0,19.06,19.06,,1.0,18.72,18.72,,1.0,18.69,18.69,,1.0,18.69,18.69,,1.0,17.485,17.481666666666666,0.029944392908635646,6.0,,,,,,,,,,,,,,,,
59,1_2_1_LE07_013030_20110512,13107,25.0,1305213988660.0,1.0102063,76.3588697931838,139.95139381,59.86502579,4.767020665468508,21.871232420000013,11.562716712154568,11.428220072868443,8.687929280000048,10.65820060388543,12.19100026596154,1.7352347519272635,1.4756747836615924,"{""type"":""MultiPoint"",""coordinates"":[]}",2011-05-12 15:26:28.660000+00:00,LE07_013030_20110512,9.549999999999999,0.1126942766958461,0.8333333333333334,0.5773502691896258,9.61,3.0,,,,,,,,,,,,,,,,,9.61,9.549999999999999,0.11269427669584556,3.0,,,,,,,,,,,,,,,,
60,1_2_1_LE07_013030_20110629,13724,49.0,1309361184859.0,1.0166218,79.95339353335275,131.1982263,63.20412934,6.266002760073038,31.219517119999978,22.257006384003397,22.11247686335212,20.363885600000003,21.67866116890212,22.563078860404957,1.9977543092135264,1.0477192040165977,"{""type"":""MultiPoint"",""coordinates"":[]}",2011-06-29 15:26:24.859000+00:00,LE07_013030_20110629,20.508888888888887,0.7899437392062236,0.8111111111111111,0.46755867130351786,20.97,9.0,,,,,18.89,18.89,,1.0,19.51,19.51,,1.0,20.31,20.31,,1.0,20.97,20.978333333333335,0.0483390801181277,6.0,,,,,,,,,,,,,,,,
61,1_2_1_LE07_013030_20110715,14888,16.0,1310743584881.0,1.0164594,86.73463443052724,132.33631963,61.46996744,3.525069542943177,34.34358740000005,25.00038128880468,24.642919546005253,23.42984954000002,24.22924520439877,25.812126556585618,1.2677946918901437,1.0411183647395563,"{""type"":""MultiPoint"",""coordinates"":[]}",2011-07-15 15:26:24.881000+00:00,LE07_013030_20110715,23.42,0.39623225512317817,0.8111111111111111,0.46755867130351786,23.23,9.0,,,,,24.38,24.38,,1.0,23.49,23.49,,1.0,23.65,23.65,,1.0,23.200000000000003,23.209999999999997,0.048989794855661954,6.0,,,,,,,,,,,,,,,,
62,1_2_1_LE07_013030_20110731,15237,12.0,1312125981534.0,1.0150966,88.7678415380134,135.8011344,58.69336407,15.518059452156304,31.40750822000001,24.126662537254248,23.902594348748785,22.79067980000002,23.902594348748785,24.27788048292789,3.2098704793634814,0.6811452160760512,"{""type"":""MultiPoint"",""coordinates"":[]}",2011-07-31 15:26:21.534000+00:00,LE07_013030_20110731,24.055555555555557,0.11303883305208802,0.8111111111111111,0.46755867130351786,24.04,9.0,,,,,24.2,24.2,,1.0,24.18,24.18,,1.0,23.82,23.82,,1.0,24.04,24.05,0.0451663591625463,6.0,,,,,,,,,,,,,,,,
63,1_2_1_LE07_013030_20110901,14483,42.0,1314890775063.0,1.0092212,84.37518205651034,146.28126128,50.57603209,8.360861134651142,30.136004780000007,21.556079748304636,21.42512895727089,19.020603740000013,21.42512895727089,21.898825526046675,1.104918717987755,0.6998122814995557,"{""type"":""MultiPoint"",""coordinates"":[]}",2011-09-01 15:26:15.063000+00:00,LE07_013030_20110901,21.517777777777777,0.24938814014392188,0.8111111111111111,0.46755867130351786,21.53,9.0,,,,,21.0,21.0,,1.0,21.97,21.97,,1.0,21.630000000000003,21.630000000000003,,1.0,21.5,21.51,0.04898979485566461,6.0,,,,,,,,,,,,,,,,
64,1_2_1_LE07_013030_20111104,12564,16.0,1320420378886.0,0.9917652,73.19545586950188,161.45083653,29.45775357,15.5280804392981,11.463361520000037,9.185917114995028,9.267091044663465,1.2674078600000485,8.913281512171345,9.609897180712794,-2.6810100348687853,0.6229848589265217,"{""type"":""MultiPoint"",""coordinates"":[]}",2011-11-04 15:26:18.886000+00:00,LE07_013030_20111104,10.270000000000001,0.01788854381999853,1.5,0.0,10.265,6.0,,,,,,,,,,,,,,,,,,,,,10.265,10.27,0.01788854381999869,6.0,,,,,,,,,,,,
65,1_2_1_LE07_013030_20120615,14995,0.0,1339774039031.0,1.0158358,87.35799592193418,132.62309677,63.82087721,9.21250312430812,30.337667960000037,20.31237824780264,20.2911393100314,18.839448680000032,19.92673232187221,20.65027108642314,2.5081434977756745,0.9726302802725428,"{""type"":""MultiPoint"",""coordinates"":[]}",2012-06-15 15:27:19.031000+00:00,LE07_013030_20120615,19.357,0.2215124777022225,0.82,0.42110964526276684,19.459999999999997,10.0,18.9,18.9,,1.0,19.37,19.37,,1.0,19.34,19.34,,1.0,19.02,19.02,,1.0,19.459999999999997,19.49,0.050199601592042946,6.0,,,,,,,,,,,,,,,,
66,1_2_1_LE07_013030_20120802,12365,23.0,1343921271683.0,1.014748,72.03612001165162,137.21638444,58.33457711,12.557583402730147,33.97444124000003,25.61353933068138,25.609229715573672,23.68961906000004,25.141298905084213,26.092272941137097,2.695531652541796,0.8188046830363982,"{""type"":""MultiPoint"",""coordinates"":[]}",2012-08-02 15:27:51.683000+00:00,LE07_013030_20120802,23.907000000000004,0.391891424872871,0.82,0.42110964526276684,24.1,10.0,24.21,24.21,,1.0,23.16,23.16,,1.0,23.66,23.66,,1.0,23.3,23.3,,1.0,24.1,24.123333333333335,0.0665331997326651,6.0,,,,,,,,,,,,,,,,
67,1_2_1_LE07_013030_20120818,7678,36.0,1345303683843.0,1.0121038,44.7305563646956,142.40647683,54.52697828,25.115040951851984,33.28741922000006,25.08823709029025,25.037307072157727,17.311593740000035,25.037307072157727,25.43760844944858,1.6387116710762042,0.5683455705549438,"{""type"":""MultiPoint"",""coordinates"":[]}",2012-08-18 15:28:03.843000+00:00,LE07_013030_20120818,24.284,0.239731331100278,0.82,0.42110964526276684,24.35,10.0,24.72,24.72,,1.0,24.02,24.02,,1.0,23.83,23.83,,1.0,24.16,24.16,,1.0,24.35,24.35166666666667,0.041190613817549813,6.0,,,,,,,,,,,,,,,,
68,1_2_1_LE07_013030_20120903,15355,1.0,1346686093974.0,1.0085604,89.45528692106029,147.98201552,49.95617242,18.03400678997733,27.12131113999999,21.638166187588663,21.51396176860892,20.753539880000005,21.49627073397384,21.863495612398157,3.204275914912597,0.540976205193548,"{""type"":""MultiPoint"",""coordinates"":[]}",2012-09-03 15:28:13.974000+00:00,LE07_013030_20120903,22.331,0.22308194807190404,0.82,0.42110964526276684,22.41,10.0,22.34,22.34,,1.0,22.16,22.16,,1.0,21.97,21.97,,1.0,21.96,21.96,,1.0,22.5,22.48,0.05899152481501184,6.0,,,,,,,,,,,,,,,,
69,1_2_1_LE07_013030_20120919,14824,9.0,1348068501765.0,1.0043688,86.36178269734926,153.1829561,44.78675316,9.974924504037617,23.10171962000004,18.987102566144063,19.17717159426072,14.348170400000017,18.841754572749952,19.17717159426072,-0.3754241972172247,0.4530702679381047,"{""type"":""MultiPoint"",""coordinates"":[]}",2012-09-19 15:28:21.765000+00:00,LE07_013030_20120919,19.255,0.2554842895800492,0.82,0.42110964526276684,19.259999999999994,10.0,19.87,19.87,,1.0,18.88,18.88,,1.0,19.34,19.34,,1.0,19.02,19.02,,1.0,19.259999999999994,19.239999999999995,0.030983866769656816,6.0,,,,,,,,,,,,,,,,
70,1_2_1_LE07_013030_20121005,14999,2.0,1349450911496.0,0.9998326,87.38129915525779,157.48461694,39.28645531,11.072910773001633,22.483058000000028,16.869698183505207,16.951896077270415,15.288125900000011,16.536510900774296,16.951896077270415,2.6310401681592026,0.6582839711779027,"{""type"":""MultiPoint"",""coordinates"":[]}",2012-10-05 15:28:31.496000+00:00,LE07_013030_20121005,16.459999999999997,0.03286335345030927,0.5,0.0,16.46,6.0,,,,,,,,,,,,,,,,,16.46,16.459999999999997,0.03286335345030848,6.0,,,,,,,,,,,,,,,,
71,1_2_1_LE07_013030_20121106,15245,0.0,1352215723721.0,0.9910839,88.81444800466065,162.29822492,28.7801346,5.1082153698131005,10.99509278000005,9.416967175391331,9.464336612031104,3.0550323200000093,9.131476133206718,9.800545900910668,-2.0002260788912185,0.911577976087546,"{""type"":""MultiPoint"",""coordinates"":[]}",2012-11-06 15:28:43.721000+00:00,LE07_013030_20121106,10.923333333333332,0.031411250638372815,1.5,0.0,10.915,6.0,,,,,,,,,,,,,,,,,,,,,10.915,10.923333333333334,0.03141125063837307,6.0,,,,,,,,,,,,
72,1_2_1_LE07_013030_20121122,15331,0.0,1353598132992.0,0.9875474,89.31546752111855,162.69163844,24.67119631,4.429749697086994,10.256800460000022,6.682018061857388,6.637933064017703,4.029168020000043,6.637933064017703,6.995901318978869,-0.0174989099002959,0.4604586568478059,"{""type"":""MultiPoint"",""coordinates"":[]}",2012-11-22 15:28:52.992000+00:00,LE07_013030_20121122,7.848333333333333,0.013291601358251264,1.5,0.0,7.85,6.0,,,,,,,,,,,,,,,,,,,,,7.85,7.848333333333333,0.013291601358251455,6.0,,,,,,,,,,,,
73,1_2_1_LE07_013030_20130501,14876,0.0,1367422128413.0,1.0076833,86.66472473055636,143.24660547,57.49223022,2.636094413908598,31.376746040000057,12.645672954780473,12.64211056496177,8.185480340000026,11.540936273641844,13.73008998746143,0.9144327303097868,2.2235709124805454,"{""type"":""MultiPoint"",""coordinates"":[]}",2013-05-01 15:28:48.413000+00:00,LE07_013030_20130501,9.451666666666668,0.12718752559377317,1.5,0.0,9.44,6.0,,,,,,,,,,,,,,,,,,,,,9.44,9.451666666666666,0.1271875255937723,6.0,,,,,,,,,,,,
74,1_2_1_LE07_013030_20130517,7915,34.0,1368804526020.0,1.0113929,46.11127293912031,139.53267734,61.25221336,3.5113094354428678,21.00647336000003,12.713520351414234,12.570214487157434,10.690889000000029,12.19777715485998,13.201582525990874,1.4991907626121206,1.0571146883681497,"{""type"":""MultiPoint"",""coordinates"":[]}",2013-05-17 15:28:46.020000+00:00,LE07_013030_20130517,11.86,0.03286335345031024,0.5,0.0,11.86,6.0,,,,,,,,,,,,,,,,,11.86,11.86,0.03286335345031048,6.0,,,,,,,,,,,,,,,,
75,1_2_1_LE07_013030_20130602,14852,14.0,1370186916980.0,1.0142533,86.52490533061462,135.61134949,63.41863771,4.647086045183224,37.76502542000003,20.00274113618202,19.843620001570848,16.515195080000012,18.734255494203147,20.81778149947382,1.767962973484688,2.1139549363220103,"{""type"":""MultiPoint"",""coordinates"":[]}",2013-06-02 15:28:36.980000+00:00,LE07_013030_20130602,16.901111111111113,1.5561446305247821,0.8111111111111112,0.46755867130351786,17.5,9.0,,,,,13.64,13.64,,1.0,14.88,14.88,,1.0,18.39,18.39,,1.0,17.53,17.533333333333335,0.08710147338976154,6.0,,,,,,,,,,,,,,,,
76,1_2_1_LE07_013030_20130720,12366,61.0,1374334094576.0,1.016124,72.04194581998252,134.04255941,60.86595567,1.2785521903067378,34.27864502,26.488290376906825,26.41798500646585,19.054783939999997,25.81964523407833,27.01423366399506,0.0476108897597397,1.428215537951569,"{""type"":""MultiPoint"",""coordinates"":[]}",2013-07-20 15:28:14.576000+00:00,LE07_013030_20130720,26.386666666666667,0.5008492787256464,0.8111111111111112,0.46755867130351786,26.36,9.0,,,,,27.53,27.53,,1.0,25.57,25.57,,1.0,26.27,26.27,,1.0,26.36,26.35166666666667,0.048339080118126744,6.0,,,,,,,,,,,,,,,,
77,1_2_1_LE07_013030_20130805,14440,0.0,1375716488996.0,1.0143674,84.12467229828138,138.06841884,57.74016306,1.4433289383115395,26.62569824000002,21.97593157304154,21.7270341318474,17.790116539999985,21.398467865116743,22.31519515105856,0.764066286616602,0.6922548321783979,"{""type"":""MultiPoint"",""coordinates"":[]}",2013-08-05 15:28:08.996000+00:00,LE07_013030_20130805,22.293333333333333,0.08500000000000062,0.8111111111111112,0.46755867130351786,22.279999999999998,9.0,,,,,22.33,22.33,,1.0,22.48,22.48,,1.0,22.15,22.15,,1.0,22.279999999999998,22.279999999999998,0.0,6.0,,,,,,,,,,,,,,,,
78,1_2_1_LE07_013030_20130821,15123,0.0,1377098895279.0,1.0115542,88.10369938829012,143.44258896,53.81480164,12.295552318357538,29.110598780000032,21.969880820125507,22.031874601063347,20.377557679999995,21.613200806364176,22.031874601063347,2.910310946204355,0.7897300000449706,"{""type"":""MultiPoint"",""coordinates"":[]}",2013-08-21 15:28:15.279000+00:00,LE07_013030_20130821,22.006666666666668,0.3058594448435426,1.4777777777777779,0.04409585518440988,22.02,9.0,,,,,22.49,22.49,,1.0,21.31,21.31,,1.0,21.98,21.98,,1.0,22.04,22.046666666666667,0.06186005711819802,6.0,,,,,,,,,,,,,,,,
79,1_2_1_LE07_013030_20130906,15472,2.0,1378481307023.0,1.0078805,90.13690649577627,148.99936779,49.1201076,0.8187596274022595,24.42449336000004,20.13992156179277,20.51804693829692,15.001012220000009,19.84296755982529,20.83677365533959,-1.1879422164072309,1.0782879350215069,"{""type"":""MultiPoint"",""coordinates"":[]}",2013-09-06 15:28:27.023000+00:00,LE07_013030_20130906,21.32,0.21505813167606516,1.4777777777777779,0.04409585518440988,21.439999999999998,9.0,,,,,20.99,20.99,,1.0,21.14,21.14,,1.0,20.99,20.99,,1.0,21.455,21.459999999999997,0.02097617696340324,6.0,,,,,,,,,,,,,,,,
80,1_2_1_LE07_013030_20131008,15382,1.0,1381246129372.0,0.9990453,89.61258374599475,158.17658584,38.34535341,7.499327967242447,19.18808672,15.6966158952345,15.628827683655826,13.244149940000057,15.61202329309029,15.950886461979591,0.2458896153467343,0.3906507292383615,"{""type"":""MultiPoint"",""coordinates"":[]}",2013-10-08 15:28:49.372000+00:00,LE07_013030_20131008,16.236666666666668,0.062182527020592106,1.0,0.5477225575051661,16.235,6.0,,,,,,,,,,,,,,,,,16.235,16.236666666666668,0.062182527020592626,6.0,,,,,,,,,,,,,,,,
84,1_2_1_LE07_013030_20140707,14994,42.0,1404747025204.0,1.0166897,87.35217011360326,133.11453466,62.99630198,9.84850534589702,36.69860318000002,22.659798395283783,22.43641332020858,20.391229759999987,21.931224064083363,22.93740145233691,2.520872826821885,1.1884970905882204,"{""type"":""MultiPoint"",""coordinates"":[]}",2014-07-07 15:30:25.204000+00:00,LE07_013030_20140707,21.360999999999997,0.2874582095230926,1.45,0.09718253158075503,21.474999999999998,10.0,21.26,21.26,,1.0,21.33,21.33,,1.0,20.66,20.66,,1.0,21.15,21.15,,1.0,21.535,21.535,0.05468089245797065,6.0,,,,,,,,,,,,,,,,
85,1_2_1_LE07_013030_20140723,8059,33.0,1406129428429.0,1.0159039,46.95018933877076,135.53272044,60.68943833,11.335215518363746,38.94082430000003,25.13841851752986,25.176747247531168,22.41469760000001,24.621174000713427,25.71976784840708,2.2873765003312867,1.2228824014587387,"{""type"":""MultiPoint"",""coordinates"":[]}",2014-07-23 15:30:28.429000+00:00,LE07_013030_20140723,24.117,0.5230264492993325,1.45,0.09718253158075503,24.185000000000002,10.0,25.17,25.17,,1.0,23.16,23.16,,1.0,23.49,23.49,,1.0,24.18,24.18,,1.0,24.195,24.195000000000004,0.02738612787525893,6.0,,,,,,,,,,,,,,,,
86,1_2_1_LE07_013030_20140808,13547,13.0,1407511833104.0,1.0139557,78.9222254587824,139.87010269,57.40529035,5.928716776793474,28.65942014000001,23.00237875771937,22.76735701294095,20.31603332000003,22.76735701294095,23.16888149980765,1.907487546406472,0.6436560511069596,"{""type"":""MultiPoint"",""coordinates"":[]}",2014-08-08 15:30:33.104000+00:00,LE07_013030_20140808,22.738999999999997,0.27778688873947055,1.05,0.4813176359397884,22.82,10.0,22.59,22.59,,1.0,22.66,22.66,,1.0,22.14,22.14,,1.0,22.48,22.48,,1.0,22.919999999999995,22.919999999999998,0.09338094023942987,6.0,,,,,,,,,,,,,,,,
87,1_2_1_LE07_013030_20140824,6726,14.0,1408894230714.0,1.0109793,39.18438683367317,145.19359718,53.27072912,6.628677531267098,27.73997276,22.352328810465583,22.40442463985786,20.175894500000027,21.96643952568541,22.84112915455989,1.8025777234919629,0.7568346435978471,"{""type"":""MultiPoint"",""coordinates"":[]}",2014-08-24 15:30:30.714000+00:00,LE07_013030_20140824,20.788000000000004,0.39810104803233665,1.05,0.4813176359397884,20.97,10.0,20.6,20.6,,1.0,20.02,20.02,,1.0,20.82,20.82,,1.0,20.17,20.17,,1.0,21.055,21.045,0.06625707509391254,6.0,,,,,,,,,,,,,,,,
88,1_2_1_LE07_013030_20141027,4958,40.0,1414423860161.0,0.9937933,28.88435770463152,161.97132063,32.13336148,7.176335303033746,14.382350599999995,11.692043987566889,11.902112067248307,6.883214720000012,11.540186927114224,11.902112067248307,-1.9893426276370971,0.6423911546143197,"{""type"":""MultiPoint"",""coordinates"":[]}",2014-10-27 15:31:00.161000+00:00,LE07_013030_20141027,12.57,0.1038160766826492,1.5,0.0,12.504999999999999,10.0,,,,,,,,,,,,,,,,,12.69,12.69,0.0,4.0,12.49,12.49,0.014142135623730423,6.0,,,,,,,,,,,,
89,1_2_1_LE07_013030_20150507,15254,0.0,1431012735313.0,1.0090339,88.8668802796388,143.52886271,59.35243196,2.1977181784657267,22.91031050000004,11.36544991505994,10.920285321670049,7.597580900000025,10.18150845465214,12.335329740754831,1.285925192653284,1.968238794037003,"{""type"":""MultiPoint"",""coordinates"":[]}",2015-05-07 15:32:15.313000+00:00,LE07_013030_20150507,10.846,0.0,1.5,0.0,10.846,4.0,,,,,,,,,,,,,,,,,10.846,10.846,0.0,4.0,,,,,,,,,,,,,,,,
90,1_2_1_LE07_013030_20150523,15126,0.0,1432395141300.0,1.0124792,88.12117681328284,139.78596488,62.64127742,1.4309161421747136,21.05774366000003,12.888102424588231,12.699500486986617,7.840260320000027,12.356744023026222,13.686504000331263,-0.249950948702219,1.1856365653729823,"{""type"":""MultiPoint"",""coordinates"":[]}",2015-05-23 15:32:21.300000+00:00,LE07_013030_20150523,13.172500000000001,0.13623631429737723,1.5,0.0,13.124500000000001,4.0,,,,,,,,,,,,,,,,,13.124500000000001,13.172500000000001,0.13623631429737704,4.0,,,,,,,,,,,,,,,,
91,1_2_1_LE07_013030_20150624,12649,13.0,1435159949826.0,1.0164187,73.6906495776289,133.98424554,64.32254769,1.91030989579167,28.792722920000017,21.07184772364703,21.07996037015408,16.487850920000028,20.39337430652647,21.685375252281045,0.8172682762834371,1.008110258940911,"{""type"":""MultiPoint"",""coordinates"":[]}",2015-06-24 15:32:29.826000+00:00,LE07_013030_20150624,20.409,0.3073344179301179,1.4700000000000002,0.048304589153964836,20.57,10.0,20.64,20.64,,1.0,20.18,20.18,,1.0,19.68,19.68,,1.0,20.17,20.17,,1.0,20.57,20.57,0.006324555320337494,6.0,,,,,,,,,,,,,,,,
92,1_2_1_LE07_013030_20150710,6984,21.0,1436542356798.0,1.0166406,40.6874453830469,134.27905884,62.9639826,4.991807450523048,29.03540234000002,22.47603257991017,22.39940575808407,20.36730362000003,21.986193548790805,22.7987308505698,1.6581317645944949,0.9284531326855294,"{""type"":""MultiPoint"",""coordinates"":[]}",2015-07-10 15:32:36.798000+00:00,LE07_013030_20150710,21.87,0.34499597421161704,1.4700000000000002,0.048304589153964836,22.03,10.0,22.130000000000003,22.130000000000003,,1.0,21.16,21.16,,1.0,21.81,21.81,,1.0,21.32,21.32,,1.0,22.045,22.046666666666667,0.03502380143083759,6.0,,,,,,,,,,,,,,,,
93,1_2_1_LE07_013030_20150912,15066,43.0,1442071968695.0,1.0064691,87.77162831342848,152.28634873,47.72301079,15.671994660974864,27.801497120000025,23.51624100771768,23.690088666672963,21.51234032000002,23.29724043572086,23.690088666672963,2.352205615808227,0.424096159357286,"{""type"":""MultiPoint"",""coordinates"":[]}",2015-09-12 15:32:48.695000+00:00,LE07_013030_20150912,23.284999999999997,0.3238142003736657,1.1416666666666668,0.4756972553924174,23.455,12.0,23.31,23.31,,1.0,22.83,22.83,,1.0,22.64,22.64,,1.0,22.82,22.82,,1.0,23.484,23.4775,0.04937032075476677,8.0,,,,,,,,,,,,,,,,
94,1_2_1_LE07_013030_20150928,15247,23.0,1443454372108.0,1.0020602,88.82609962132247,156.92375645,42.27579659,16.5248076435187,25.918168100000003,19.567478089690084,19.433026561861613,18.521572820000017,19.433026561861613,19.85142104463984,2.964382325564056,0.5399897265255176,"{""type"":""MultiPoint"",""coordinates"":[]}",2015-09-28 15:32:52.108000+00:00,LE07_013030_20150928,19.729,0.03145972481942984,1.0,0.5345224838248488,19.734,8.0,,,,,,,,,,,,,,,,,19.734,19.729,0.03145972481942934,8.0,,,,,,,,,,,,,,,,
95,1_2_1_LE07_013030_20151030,10303,32.0,1446219199870.0,0.9930649,60.02330323332362,162.93167924,31.38579871,10.628789415914309,12.998052500000028,10.16712671693135,10.13166117545979,5.4066300800000135,10.109311636264607,10.475239782378956,-2.147793340278993,0.5329033070121235,"{""type"":""MultiPoint"",""coordinates"":[]}",2015-10-30 15:33:19.870000+00:00,LE07_013030_20151030,11.236,0.0,1.5,0.0,11.236,4.0,,,,,,,,,,,,,,,,,11.236,11.236,0.0,4.0,,,,,,,,,,,,,,,,
96,1_2_1_LE07_013030_20160525,13169,12.0,1464190521332.0,1.0129819,76.72006990969997,140.43989064,63.39375297,0.3008956900064268,29.185795220000045,15.503962250438748,15.736165995113629,9.515090120000025,13.698984454529564,16.929120830122518,0.2559544512458306,2.453548394914504,"{""type"":""MultiPoint"",""coordinates"":[]}",2016-05-25 15:35:21.332000+00:00,LE07_013030_20160525,15.29,0.024494897427831987,1.5,0.0,15.28,6.0,,,,,,,,,,,,,,,,,15.28,15.29,0.024494897427832056,6.0,,,,,,,,,,,,,,,,
97,1_2_1_LE07_013030_20160626,12312,4.0,1466955327585.0,1.0165427,71.7273521701136,135.13090893,64.55780621,0.5352479123077591,22.534328300000027,12.81874469748692,12.724993813064351,8.154718160000016,11.43796070251939,13.671286719153454,0.7425098307108268,2.05553017021386,"{""type"":""MultiPoint"",""coordinates"":[]}",2016-06-26 15:35:27.585000+00:00,LE07_013030_20160626,22.275,1.1361840897118236,1.4875,0.03535533905932741,22.735,8.0,,,,,19.86,19.86,,1.0,21.48,21.48,,1.0,,,,,22.895,22.810000000000002,0.41347309465066506,6.0,,,,,,,,,,,,,,,,
98,1_2_1_LE07_013030_20160712,15422,6.0,1468337726605.0,1.0165557,89.845616079231,135.8092909,62.97865885,9.964372645231446,32.562798980000025,23.26808244734532,23.05041214180949,21.785781919999977,22.642776570373183,23.462048637399956,2.63985368630264,1.0119531936057158,"{""type"":""MultiPoint"",""coordinates"":[]}",2016-07-12 15:35:26.605000+00:00,LE07_013030_20160712,22.21875,0.7709259275146255,1.4875,0.03535533905932741,22.58,8.0,,,,,20.83,20.83,,1.0,21.14,21.14,,1.0,,,,,22.63,22.63,0.10315037566582191,6.0,,,,,,,,,,,,,,,,
99,1_2_1_LE07_013030_20160829,10918,21.0,1472484934561.0,1.0097582,63.60617535683076,148.94913886,52.16272494,10.718031226569131,31.16482880000001,24.28003950296769,24.301948555848977,21.789199940000003,23.88771795213244,24.72478227762389,2.385289119057104,0.7599200990808941,"{""type"":""MultiPoint"",""coordinates"":[]}",2016-08-29 15:35:34.561000+00:00,LE07_013030_20160829,23.5325,0.4112263888141684,1.4875,0.03535533905932741,23.73,8.0,,,,,22.66,22.66,,1.0,23.14,23.14,,1.0,,,,,23.744999999999997,23.74333333333333,0.01861898672502171,6.0,,,,,,,,,,,,,,,,
100,1_2_1_LE07_013030_20160914,11279,73.0,1473867336298.0,1.0057406,65.70929216428779,154.10804203,47.03652514,3.422934433281637,24.61248446000002,20.006880488868976,20.22056706991711,15.376994420000017,19.68943051135832,20.74192504862389,-0.9677707424222578,0.9743724637290488,"{""type"":""MultiPoint"",""coordinates"":[]}",2016-09-14 15:35:36.298000+00:00,LE07_013030_20160914,21.80125,0.21702123003456222,1.4875,0.03535533905932741,21.895,8.0,,,,,21.66,21.66,,1.0,21.31,21.31,,1.0,,,,,21.905,21.906666666666666,0.01861898672502365,6.0,,,,,,,,,,,,,,,,
101,1_2_1_LE07_013030_20170715,5508,55.0,1500132933389.0,1.0164352,32.08855228662977,136.15875088,62.58043528,6.498640269452265,28.519281320000005,21.80707428179783,21.67214205224605,19.276955240000007,21.19795357067053,22.14677342604404,1.5674461398546262,0.8687138894980275,"{""type"":""MultiPoint"",""coordinates"":[]}",2017-07-15 15:35:33.389000+00:00,LE07_013030_20170715,21.79111111111111,0.7943306056744331,1.488888888888889,0.03333333333333336,22.24,9.0,21.14,21.14,,1.0,20.02,20.02,,1.0,21.48,21.48,,1.0,,,,,22.290000000000003,22.246666666666666,0.17025471114382607,6.0,,,,,,,,,,,,,,,,
102,1_2_1_LE07_013030_20170731,14966,3.0,1501515332090.0,1.0150403,87.1890474803379,139.58562656,59.70322169,12.983168508132172,35.53305836000004,22.82704136335535,22.867969031143275,21.173956340000014,22.45845085434705,22.893372583799472,2.796350985808039,0.9344056967980024,"{""type"":""MultiPoint"",""coordinates"":[]}",2017-07-31 15:35:32.090000+00:00,LE07_013030_20170731,22.452222222222222,0.48378140150737986,1.488888888888889,0.03333333333333336,22.74,9.0,21.97,21.97,,1.0,21.83,21.83,,1.0,21.65,21.65,,1.0,,,,,22.775,22.77,0.025298221281347354,6.0,,,,,,,,,,,,,,,,
103,1_2_1_LE07_013030_20170901,4559,21.0,1504280130481.0,1.0091146,26.559860180600054,149.82034806,51.30168087,6.19564038207851,22.213034419999985,19.295954211587368,19.571747710613742,13.168953500000043,19.23281082196721,19.571747710613742,-1.827542731825671,0.8103742375025706,"{""type"":""MultiPoint"",""coordinates"":[]}",2017-09-01 15:35:30.481000+00:00,LE07_013030_20170901,20.176666666666662,0.2570505786805393,1.488888888888889,0.03333333333333336,20.34,9.0,20.0,20.0,,1.0,19.86,19.86,,1.0,19.69,19.69,,1.0,,,,,20.34,20.34,0.0063245553203355,6.0,,,,,,,,,,,,,,,,
104,1_2_1_LE07_013030_20170917,15215,8.0,1505662528075.0,1.004999,88.63967375473348,154.88249609,46.08854595,8.909169437180138,29.07983660000002,21.774675515403256,21.559358205406596,19.76231408000001,21.559358205406596,22.013609068596352,1.7101745560612025,0.6902522825787945,"{""type"":""MultiPoint"",""coordinates"":[]}",2017-09-17 15:35:28.075000+00:00,LE07_013030_20170917,20.757777777777775,0.22179820658527558,1.488888888888889,0.03333333333333336,20.830000000000005,9.0,20.48,20.48,,1.0,20.67,20.67,,1.0,20.33,20.33,,1.0,,,,,20.895,20.89,0.06449806198638738,6.0,,,,,,,,,,,,,,,,
105,1_2_1_LE07_013030_20171003,12755,4.0,1507044929573.0,1.0004927,74.30818526070492,159.09341814,40.51219885,10.347834219913024,22.052387479999997,17.86649615947516,17.884557970794283,14.727570620000051,17.510232724589887,18.26405119216114,1.6168141193586365,0.4363229950008842,"{""type"":""MultiPoint"",""coordinates"":[]}",2017-10-03 15:35:29.573000+00:00,LE07_013030_20171003,18.606666666666666,0.07174027227901175,1.5,0.0,18.615000000000002,6.0,,,,,,,,,,,,,,,,,18.615000000000002,18.606666666666666,0.07174027227901231,6.0,,,,,,,,,,,,,,,,
107,1_2_1_LE07_013030_20171104,11926,54.0,1509809731414.0,0.9916552,69.47859015438392,163.87946937,29.76898669,0.8478675689063593,9.255320600000005,6.210708489800625,6.15269652628184,1.0178924000000509,5.689196461085568,6.832948882110014,-0.3867250837906764,1.0323555142675225,"{""type"":""MultiPoint"",""coordinates"":[]}",2017-11-04 15:35:31.414000+00:00,LE07_013030_20171104,13.0,0.0,1.5,0.0,13.0,4.0,,,,,,,,,,,,,,,,,13.0,13.0,0.0,4.0,,,,,,,,,,,,,,,,
108,1_2_1_LE07_013030_20180531,14781,32.0,1527780771477.0,1.0139012,86.1112729391203,137.93598512,63.7309947,0.6553492938784129,23.781905600000016,13.360754427450033,13.785384802213212,3.49595690000001,12.151190325766809,15.063517404587024,-0.4527364940333455,2.6497712830308653,"{""type"":""MultiPoint"",""coordinates"":[]}",2018-05-31 15:32:51.477000+00:00,LE07_013030_20180531,16.59,0.341935666463737,0.45,0.30983866769659335,16.39,6.0,,,,,,,,,,,,,,,,,16.39,16.59,0.3419356664637372,6.0,,,,,,,,,,,,,,,,
109,1_2_1_LE07_013030_20180702,11303,15.0,1530545535711.0,1.0166839,65.84911156422953,133.61339619,63.7110563,6.67489558021536,31.674113780000027,23.476715696427934,23.0817633716865,21.026981480000018,23.0817633716865,23.590649374259137,2.1122459425211195,1.1553716732747383,"{""type"":""MultiPoint"",""coordinates"":[]}",2018-07-02 15:32:15.711000+00:00,LE07_013030_20180702,23.654583333333335,0.24817558942894746,0.1875,0.21174738846497995,23.68,24.0,,,,,,,,,,,,,,,,,23.450000000000003,23.578333333333333,0.26865715450489386,6.0,,,,,23.97,23.97,0.0,6.0,23.68,23.679999999999996,0.0,6.0,23.39,23.39,0.0,6.0
110,1_2_1_LE07_013030_20180718,15161,2.0,1531927917797.0,1.0162793,88.32508010486455,135.09932315,61.68721521,0.2933532033291568,29.117434820000028,24.5101338655767,24.43979461273879,21.669569239999987,23.93886387437314,24.93165597777212,0.5226081175190259,0.7718655325216488,"{""type"":""MultiPoint"",""coordinates"":[]}",2018-07-18 15:31:57.797000+00:00,LE07_013030_20180718,24.508750000000003,0.5194253723022247,0.1875,0.21174738846497995,24.645,24.0,,,,,,,,,,,,,,,,,24.229999999999997,24.256666666666664,0.07527726527090679,6.0,,,,,25.03,25.045,0.03674234614174863,6.0,24.93,24.929999999999996,0.0,6.0,23.77,23.80333333333333,0.051639777949433,6.0
111,1_2_1_LE07_013030_20180819,14641,19.0,1534692682672.0,1.0120151,85.29565977279347,143.7430742,54.70633965,16.97695278209221,28.567133600000037,23.3293811986272,23.398912089916102,21.20813654000005,23.041110154065123,23.398912089916102,2.8643217760776074,0.4533765017569707,"{""type"":""MultiPoint"",""coordinates"":[]}",2018-08-19 15:31:22.672000+00:00,LE07_013030_20180819,23.95875,0.17592766547152502,0.5125000000000001,0.35821113521400244,23.87,24.0,,,,,,,,,,,,,,,,,23.85,23.87833333333333,0.05307227776030132,6.0,,,,,23.87,23.83666666666667,0.051639777949432614,6.0,24.25,24.25,0.0,6.0,23.87,23.87,0.0,6.0
112,1_2_1_LE07_013030_20180904,7009,24.0,1536075062812.0,1.0084507,40.83309059131955,149.0863873,50.0208082,4.600153391885904,28.97387798,22.80855675636087,22.587865953671976,20.63390918000005,22.11365605386571,23.05778048097912,1.3602699625129555,0.8081208842590026,"{""type"":""MultiPoint"",""coordinates"":[]}",2018-09-04 15:31:02.812000+00:00,LE07_013030_20180904,23.745833333333334,0.19192201012654705,0.2875,0.24058352974093777,23.77,24.0,,,,,,,,,,,,,,,,,23.5,23.66333333333333,0.25935818218569096,6.0,,,,,23.97,23.97,0.0,6.0,23.77,23.77,0.0,6.0,23.58,23.58,0.0,6.0
113,1_2_1_LE07_013030_20181022,13721,45.0,1540222195725.0,0.9951671,79.93591610836003,160.95405142,33.68153256,7.388832271445038,13.086921019999975,10.44710610973068,10.525074344576522,4.996467680000023,10.180004894601224,10.858189240428306,-2.177324034854746,0.6420674225529469,"{""type"":""MultiPoint"",""coordinates"":[]}",2018-10-22 15:29:55.725000+00:00,LE07_013030_20181022,11.254999999999999,0.009999999999999787,1.5,0.0,11.26,4.0,,,,,,,,,,,,,,,,,11.26,11.254999999999999,0.00999999999999954,4.0,,,,,,,,,,,,,,,,
114,1_2_1_LE07_013030_20181107,6613,30.0,1541604574934.0,0.9909771,38.52607049228081,162.48680647,28.64553661,9.836986626639913,12.365718800000025,8.076978887950952,7.979526801751465,4.5213628999999855,7.979526801751465,8.357638696568284,1.789849960888125,0.5452428763150841,"{""type"":""MultiPoint"",""coordinates"":[]}",2018-11-07 15:29:34.934000+00:00,LE07_013030_20181107,8.274999999999999,0.019148542155127127,1.5,0.0,8.27,4.0,,,,,,,,,,,,,,,,,8.27,8.275,0.019148542155127745,4.0,,,,,,,,,,,,,,,,
115,1_2_1_LE07_013030_20190518,14743,5.0,1558193009855.0,1.0114827,85.88989222254588,137.12954709,60.68392321,4.057747722898244,21.690077360000032,10.753909714926577,10.25911078585713,8.711855420000006,9.85471942721072,11.437689660954671,1.6461929460342637,1.486146659322355,"{""type"":""MultiPoint"",""coordinates"":[]}",2019-05-18 15:23:29.855000+00:00,LE07_013030_20190518,9.275,0.0378593889720018,1.5,0.0,9.29,4.0,,,,,,,,,,,,,,,,,9.29,9.275,0.037859388972001605,4.0,,,,,,,,,,,,,,,,
116,1_2_1_LE07_013030_20190603,14776,20.0,1559575375492.0,1.014316,86.08214389746577,132.9852241,62.6770968,3.364337425621132,22.794097820000047,15.119288937461896,15.01782644173205,13.27491212000001,14.315109637542765,15.55907662701879,1.4734520322899407,1.0031543506199372,"{""type"":""MultiPoint"",""coordinates"":[]}",2019-06-03 15:22:55.492000+00:00,LE07_013030_20190603,14.488333333333335,0.011690451944499872,1.5,0.0,14.49,6.0,,,,,,,,,,,,,,,,,14.49,14.488333333333335,0.011690451944499632,6.0,,,,,,,,,,,,,,,,
117,1_2_1_LE07_013030_20190705,14844,6.0,1562340104531.0,1.0167008,86.47829886396737,129.3490062,61.97603131,3.0045022361711045,35.46811597999999,24.723653104509317,24.955104683131736,19.47178238000004,24.49703857500286,25.39867861006268,0.5062603827713965,1.620128582354953,"{""type"":""MultiPoint"",""coordinates"":[]}",2019-07-05 15:21:44.531000+00:00,LE07_013030_20190705,24.598333333333333,0.12480651692386285,1.5,0.0,24.615000000000002,6.0,,,,,,,,,,,,,,,,,24.615000000000002,24.598333333333333,0.12480651692386167,6.0,,,,,,,,,,,,,,,,
118,1_2_1_LE07_013030_20190806,14181,12.0,1565104827959.0,1.014301,82.61578794057675,135.24104759,56.61412127,14.912560670151173,31.38358208,23.806318252922814,23.942282837152614,22.387353440000027,23.562240158717284,23.942282837152614,2.9791855362546915,0.6583909764566034,"{""type"":""MultiPoint"",""coordinates"":[]}",2019-08-06 15:20:27.959000+00:00,LE07_013030_20190806,25.36333333333333,0.12274635093014673,1.5,0.0,25.395,6.0,,,,,,,,,,,,,,,,,25.395,25.363333333333333,0.12274635093014848,6.0,,,,,,,,,,,,,,,,
119,1_2_1_LE07_013030_20190822,9119,61.0,1566487187761.0,1.0114615,53.12554616953102,140.40007468,52.6495023,5.490916965200695,31.40409020000004,25.73784048531753,25.94514349388518,24.181813939999984,25.35771610529564,25.94514349388518,1.4858516574423324,0.7169199909129779,"{""type"":""MultiPoint"",""coordinates"":[]}",2019-08-22 15:19:47.761000+00:00,LE07_013030_20190822,24.130000000000006,0.05549774770204576,1.5,0.0,24.115000000000002,6.0,,,,,,,,,,,,,,,,,24.115000000000002,24.13,0.055497747702046164,6.0,,,,,,,,,,,,,,,,
120,1_2_1_LE07_013030_20190907,11941,8.0,1567869546333.0,1.0077679,69.5659772793475,145.82302021,47.98254106,5.823782501334819,24.64324664000003,20.07853156442956,20.087185818256867,17.185127000000023,19.71047140526196,20.470792174582936,0.1997279949244133,0.4729010656055518,"{""type"":""MultiPoint"",""coordinates"":[]}",2019-09-07 15:19:06.333000+00:00,LE07_013030_20190907,20.633333333333336,0.03669695718539474,1.5,0.0,20.635000000000005,6.0,,,,,,,,,,,,,,,,,20.635000000000005,20.633333333333336,0.03669695718539523,6.0,,,,,,,,,,,,,,,,
121,1_2_1_LE07_013030_20191009,14373,63.0,1570634264116.0,0.9989185,83.7343431401107,154.86056528,37.3191507,4.133927866522432,17.393626219999987,14.781294427194542,14.648491524823902,12.516111679999996,14.648491524823902,14.976408983793473,0.0972216894276464,0.3893254997654346,"{""type"":""MultiPoint"",""coordinates"":[]}",2019-10-09 15:17:44.116000+00:00,LE07_013030_20191009,15.538333333333332,0.01329160135825191,1.5,0.0,15.54,6.0,,,,,,,,,,,,,,,,,15.54,15.538333333333334,0.013291601358252364,6.0,,,,,,,,,,,,,,,,
123,1_2_1_LE07_013030_20200520,14632,0.0,1589987163964.0,1.0120347,85.24322749781533,129.64352364,58.80676326,5.82006869387669,24.26726444000002,12.966239216464052,12.841611584535109,10.400357299999996,12.483398421172966,13.5336499311733,1.883667486055126,1.398700590561319,"{""type"":""MultiPoint"",""coordinates"":[]}",2020-05-20 15:06:03.964000+00:00,LE07_013030_20200520,12.123333333333333,0.08914407813571637,1.5,0.0,12.120000000000001,6.0,,,,,,,,,,,,,,,,,12.120000000000001,12.123333333333333,0.08914407813571612,6.0,,,,,,,,,,,,,,,,
124,1_2_1_LE07_013030_20200621,12246,11.0,1592751851160.0,1.016285,71.3428488202738,122.96927887,60.27403909,5.653411323378361,34.76400386,25.197490310126703,25.065565724661333,19.458110300000044,24.56752008014317,25.5623891994966,1.3277440495661712,1.2995049333122162,"{""type"":""MultiPoint"",""coordinates"":[]}",2020-06-21 15:04:11.160000+00:00,LE07_013030_20200621,23.778333333333336,0.1826928205120998,1.5,0.0,23.744999999999997,6.0,,,,,,,,,,,,,,,,,23.744999999999997,23.778333333333336,0.1826928205120998,6.0,,,,,,,,,,,,,,,,
125,1_2_1_LE07_013030_20200824,14076,21.0,1598281213173.0,1.0108827,82.00407806583164,134.72439763,49.49579227,9.331369044018906,30.91873136000004,23.491933224557357,23.67105059390888,22.17201818000001,23.172566044133728,23.67105059390888,2.129755410082774,0.7466154611702382,"{""type"":""MultiPoint"",""coordinates"":[]}",2020-08-24 15:00:13.173000+00:00,LE07_013030_20200824,24.07166666666667,0.03250640962436299,1.5,0.0,24.055,6.0,,,,,,,,,,,,,,,,,24.055,24.07166666666667,0.032506409624361576,6.0,,,,,,,,,,,,,,,,
126,1_2_1_LE07_013030_20200909,14589,39.0,1599663550306.0,1.0070785,84.99271773958637,140.27453906,44.94950325,2.3023425057138844,25.29950647999999,18.29457937379332,18.48063989438096,14.854037360000008,17.689854451452177,18.89439415693705,0.3728362404109754,0.9607854470970392,"{""type"":""MultiPoint"",""coordinates"":[]}",2020-09-09 14:59:10.306000+00:00,LE07_013030_20200909,21.18666666666667,0.026583202716499544,1.5,0.0,21.195,6.0,,,,,,,,,,,,,,,,,21.195,21.186666666666667,0.0265832027164991,6.0,,,,,,,,,,,,,,,,
127,1_2_1_LE07_013030_20200925,14316,7.0,1601045886948.0,1.0027235,83.40227206524905,145.35730653,39.91006948,11.649687091064768,24.53386999999998,17.737097770765317,17.794781222010585,16.347712100000024,17.321392402907097,17.794781222010585,2.5984523994746453,0.6599798198239389,"{""type"":""MultiPoint"",""coordinates"":[]}",2020-09-25 14:58:06.948000+00:00,LE07_013030_20200925,17.123333333333335,0.05046450898073606,1.5,0.0,17.135000000000005,6.0,,,,,,,,,,,,,,,,,17.135000000000005,17.123333333333335,0.05046450898073674,6.0,,,,,,,,,,,,,,,,
128,1_2_1_LE07_013030_20201011,13992,3.0,1602428226072.0,0.9981451,81.51471016603554,149.50651063,34.62749344,6.082079440993004,16.976627780000058,14.211338355195808,14.423842659849678,10.663544839999986,14.090680817124271,14.423842659849678,-1.3705447096782173,0.5034830079714693,"{""type"":""MultiPoint"",""coordinates"":[]}",2020-10-11 14:57:06.072000+00:00,LE07_013030_20201011,14.895000000000001,0.040865633483403795,0.75,0.0,14.89,6.0,,,,,,,,,,,,,,,,,,,,,14.89,14.895000000000001,0.04086563348340387,6.0,,,,,,,,,,,,
129,2_1_LC08_013030_20130930,14828,3.88,1380555286433.0,1.0013445,86.38508593067287,158.19667165,41.54173133,24.63289969377133,23.795577680000008,17.688465347564602,17.681265103811572,15.927295640000011,17.562580462768054,17.812196406446144,3.4084612351771684,0.4499031857929422,"{""type"":""MultiPoint"",""coordinates"":[]}",2013-09-30 15:34:46.433000+00:00,LC08_013030_20130930,16.955,0.06685805860178737,1.0,0.5477225575051661,16.959999999999994,6.0,,,,,,,,,,,,,,,,,16.959999999999994,16.955,0.06685805860178683,6.0,,,,,,,,,,,,,,,,
131,2_1_LC08_013030_20140629,15625,23.38,1404055958509.0,1.0166299,91.02825517040488,133.87596305,64.03352295,1.2691959816989424,32.78155226000001,21.34461028537436,21.68284099357583,11.610336380000035,20.18929988974186,22.69032208613144,-0.461774637132797,2.360376607886512,"{""type"":""MultiPoint"",""coordinates"":[]}",2014-06-29 15:32:38.509000+00:00,LC08_013030_20140629,21.249000000000002,0.668105946355484,1.15,0.45765100725819935,21.53,10.0,22.09,22.09,,1.0,20.02,20.02,,1.0,20.49,20.49,,1.0,20.49,20.49,,1.0,21.53,21.566666666666666,0.09157874571464038,6.0,,,,,,,,,,,,,,,,
132,2_1_LC08_013030_20140901,10568,24.68,1409585579911.0,1.0091627,61.56714244101369,148.85292408,51.16009626,10.433677271756276,28.085192780000057,22.483648874446967,22.308735486282675,21.25940684,22.19288075043909,22.5562746969714,2.9007315019827957,0.7101351736157359,"{""type"":""MultiPoint"",""coordinates"":[]}",2014-09-01 15:32:59.911000+00:00,LC08_013030_20140901,21.744,0.2429540422933249,1.05,0.4813176359397884,21.835,10.0,21.93,21.93,,1.0,21.66,21.66,,1.0,21.31,21.31,,1.0,21.32,21.32,,1.0,21.9,21.87,0.07238784428341564,6.0,,,,,,,,,,,,,,,,
133,2_1_LC08_013030_20140917,11291,15.91,1410967981558.0,1.0050675,65.77920186425867,154.00900596,45.99582689,5.0124156218333,22.32241106000004,18.150758961435987,18.18021443345874,15.247109659999978,17.942043111568744,18.446820355149654,-0.6401797536962186,0.4285575404237423,"{""type"":""MultiPoint"",""coordinates"":[]}",2014-09-17 15:33:01.558000+00:00,LC08_013030_20140917,18.553999999999995,0.3222214559377854,1.05,0.4813176359397884,18.7,10.0,18.49,18.49,,1.0,18.23,18.23,,1.0,18.06,18.06,,1.0,18.07,18.07,,1.0,18.759999999999994,18.781666666666663,0.08495096624916479,6.0,,,,,,,,,,,,,,,,
134,2_1_LC08_013030_20141003,17194,0.02,1412350384481.0,1.0005507,100.16894844159629,158.31998501,40.45809409,22.81172040085852,20.784302060000016,16.662398106606837,16.684366985652282,15.42484669999999,16.56693814447227,16.812451354546784,2.8466665551770536,0.3124968427309889,"{""type"":""MultiPoint"",""coordinates"":[]}",2014-10-03 15:33:04.481000+00:00,LC08_013030_20141003,17.356666666666666,0.10726913193769451,0.8333333333333334,0.5163977794943223,17.345000000000002,6.0,,,,,,,,,,,,,,,,,17.345000000000002,17.356666666666666,0.10726913193769502,6.0,,,,,,,,,,,,,,,,
135,2_1_LC08_013030_20141120,15510,37.92,1416497582885.0,0.9880979,90.35828721235072,163.797951,25.45111419,1.5812001729545058,7.040443640000035,5.108631815676344,5.312580713094172,1.2400637000000074,4.815378655086418,5.564870555246464,-1.2624475154685697,0.7474644421577632,"{""type"":""MultiPoint"",""coordinates"":[]}",2014-11-20 15:33:02.885000+00:00,LC08_013030_20141120,6.933600000000001,0.08565330635117892,1.5,0.0,6.965000000000001,10.0,,,,,,,,,,,,,,,,,6.876500000000001,6.876500000000001,0.11720210464549484,4.0,6.965000000000001,6.971666666666667,0.024832774042918834,6.0,,,,,,,,,,,,
136,2_1_LC08_013030_20150702,12141,38.28,1435851138313.0,1.0166499,70.7311389455287,133.72996396,63.76875145,1.2943919515217557,28.57055162000006,20.843802395621083,21.06980990784643,18.88046492000001,20.06564741720276,21.56206014894004,0.6739857131885394,0.921935654541077,"{""type"":""MultiPoint"",""coordinates"":[]}",2015-07-02 15:32:18.313000+00:00,LC08_013030_20150702,19.823,0.9563013239676197,1.4700000000000002,0.048304589153964836,20.279999999999998,10.0,19.99,19.99,,1.0,17.27,17.27,,1.0,19.52,19.52,,1.0,19.52,19.52,,1.0,20.32,20.321666666666665,0.04308905506815901,6.0,,,,,,,,,,,,,,,,
137,2_1_LC08_013030_20150803,17194,4.47,1438615951019.0,1.0146895,100.16894844159629,139.14819971,58.83560768,7.8690077147203485,36.36021920000002,25.725559445152907,25.432527137714235,24.807311600000048,25.18991554824756,25.80926145829691,2.455509345720852,1.0166648598867658,"{""type"":""MultiPoint"",""coordinates"":[]}",2015-08-03 15:32:31.019000+00:00,LC08_013030_20150803,23.981,0.3355741348793148,1.4700000000000002,0.048304589153964836,24.1,10.0,24.52,24.52,,1.0,23.68,23.68,,1.0,23.32,23.32,,1.0,23.66,23.66,,1.0,24.105000000000004,24.105000000000004,0.005477225575054626,6.0,,,,,,,,,,,,,,,,
138,2_1_LC08_013030_20150819,10076,9.14,1439998358478.0,1.012069,58.70084474220798,144.2445821,54.94710635,12.411877903193394,32.64483145999998,24.715139590042703,24.68624617865696,23.228186359999995,24.43450427767432,25.06178746132028,1.949201716089354,0.5890672699778782,"{""type"":""MultiPoint"",""coordinates"":[]}",2015-08-19 15:32:38.478000+00:00,LC08_013030_20150819,24.9235,0.20312222026069995,1.1416666666666668,0.4756972553924174,24.9405,12.0,25.38,25.38,,1.0,24.72,24.72,,1.0,24.52,24.52,,1.0,25.05,25.05,,1.0,24.9405,24.9265,0.05994521308184998,8.0,,,,,,,,,,,,,,,,
139,2_1_LC08_013030_20151123,17194,1.2,1448292782762.0,0.9874694,100.16894844159629,163.74683602,24.82983673,1.5914247834203508,7.358319499999993,6.240154419491457,6.437072334808018,1.2537357799999995,5.941152237726881,6.94097167704903,-1.3955648723468417,0.9970442909828467,"{""type"":""MultiPoint"",""coordinates"":[]}",2015-11-23 15:33:02.762000+00:00,LC08_013030_20151123,8.282,0.0,1.5,0.0,8.282,4.0,,,,,,,,,,,,,,,,,8.282,8.282,0.0,4.0,,,,,,,,,,,,,,,,
140,2_1_LC08_013030_20160618,17194,1.39,1466263956899.0,1.0160777,100.16894844159629,134.57008546,64.50011369,6.259097391994118,33.51642656000001,20.861573105529008,20.55801488800563,18.94198928000003,20.31487115716409,21.183799999443657,2.07818965012829,1.293790543598923,"{""type"":""MultiPoint"",""coordinates"":[]}",2016-06-18 15:32:36.899000+00:00,LC08_013030_20160618,18.92,0.7190469883314806,1.4875,0.03535533905932741,19.105000000000004,8.0,,,,,19.04,19.04,,1.0,17.419999999999998,17.419999999999998,,1.0,,,,,19.240000000000002,19.150000000000002,0.4554997255762066,6.0,,,,,,,,,,,,,,,,
141,2_1_LC08_013030_20160704,17194,0.37,1467646366324.0,1.0167509,100.16894844159629,134.01464955,63.57486272,6.768590553061596,34.46663612000003,22.648674027854405,22.307983236884382,21.649061120000056,22.06407132198811,23.065020427097476,2.1754329964568924,1.0600659359894695,"{""type"":""MultiPoint"",""coordinates"":[]}",2016-07-04 15:32:46.324000+00:00,LC08_013030_20160704,21.6325,0.45593702572676836,1.4875,0.03535533905932741,21.835,8.0,,,,,20.99,20.99,,1.0,20.82,20.82,,1.0,,,,,21.865000000000002,21.875,0.07661592523751207,6.0,,,,,,,,,,,,,,,,
142,2_1_LC08_013030_20160720,16875,10.86,1469028772539.0,1.0160836,98.31051558403728,136.03628261,61.43123596,5.360965388875364,30.81960878000001,23.88792482533701,23.69326920583563,22.58218058,23.565171835909734,24.064579596684123,1.7802895574312123,0.6519027250115486,"{""type"":""MultiPoint"",""coordinates"":[]}",2016-07-20 15:32:52.539000+00:00,LC08_013030_20160720,23.16875,0.27889770270016234,1.4875,0.03535533905932741,23.264999999999997,8.0,,,,,22.83,22.83,,1.0,22.64,22.64,,1.0,,,,,23.295,23.313333333333333,0.07033254343948223,6.0,,,,,,,,,,,,,,,,
143,2_1_LC08_013030_20160805,8015,6.44,1470411175320.0,1.014357,46.69385377221089,140.11159294,58.27156628,-0.0096325245159123,26.646206360000008,19.334948204436564,20.436956875826517,9.562942399999995,17.681337634811594,21.44109733367494,-0.9560056211121772,3.232216456926658,"{""type"":""MultiPoint"",""coordinates"":[]}",2016-08-05 15:32:55.320000+00:00,LC08_013030_20160805,24.26625,0.4932382067231091,1.4875,0.03535533905932741,24.46,8.0,,,,,23.68,23.68,,1.0,23.32,23.32,,1.0,,,,,24.494999999999997,24.521666666666665,0.12040210407906708,6.0,,,,,,,,,,,,,,,,
144,2_1_LC08_013030_20160922,17194,0.01,1474558387849.0,1.0035061,100.16894844159629,155.64857824,44.12501793,19.35315772169368,28.96704194000006,22.29355313692807,22.18123029089359,21.67982330000001,22.071124125501317,22.431961766409817,3.577275121950053,0.5262582991251756,"{""type"":""MultiPoint"",""coordinates"":[]}",2016-09-22 15:33:07.849000+00:00,LC08_013030_20160922,21.50625,0.4431361448326505,1.4875,0.03535533905932741,21.660000000000004,8.0,,,,,21.33,21.33,,1.0,20.49,20.49,,1.0,,,,,21.71,21.705000000000002,0.12144957801491008,6.0,,,,,,,,,,,,,,,,
145,2_1_LC08_013030_20161024,9740,22.58,1477323194718.0,0.9944494,56.74337314302359,162.28449524,33.0642366,2.186046248935728,14.187523460000024,12.116298415961442,12.316954809606738,8.56146253999998,11.815052510791292,12.5608594562184,-1.318075523539832,0.66551527034977,"{""type"":""MultiPoint"",""coordinates"":[]}",2016-10-24 15:33:14.718000+00:00,LC08_013030_20161024,13.426599999999999,0.4058714082070825,1.5,0.0,13.17,10.0,,,,,,,,,,,,,,,,,13.894,13.894,0.05542562584220412,4.0,13.11,13.115,0.05822370651203901,6.0,,,,,,,,,,,,
146,2_1_LC08_013030_20170504,14817,20.2,1493911931387.0,1.0084302,86.32100203903292,144.08742426,58.70404718,2.803783744825997,15.09329876000004,6.48541072869407,6.55891762131887,-4.584242379999978,5.688898110349209,7.435959754456134,-0.5066741489998262,1.920444535979016,"{""type"":""MultiPoint"",""coordinates"":[]}",2017-05-04 15:32:11.387000+00:00,LC08_013030_20170504,8.183333333333332,0.35483329419132326,1.5,0.0,8.3,6.0,,,,,,,,,,,,,,,,,,,,,8.3,8.183333333333334,0.3548332941913232,6.0,,,,,,,,,,,,
148,2_1_LC08_013030_20170621,13049,38.01,1498059158099.0,1.0162964,76.02097290999126,134.26765186,64.43097667,3.2447865261423914,29.97193981999999,21.781376472594804,21.433048621932365,19.348733659999997,21.18724302822408,22.4423039993318,1.4588917578393388,0.936207511322793,"{""type"":""MultiPoint"",""coordinates"":[]}",2017-06-21 15:32:38.099000+00:00,LC08_013030_20170621,20.171111111111113,1.3058564665043055,1.488888888888889,0.03333333333333336,20.57,9.0,21.31,21.31,,1.0,16.8,16.8,,1.0,20.01,20.01,,1.0,,,,,20.57,20.57,0.0,6.0,,,,,,,,,,,,,,,,
149,2_1_LC08_013030_20170723,14321,50.68,1500823967646.0,1.0158982,83.43140110690358,136.58370464,60.94443102,6.58148204240506,31.26395137999998,25.68040959727744,25.56071044090616,23.173498040000027,25.44050967900252,25.81175716159216,1.857088348025808,0.611578741494333,"{""type"":""MultiPoint"",""coordinates"":[]}",2017-07-23 15:32:47.646000+00:00,LC08_013030_20170723,24.141111111111115,0.4589238619979478,1.488888888888889,0.03333333333333336,24.110000000000007,9.0,24.87,24.87,,1.0,24.55,24.55,,1.0,23.15,23.15,,1.0,,,,,24.110000000000007,24.116666666666674,0.01032795558988783,6.0,,,,,,,,,,,,,,,,
150,2_1_LC08_013030_20170824,4889,22.47,1503588778898.0,1.010927,28.48237692979901,146.22676986,53.44886176,10.596618187986095,27.58616186000006,21.64690276630652,21.68412950119282,19.41709406000001,21.313946338981197,22.06879627815755,0.8948468019984772,0.5372829600104484,"{""type"":""MultiPoint"",""coordinates"":[]}",2017-08-24 15:32:58.898000+00:00,LC08_013030_20170824,22.376666666666665,0.3855191305240246,1.488888888888889,0.03333333333333336,22.55,9.0,22.64,22.64,,1.0,22.0,22.0,,1.0,21.48,21.48,,1.0,,,,,22.55,22.545,0.02738612787525768,6.0,,,,,,,,,,,,,,,,
151,2_1_LC08_013030_20170925,17109,3.35,1506353585620.0,1.0027526,99.67375473346928,156.37240745,43.16117086,6.691618404719248,30.371848160000013,24.64403272950433,24.565405692119946,22.749663560000045,24.312160924993197,24.934670236356755,1.7180541880114135,0.759449359246084,"{""type"":""MultiPoint"",""coordinates"":[]}",2017-09-25 15:33:05.620000+00:00,LC08_013030_20170925,21.326666666666668,0.29770231216211357,1.5,0.0,21.32,6.0,,,,,,,,,,,,,,,,,21.32,21.326666666666668,0.2977023121621154,6.0,,,,,,,,,,,,,,,,
153,2_1_LC08_013030_20171112,17194,28.47,1510500789357.0,0.9897209,100.16894844159629,163.71901035,27.38811643,1.5859382872374308,9.19721426000001,8.037055192224594,8.313067006035784,3.1370648000000187,7.688639520171427,8.691593280434779,-1.367850615978013,0.9800503200913968,"{""type"":""MultiPoint"",""coordinates"":[]}",2017-11-12 15:33:09.357000+00:00,LC08_013030_20171112,10.18,0.0,1.5,0.0,10.18,4.0,,,,,,,,,,,,,,,,,10.18,10.18,0.0,4.0,,,,,,,,,,,,,,,,
154,2_1_LC08_013030_20171128,16558,49.63,1511883182865.0,0.9864813,96.4637343431401,163.57854245,23.72063951,1.6820942815308193,3.369490160000055,1.420894778334823,1.5637934732542202,-3.415279539999972,1.0640003089195955,2.064285259480322,-1.1781273641313912,0.8889803819889404,"{""type"":""MultiPoint"",""coordinates"":[]}",2017-11-28 15:33:02.865000+00:00,LC08_013030_20171128,6.14,0.0,1.5,0.0,6.14,4.0,,,,,,,,,,,,,,,,,6.14,6.14,0.0,4.0,,,,,,,,,,,,,,,,
155,2_1_LC08_013030_20180523,17194,0.29,1527089508135.0,1.0125102,100.16894844159629,139.42024726,62.59185055,3.609613864028306,26.946992120000004,15.776044042483973,15.563421030308804,14.242211780000048,14.8174758512035,16.18173047436469,1.7723701311534916,1.5112796885620456,"{""type"":""MultiPoint"",""coordinates"":[]}",2018-05-23 15:31:48.135000+00:00,LC08_013030_20180523,13.986666666666666,0.086216781042517,0.85,0.0,13.97,3.0,,,,,,,,,,,,,,,,,13.97,13.986666666666666,0.08621678104251612,3.0,,,,,,,,,,,,,,,,
156,2_1_LC08_013030_20180710,13755,24.33,1531236721766.0,1.016655,80.13399359161085,134.11927854,62.86432354,4.82343590515199,36.12437582000001,25.12949169084808,24.931667016854608,18.60018728,24.56370539898431,25.685884153041307,1.0116479356389665,1.346185045064231,"{""type"":""MultiPoint"",""coordinates"":[]}",2018-07-10 15:32:01.766000+00:00,LC08_013030_20180710,24.38041666666666,0.5763941825029021,0.1875,0.21174738846497995,24.25,24.0,,,,,,,,,,,,,,,,,23.85,23.965,0.20608250774871625,6.0,,,,,24.25,24.266666666666666,0.040824829046387734,6.0,25.32,25.320000000000004,0.0,6.0,23.97,23.97,0.0,6.0
157,2_1_LC08_013030_20180827,6082,24.93,1535383945308.0,1.0102946,35.432566268569765,146.97596312,52.60094779,8.487193560677882,27.698956520000024,23.37413233180233,23.312223462316886,22.274558780000007,23.065268053278007,23.4295317874232,2.612986371120698,0.6584578495410609,"{""type"":""MultiPoint"",""coordinates"":[]}",2018-08-27 15:32:25.308000+00:00,LC08_013030_20180827,23.49625,0.548062298109162,0.5125000000000001,0.35821113521400244,23.735,24.0,,,,,,,,,,,,,,,,,23.130000000000003,23.290000000000003,0.2606913884270048,6.0,,,,,23.77,23.77,0.0,6.0,24.16,24.16,0.0,6.0,22.765,22.765,0.0492950301754644,6.0
158,2_1_LC08_013030_20181014,17110,11.47,1539531163859.0,0.9974157,99.67958054180018,160.51838499,36.58507033,5.436593807028746,15.376994420000017,13.570419696664397,14.067241617417416,5.403212059999987,13.1878925178205,14.436733594516674,-2.1547908484254608,1.3695753299774711,"{""type"":""MultiPoint"",""coordinates"":[]}",2018-10-14 15:32:43.859000+00:00,LC08_013030_20181014,15.283333333333331,0.01527525231652011,0.85,0.0,15.28,3.0,,,,,,,,,,,,,,,,,15.28,15.283333333333333,0.015275252316520207,3.0,,,,,,,,,,,,,,,,
159,2_1_LC08_013030_20190526,8393,33.12,1558884754573.0,1.0130392,48.89600932129333,139.13906051,63.09598096,2.7092407880781737,26.25313405999998,15.159846662163853,14.687533454782622,12.669922580000048,13.933079692093033,15.689225344817304,1.6770951970025874,2.2030581088281367,"{""type"":""MultiPoint"",""coordinates"":[]}",2019-05-26 15:32:34.573000+00:00,LC08_013030_20190526,12.365,0.03507135583349987,1.5,0.0,12.365000000000002,6.0,,,,,,,,,,,,,,,,,12.365000000000002,12.365000000000002,0.03507135583350055,6.0,,,,,,,,,,,,,,,,
160,2_1_LC08_013030_20190627,10824,31.28,1561649567056.0,1.0165905,63.0585493737256,133.9596474,64.19120022,3.1975956731439794,32.17314470000002,22.71633692280879,22.684544360131746,17.12360264000006,22.18791803206656,23.313751030027262,0.3820144585324001,1.51472268427999,"{""type"":""MultiPoint"",""coordinates"":[]}",2019-06-27 15:32:47.056000+00:00,LC08_013030_20190627,21.820000000000004,0.20435263639111684,1.5,0.0,21.78,6.0,,,,,,,,,,,,,,,,,21.78,21.820000000000004,0.20435263639111764,6.0,,,,,,,,,,,,,,,,
161,2_1_LC08_013030_20190713,5985,26.46,1563031970218.0,1.016552,34.867462860471896,134.75528932,62.60385571,14.49144148752614,31.711712000000038,24.834457493885186,24.813490630632305,23.477701819999997,24.5680225614619,24.93324195055562,2.916833767032109,0.6464427253821966,"{""type"":""MultiPoint"",""coordinates"":[]}",2019-07-13 15:32:50.218000+00:00,LC08_013030_20190713,24.92,0.13740451229854167,1.5,0.0,24.935000000000002,6.0,,,,,,,,,,,,,,,,,24.935000000000002,24.92,0.13740451229854128,6.0,,,,,,,,,,,,,,,,
162,2_1_LC08_013030_20190729,12386,15.71,1564414375848.0,1.0153943,72.15846198660064,137.95031611,59.91697256,10.066756591181525,32.88751088000004,25.712314867831083,25.562727910722465,24.274100480000016,25.32055127752891,25.80693635400775,2.585018892677147,0.7456744323480514,"{""type"":""MultiPoint"",""coordinates"":[]}",2019-07-29 15:32:55.848000+00:00,LC08_013030_20190729,25.851666666666674,0.1692828008589934,1.5,0.0,25.870000000000005,6.0,,,,,,,,,,,,,,,,,25.870000000000005,25.85166666666667,0.16928280085899405,6.0,,,,,,,,,,,,,,,,
163,2_1_LC08_013030_20190814,8850,33.61,1565796781618.0,1.0130034,51.55840372851733,142.73684021,56.28906615,1.481242617274174,32.908019000000024,23.637663341515367,24.32039619927106,15.29154391999998,22.434833007794065,24.680474485048613,-0.3437456913801151,1.7266939686809597,"{""type"":""MultiPoint"",""coordinates"":[]}",2019-08-14 15:33:01.618000+00:00,LC08_013030_20190814,23.646666666666665,0.14306175822583353,1.5,0.0,23.625,6.0,,,,,,,,,,,,,,,,,23.625,23.646666666666665,0.1430617582258339,6.0,,,,,,,,,,,,,,,,
164,2_1_LC08_013030_20190830,14888,42.99,1567179185436.0,1.0097658,86.73463443052724,148.16000071,51.8490072,19.7959353519322,29.77027664000002,22.48472432097968,22.43451928879641,21.341439320000006,22.314058173020666,22.55706542872642,3.5831467772102807,0.5765675106999834,"{""type"":""MultiPoint"",""coordinates"":[]}",2019-08-30 15:33:05.436000+00:00,LC08_013030_20190830,22.810000000000002,0.032863353450313375,1.5,0.0,22.815000000000005,6.0,,,,,,,,,,,,,,,,,22.815000000000005,22.810000000000002,0.032863353450312056,6.0,,,,,,,,,,,,,,,,
165,2_1_LC08_013030_20190915,12501,15.63,1568561590368.0,1.0056728,72.82842994465481,153.39389515,46.75536879,26.496140419631896,24.732115160000035,18.36146925906092,18.311708080305497,16.41949052000001,18.19465318544737,18.43469903584912,3.5587143796241643,0.4638816968028429,"{""type"":""MultiPoint"",""coordinates"":[]}",2019-09-15 15:33:10.368000+00:00,LC08_013030_20190915,19.166666666666668,0.020655911179771877,1.5,0.0,19.165,6.0,,,,,,,,,,,,,,,,,19.165,19.166666666666668,0.02065591117977209,6.0,,,,,,,,,,,,,,,,
166,2_1_LC08_013030_20191102,17194,1.41,1572708796982.0,0.9922924,100.16894844159629,163.17651547,30.42773039,3.088934411566491,11.70262292000001,10.020997203917585,10.186880141398452,6.322659440000052,9.944076667074311,10.30757172213472,-1.6970838252235876,0.6139585731787907,"{""type"":""MultiPoint"",""coordinates"":[]}",2019-11-02 15:33:16.982000+00:00,LC08_013030_20191102,12.01,0.04195235392680576,1.5,0.0,12.004999999999999,6.0,,,,,,,,,,,,,,,,,12.004999999999999,12.01,0.04195235392680566,6.0,,,,,,,,,,,,,,,,
167,2_1_LC08_013030_20200715,5807,67.71,1594827166161.0,1.0164583,33.83046897757064,135.10824417,62.20153096,10.864475248122876,29.725842380000017,25.226233112678013,25.31410032150048,22.240378580000023,25.063880959229422,25.428252943131632,1.7515345554737811,0.5406264640473047,"{""type"":""MultiPoint"",""coordinates"":[]}",2020-07-15 15:32:46.161000+00:00,LC08_013030_20200715,24.890000000000004,0.17076299364909306,1.5,0.0,24.870000000000005,6.0,,,,,,,,,,,,,,,,,24.870000000000005,24.89,0.17076299364909325,6.0,,,,,,,,,,,,,,,,
168,2_1_LC08_013030_20200731,17068,6.71,1596209570485.0,1.0150009,99.43489659190212,138.64445649,59.34214938,23.17615381029924,33.037903760000006,25.65687928971534,25.558357084935437,24.930360319999977,25.444158453114223,25.68159004506116,4.038451234208724,0.579975744940601,"{""type"":""MultiPoint"",""coordinates"":[]}",2020-07-31 15:32:50.485000+00:00,LC08_013030_20200731,25.473333333333333,0.04885352256149711,1.5,0.0,25.479999999999997,6.0,,,,,,,,,,,,,,,,,25.479999999999997,25.473333333333333,0.048853522561498657,6.0,,,,,,,,,,,,,,,,
169,2_1_LC08_013030_20200917,4481,60.95,1600356789206.0,1.0049697,26.105447130789397,154.20373542,45.82093315,-0.4035878699037005,19.372659800000008,14.720615127780713,15.06234046031594,8.14788212000002,13.1834514070734,16.442082143646648,-0.4755351190374542,2.1484359393026518,"{""type"":""MultiPoint"",""coordinates"":[]}",2020-09-17 15:33:09.206000+00:00,LC08_013030_20200917,19.386666666666667,0.0206559111797705,1.5,0.0,19.380000000000003,6.0,,,,,,,,,,,,,,,,,19.380000000000003,19.386666666666667,0.020655911179771502,6.0,,,,,,,,,,,,,,,,
